Año;Trimestre;Valor;Régimen;CPRO;Provincia;Comunidad_Autónoma;CODAUTO
1995;1;;Libre;null;Ceuta y Melilla;Ceuta y Melilla;0
1995;2;;Libre;null;Ceuta y Melilla;Ceuta y Melilla;0
1995;3;;Libre;null;Ceuta y Melilla;Ceuta y Melilla;0
1995;4;;Libre;null;Ceuta y Melilla;Ceuta y Melilla;0
1996;1;;Libre;null;Ceuta y Melilla;Ceuta y Melilla;0
1996;2;;Libre;null;Ceuta y Melilla;Ceuta y Melilla;0
1996;3;;Libre;null;Ceuta y Melilla;Ceuta y Melilla;0
1996;4;;Libre;null;Ceuta y Melilla;Ceuta y Melilla;0
1997;1;;Libre;null;Ceuta y Melilla;Ceuta y Melilla;0
1997;2;;Libre;null;Ceuta y Melilla;Ceuta y Melilla;0
1997;3;;Libre;null;Ceuta y Melilla;Ceuta y Melilla;0
1997;4;;Libre;null;Ceuta y Melilla;Ceuta y Melilla;0
1998;1;;Libre;null;Ceuta y Melilla;Ceuta y Melilla;0
1998;2;;Libre;null;Ceuta y Melilla;Ceuta y Melilla;0
1998;3;;Libre;null;Ceuta y Melilla;Ceuta y Melilla;0
1998;4;;Libre;null;Ceuta y Melilla;Ceuta y Melilla;0
1999;1;;Libre;null;Ceuta y Melilla;Ceuta y Melilla;0
1999;2;;Libre;null;Ceuta y Melilla;Ceuta y Melilla;0
1999;3;;Libre;null;Ceuta y Melilla;Ceuta y Melilla;0
1999;4;;Libre;null;Ceuta y Melilla;Ceuta y Melilla;0
2000;1;;Libre;null;Ceuta y Melilla;Ceuta y Melilla;0
2000;2;;Libre;null;Ceuta y Melilla;Ceuta y Melilla;0
2000;3;;Libre;null;Ceuta y Melilla;Ceuta y Melilla;0
2000;4;;Libre;null;Ceuta y Melilla;Ceuta y Melilla;0
2001;1;;Libre;null;Ceuta y Melilla;Ceuta y Melilla;0
2001;2;;Libre;null;Ceuta y Melilla;Ceuta y Melilla;0
2001;3;;Libre;null;Ceuta y Melilla;Ceuta y Melilla;0
2001;4;;Libre;null;Ceuta y Melilla;Ceuta y Melilla;0
2002;1;;Libre;null;Ceuta y Melilla;Ceuta y Melilla;0
2002;2;;Libre;null;Ceuta y Melilla;Ceuta y Melilla;0
2002;3;;Libre;null;Ceuta y Melilla;Ceuta y Melilla;0
2002;4;;Libre;null;Ceuta y Melilla;Ceuta y Melilla;0
2003;1;;Libre;null;Ceuta y Melilla;Ceuta y Melilla;0
2003;2;;Libre;null;Ceuta y Melilla;Ceuta y Melilla;0
2003;3;;Libre;null;Ceuta y Melilla;Ceuta y Melilla;0
2003;4;;Libre;null;Ceuta y Melilla;Ceuta y Melilla;0
2012;1;;Protegida;47;Valladolid;Castilla y León;7
2012;2;;Protegida;24;León;Castilla y León;7
2012;3;;Protegida;47;Valladolid;Castilla y León;7
2012;3;;Protegida;24;León;Castilla y León;7
2012;4;;Protegida;24;León;Castilla y León;7
2012;1;;Protegida;9;Burgos;Castilla y León;7
2012;2;;Protegida;9;Burgos;Castilla y León;7
2012;3;;Protegida;9;Burgos;Castilla y León;7
2012;4;;Protegida;9;Burgos;Castilla y León;7
2012;1;;Protegida;37;Salamanca;Castilla y León;7
2012;2;;Protegida;37;Salamanca;Castilla y León;7
2012;3;;Protegida;37;Salamanca;Castilla y León;7
2012;4;;Protegida;37;Salamanca;Castilla y León;7
2012;1;;Protegida;49;Zamora;Castilla y León;7
2012;2;;Protegida;49;Zamora;Castilla y León;7
2012;3;;Protegida;49;Zamora;Castilla y León;7
2012;4;;Protegida;49;Zamora;Castilla y León;7
2012;1;;Protegida;34;Palencia;Castilla y León;7
2012;2;;Protegida;34;Palencia;Castilla y León;7
2012;3;;Protegida;34;Palencia;Castilla y León;7
2012;4;;Protegida;34;Palencia;Castilla y León;7
2012;1;;Protegida;5;Ávila;Castilla y León;7
2012;2;;Protegida;5;Ávila;Castilla y León;7
2012;3;;Protegida;5;Ávila;Castilla y León;7
2012;4;;Protegida;5;Ávila;Castilla y León;7
2012;1;;Protegida;40;Segovia;Castilla y León;7
2012;2;;Protegida;40;Segovia;Castilla y León;7
2012;3;;Protegida;40;Segovia;Castilla y León;7
2012;4;;Protegida;40;Segovia;Castilla y León;7
2012;1;;Protegida;42;Soria;Castilla y León;7
2012;2;;Protegida;42;Soria;Castilla y León;7
2012;3;;Protegida;42;Soria;Castilla y León;7
2012;4;;Protegida;42;Soria;Castilla y León;7
2012;3;;Protegida;23;Jaén;Andalucía;1
2012;4;;Protegida;23;Jaén;Andalucía;1
2012;4;;Protegida;14;Córdoba;Andalucía;1
2012;3;;Protegida;29;Málaga;Andalucía;1
2012;2;;Protegida;11;Cádiz;Andalucía;1
2012;4;;Protegida;18;Granada;Andalucía;1
2012;3;;Protegida;21;Huelva;Andalucía;1
2012;4;;Protegida;21;Huelva;Andalucía;1
2012;4;;Protegida;4;Almería;Andalucía;1
2012;4;;Protegida;null;Ceuta y Melilla;Ceuta y Melilla;0
2012;1;;Protegida;44;Teruel;Aragón;2
2012;2;;Protegida;44;Teruel;Aragón;2
2012;3;;Protegida;44;Teruel;Aragón;2
2012;4;;Protegida;44;Teruel;Aragón;2
2012;1;;Protegida;22;Huesca;Aragón;2
2012;2;;Protegida;22;Huesca;Aragón;2
2012;3;;Protegida;22;Huesca;Aragón;2
2012;4;;Protegida;22;Huesca;Aragón;2
2012;2;;Protegida;27;Lugo;Galicia;12
2012;3;;Protegida;27;Lugo;Galicia;12
2012;3;;Protegida;36;Pontevedra;Galicia;12
2012;3;;Protegida;15;Coruña, A;Galicia;12
2012;4;;Protegida;27;Lugo;Galicia;12
2012;4;;Protegida;36;Pontevedra;Galicia;12
2012;1;;Protegida;32;Ourense;Galicia;12
2012;2;;Protegida;32;Ourense;Galicia;12
2012;3;;Protegida;32;Ourense;Galicia;12
2012;4;;Protegida;32;Ourense;Galicia;12
2012;1;;Protegida;19;Guadalajara;Castilla-La Mancha;8
2012;3;;Protegida;19;Guadalajara;Castilla-La Mancha;8
2012;4;;Protegida;19;Guadalajara;Castilla-La Mancha;8
2012;4;;Protegida;45;Toledo;Castilla-La Mancha;8
2012;3;;Protegida;12;Castellón/Castelló;Comunitat Valenciana;10
2012;4;;Protegida;12;Castellón/Castelló;Comunitat Valenciana;10
2012;3;;Protegida;10;Cáceres;Extremadura;11
2012;3;;Protegida;7;Balears, Illes;Balears, Illes;4
2012;4;;Protegida;7;Balears, Illes;Balears, Illes;4
2012;3;;Protegida;35;Palmas, Las;Canarias;5
2012;4;;Protegida;35;Palmas, Las;Canarias;5
2012;2;;Protegida;39;Cantabria;Cantabria;6
2012;3;;Protegida;39;Cantabria;Cantabria;6
2012;1;;Protegida;25;Lleida;Cataluña;9
2012;2;;Protegida;17;Girona;Cataluña;9
2012;2;;Protegida;25;Lleida;Cataluña;9
2012;3;;Protegida;17;Girona;Cataluña;9
2012;3;;Protegida;43;Tarragona;Cataluña;9
2012;3;;Protegida;25;Lleida;Cataluña;9
2012;4;;Protegida;43;Tarragona;Cataluña;9
2012;4;;Protegida;25;Lleida;Cataluña;9
2012;4;;Protegida;17;Girona;Cataluña;9
2013;1;;Protegida;24;León;Castilla y León;7
2013;2;;Protegida;24;León;Castilla y León;7
2013;2;;Protegida;47;Valladolid;Castilla y León;7
2013;3;;Protegida;24;León;Castilla y León;7
2013;4;;Protegida;24;León;Castilla y León;7
2013;1;;Protegida;9;Burgos;Castilla y León;7
2013;2;;Protegida;9;Burgos;Castilla y León;7
2013;3;;Protegida;9;Burgos;Castilla y León;7
2013;4;;Protegida;9;Burgos;Castilla y León;7
2013;1;;Protegida;37;Salamanca;Castilla y León;7
2013;2;;Protegida;37;Salamanca;Castilla y León;7
2013;3;;Protegida;37;Salamanca;Castilla y León;7
2013;4;;Protegida;37;Salamanca;Castilla y León;7
2013;1;;Protegida;49;Zamora;Castilla y León;7
2013;2;;Protegida;49;Zamora;Castilla y León;7
2013;3;;Protegida;49;Zamora;Castilla y León;7
2013;4;;Protegida;49;Zamora;Castilla y León;7
2013;1;;Protegida;34;Palencia;Castilla y León;7
2013;2;;Protegida;34;Palencia;Castilla y León;7
2013;3;;Protegida;34;Palencia;Castilla y León;7
2013;4;;Protegida;34;Palencia;Castilla y León;7
2013;1;;Protegida;5;Ávila;Castilla y León;7
2013;2;;Protegida;5;Ávila;Castilla y León;7
2013;3;;Protegida;5;Ávila;Castilla y León;7
2013;4;;Protegida;5;Ávila;Castilla y León;7
2013;1;;Protegida;40;Segovia;Castilla y León;7
2013;2;;Protegida;40;Segovia;Castilla y León;7
2013;4;;Protegida;40;Segovia;Castilla y León;7
2013;1;;Protegida;42;Soria;Castilla y León;7
2013;2;;Protegida;42;Soria;Castilla y León;7
2013;3;;Protegida;42;Soria;Castilla y León;7
2013;4;;Protegida;42;Soria;Castilla y León;7
2013;3;;Protegida;23;Jaén;Andalucía;1
2013;4;;Protegida;23;Jaén;Andalucía;1
2013;4;;Protegida;18;Granada;Andalucía;1
2013;1;;Protegida;null;Ceuta y Melilla;Ceuta y Melilla;0
2013;2;;Protegida;null;Ceuta y Melilla;Ceuta y Melilla;0
2013;3;;Protegida;null;Ceuta y Melilla;Ceuta y Melilla;0
2013;4;;Protegida;null;Ceuta y Melilla;Ceuta y Melilla;0
2013;1;;Protegida;44;Teruel;Aragón;2
2013;2;;Protegida;44;Teruel;Aragón;2
2013;3;;Protegida;44;Teruel;Aragón;2
2013;4;;Protegida;44;Teruel;Aragón;2
2013;1;;Protegida;22;Huesca;Aragón;2
2013;2;;Protegida;22;Huesca;Aragón;2
2013;3;;Protegida;22;Huesca;Aragón;2
2013;4;;Protegida;22;Huesca;Aragón;2
2013;1;;Protegida;27;Lugo;Galicia;12
2013;2;;Protegida;27;Lugo;Galicia;12
2013;3;;Protegida;36;Pontevedra;Galicia;12
2013;3;;Protegida;27;Lugo;Galicia;12
2013;1;;Protegida;32;Ourense;Galicia;12
2013;2;;Protegida;32;Ourense;Galicia;12
2013;3;;Protegida;32;Ourense;Galicia;12
2013;4;;Protegida;32;Ourense;Galicia;12
2013;2;;Protegida;19;Guadalajara;Castilla-La Mancha;8
2013;3;;Protegida;19;Guadalajara;Castilla-La Mancha;8
2013;4;;Protegida;19;Guadalajara;Castilla-La Mancha;8
2013;3;;Protegida;16;Cuenca;Castilla-La Mancha;8
2013;3;;Protegida;13;Ciudad Real;Castilla-La Mancha;8
2013;4;;Protegida;16;Cuenca;Castilla-La Mancha;8
2013;3;;Protegida;7;Balears, Illes;Balears, Illes;4
2013;3;;Protegida;39;Cantabria;Cantabria;6
2013;4;;Protegida;39;Cantabria;Cantabria;6
2013;1;;Protegida;17;Girona;Cataluña;9
2013;3;;Protegida;25;Lleida;Cataluña;9
2013;3;;Protegida;17;Girona;Cataluña;9
2013;4;;Protegida;17;Girona;Cataluña;9
2014;1;;Protegida;24;León;Castilla y León;7
2014;1;;Protegida;9;Burgos;Castilla y León;7
2014;3;;Protegida;9;Burgos;Castilla y León;7
2014;4;;Protegida;9;Burgos;Castilla y León;7
2014;1;;Protegida;37;Salamanca;Castilla y León;7
2014;2;;Protegida;37;Salamanca;Castilla y León;7
2014;3;;Protegida;37;Salamanca;Castilla y León;7
2014;3;;Protegida;16;Cuenca;Castilla-La Mancha;8
2014;1;;Protegida;20;Gipuzkoa;País Vasco;16
2014;1;;Protegida;1;Araba/Álava;País Vasco;16
2014;3;;Protegida;1;Araba/Álava;País Vasco;16
2014;1;;Protegida;39;Cantabria;Cantabria;6
2026;2;;Protegida;24;León;Castilla y León;7
2011;4;;Protegida;9;Burgos;Castilla y León;7
2018;3;;Protegida;9;Burgos;Castilla y León;7
2018;4;;Protegida;9;Burgos;Castilla y León;7
2025;4;;Protegida;9;Burgos;Castilla y León;7
2026;2;;Protegida;9;Burgos;Castilla y León;7
2015;1;;Protegida;37;Salamanca;Castilla y León;7
2015;2;;Protegida;37;Salamanca;Castilla y León;7
2015;3;;Protegida;37;Salamanca;Castilla y León;7
2017;2;;Protegida;37;Salamanca;Castilla y León;7
2017;3;;Protegida;37;Salamanca;Castilla y León;7
2020;3;;Protegida;37;Salamanca;Castilla y León;7
2022;1;;Protegida;29;Málaga;Andalucía;1
2015;2;;Protegida;16;Cuenca;Castilla-La Mancha;8
2016;3;;Protegida;16;Cuenca;Castilla-La Mancha;8
2017;3;;Protegida;16;Cuenca;Castilla-La Mancha;8
2025;4;;Protegida;16;Cuenca;Castilla-La Mancha;8
2026;2;;Protegida;16;Cuenca;Castilla-La Mancha;8
2016;3;;Protegida;20;Gipuzkoa;País Vasco;16
2016;3;;Protegida;1;Araba/Álava;País Vasco;16
2016;4;;Protegida;20;Gipuzkoa;País Vasco;16
2017;3;;Protegida;20;Gipuzkoa;País Vasco;16
2018;2;;Protegida;20;Gipuzkoa;País Vasco;16
2018;3;;Protegida;20;Gipuzkoa;País Vasco;16
2019;1;;Protegida;20;Gipuzkoa;País Vasco;16
2020;1;;Protegida;20;Gipuzkoa;País Vasco;16
2026;1;;Protegida;12;Castellón/Castelló;Comunitat Valenciana;10
2011;4;;Protegida;25;Lleida;Cataluña;9
2015;1;;Protegida;19;Guadalajara;Castilla-La Mancha;8
2015;2;;Protegida;19;Guadalajara;Castilla-La Mancha;8
2015;3;;Protegida;19;Guadalajara;Castilla-La Mancha;8
2016;2;;Protegida;19;Guadalajara;Castilla-La Mancha;8
2016;3;;Protegida;19;Guadalajara;Castilla-La Mancha;8
2017;3;;Protegida;19;Guadalajara;Castilla-La Mancha;8
2018;3;;Protegida;19;Guadalajara;Castilla-La Mancha;8
2019;3;;Protegida;19;Guadalajara;Castilla-La Mancha;8
2020;2;;Protegida;19;Guadalajara;Castilla-La Mancha;8
2026;1;;Protegida;19;Guadalajara;Castilla-La Mancha;8
2026;2;;Protegida;19;Guadalajara;Castilla-La Mancha;8
2011;4;;Protegida;22;Huesca;Aragón;2
2014;1;;Protegida;22;Huesca;Aragón;2
2014;2;;Protegida;22;Huesca;Aragón;2
2014;3;;Protegida;22;Huesca;Aragón;2
2014;4;;Protegida;22;Huesca;Aragón;2
2015;1;;Protegida;22;Huesca;Aragón;2
2015;3;;Protegida;22;Huesca;Aragón;2
2016;1;;Protegida;22;Huesca;Aragón;2
2016;2;;Protegida;22;Huesca;Aragón;2
2016;3;;Protegida;22;Huesca;Aragón;2
2017;1;;Protegida;22;Huesca;Aragón;2
2018;3;;Protegida;22;Huesca;Aragón;2
2019;2;;Protegida;22;Huesca;Aragón;2
2020;2;;Protegida;22;Huesca;Aragón;2
2021;3;;Protegida;22;Huesca;Aragón;2
2022;4;;Protegida;22;Huesca;Aragón;2
2023;3;;Protegida;22;Huesca;Aragón;2
2024;1;;Protegida;22;Huesca;Aragón;2
2024;2;;Protegida;22;Huesca;Aragón;2
2024;3;;Protegida;22;Huesca;Aragón;2
2026;1;;Protegida;22;Huesca;Aragón;2
2014;1;;Protegida;32;Ourense;Galicia;12
2014;2;;Protegida;32;Ourense;Galicia;12
2014;3;;Protegida;32;Ourense;Galicia;12
2014;4;;Protegida;32;Ourense;Galicia;12
2015;1;;Protegida;32;Ourense;Galicia;12
2015;3;;Protegida;32;Ourense;Galicia;12
2016;1;;Protegida;32;Ourense;Galicia;12
2016;2;;Protegida;32;Ourense;Galicia;12
2016;3;;Protegida;32;Ourense;Galicia;12
2016;4;;Protegida;32;Ourense;Galicia;12
2017;3;;Protegida;32;Ourense;Galicia;12
2018;3;;Protegida;32;Ourense;Galicia;12
2019;3;;Protegida;32;Ourense;Galicia;12
2020;2;;Protegida;32;Ourense;Galicia;12
2021;2;;Protegida;32;Ourense;Galicia;12
2021;3;;Protegida;32;Ourense;Galicia;12
2021;4;;Protegida;32;Ourense;Galicia;12
2022;2;;Protegida;32;Ourense;Galicia;12
2022;4;;Protegida;32;Ourense;Galicia;12
2023;3;;Protegida;32;Ourense;Galicia;12
2024;1;;Protegida;32;Ourense;Galicia;12
2024;2;;Protegida;32;Ourense;Galicia;12
2024;3;;Protegida;32;Ourense;Galicia;12
2025;2;;Protegida;32;Ourense;Galicia;12
2025;3;;Protegida;32;Ourense;Galicia;12
2025;4;;Protegida;32;Ourense;Galicia;12
2026;1;;Protegida;32;Ourense;Galicia;12
2026;2;;Protegida;32;Ourense;Galicia;12
2011;3;;Protegida;49;Zamora;Castilla y León;7
2011;4;;Protegida;49;Zamora;Castilla y León;7
2014;1;;Protegida;49;Zamora;Castilla y León;7
2014;2;;Protegida;49;Zamora;Castilla y León;7
2014;3;;Protegida;49;Zamora;Castilla y León;7
2014;4;;Protegida;49;Zamora;Castilla y León;7
2015;1;;Protegida;49;Zamora;Castilla y León;7
2015;2;;Protegida;49;Zamora;Castilla y León;7
2015;3;;Protegida;49;Zamora;Castilla y León;7
2015;4;;Protegida;49;Zamora;Castilla y León;7
2016;1;;Protegida;49;Zamora;Castilla y León;7
2016;2;;Protegida;49;Zamora;Castilla y León;7
2016;3;;Protegida;49;Zamora;Castilla y León;7
2017;3;;Protegida;49;Zamora;Castilla y León;7
2017;4;;Protegida;49;Zamora;Castilla y León;7
2018;1;;Protegida;49;Zamora;Castilla y León;7
2018;2;;Protegida;49;Zamora;Castilla y León;7
2018;3;;Protegida;49;Zamora;Castilla y León;7
2019;1;;Protegida;49;Zamora;Castilla y León;7
2019;3;;Protegida;49;Zamora;Castilla y León;7
2019;4;;Protegida;49;Zamora;Castilla y León;7
2020;2;;Protegida;49;Zamora;Castilla y León;7
2021;2;;Protegida;49;Zamora;Castilla y León;7
2021;3;;Protegida;49;Zamora;Castilla y León;7
2021;4;;Protegida;49;Zamora;Castilla y León;7
2022;2;;Protegida;49;Zamora;Castilla y León;7
2023;1;;Protegida;49;Zamora;Castilla y León;7
2023;2;;Protegida;49;Zamora;Castilla y León;7
2024;1;;Protegida;49;Zamora;Castilla y León;7
2024;2;;Protegida;49;Zamora;Castilla y León;7
2024;3;;Protegida;49;Zamora;Castilla y León;7
2024;4;;Protegida;49;Zamora;Castilla y León;7
2025;2;;Protegida;49;Zamora;Castilla y León;7
2025;3;;Protegida;49;Zamora;Castilla y León;7
2025;4;;Protegida;49;Zamora;Castilla y León;7
2026;1;;Protegida;49;Zamora;Castilla y León;7
2026;2;;Protegida;49;Zamora;Castilla y León;7
2011;3;;Protegida;44;Teruel;Aragón;2
2014;1;;Protegida;44;Teruel;Aragón;2
2014;2;;Protegida;44;Teruel;Aragón;2
2014;3;;Protegida;44;Teruel;Aragón;2
2014;4;;Protegida;44;Teruel;Aragón;2
2015;1;;Protegida;44;Teruel;Aragón;2
2015;2;;Protegida;44;Teruel;Aragón;2
2015;3;;Protegida;44;Teruel;Aragón;2
2015;4;;Protegida;44;Teruel;Aragón;2
2016;1;;Protegida;44;Teruel;Aragón;2
2016;2;;Protegida;44;Teruel;Aragón;2
2016;3;;Protegida;44;Teruel;Aragón;2
2016;4;;Protegida;44;Teruel;Aragón;2
2017;1;;Protegida;44;Teruel;Aragón;2
2017;2;;Protegida;44;Teruel;Aragón;2
2017;3;;Protegida;44;Teruel;Aragón;2
2018;2;;Protegida;44;Teruel;Aragón;2
2018;3;;Protegida;44;Teruel;Aragón;2
2018;4;;Protegida;44;Teruel;Aragón;2
2019;1;;Protegida;44;Teruel;Aragón;2
2019;3;;Protegida;44;Teruel;Aragón;2
2019;4;;Protegida;44;Teruel;Aragón;2
2020;1;;Protegida;44;Teruel;Aragón;2
2020;2;;Protegida;44;Teruel;Aragón;2
2020;4;;Protegida;44;Teruel;Aragón;2
2021;1;;Protegida;44;Teruel;Aragón;2
2021;2;;Protegida;44;Teruel;Aragón;2
2021;3;;Protegida;44;Teruel;Aragón;2
2021;4;;Protegida;44;Teruel;Aragón;2
2022;3;;Protegida;44;Teruel;Aragón;2
2022;4;;Protegida;44;Teruel;Aragón;2
2023;1;;Protegida;44;Teruel;Aragón;2
2023;3;;Protegida;44;Teruel;Aragón;2
2024;2;;Protegida;44;Teruel;Aragón;2
2024;3;;Protegida;44;Teruel;Aragón;2
2025;3;;Protegida;44;Teruel;Aragón;2
2025;4;;Protegida;44;Teruel;Aragón;2
2026;1;;Protegida;44;Teruel;Aragón;2
2026;2;;Protegida;44;Teruel;Aragón;2
2011;3;;Protegida;34;Palencia;Castilla y León;7
2011;4;;Protegida;34;Palencia;Castilla y León;7
2014;1;;Protegida;34;Palencia;Castilla y León;7
2014;2;;Protegida;34;Palencia;Castilla y León;7
2014;3;;Protegida;34;Palencia;Castilla y León;7
2014;4;;Protegida;34;Palencia;Castilla y León;7
2015;2;;Protegida;34;Palencia;Castilla y León;7
2015;3;;Protegida;34;Palencia;Castilla y León;7
2016;1;;Protegida;34;Palencia;Castilla y León;7
2016;2;;Protegida;34;Palencia;Castilla y León;7
2016;3;;Protegida;34;Palencia;Castilla y León;7
2016;4;;Protegida;34;Palencia;Castilla y León;7
2017;1;;Protegida;34;Palencia;Castilla y León;7
2017;2;;Protegida;34;Palencia;Castilla y León;7
2017;3;;Protegida;34;Palencia;Castilla y León;7
2017;4;;Protegida;34;Palencia;Castilla y León;7
2018;1;;Protegida;34;Palencia;Castilla y León;7
2018;2;;Protegida;34;Palencia;Castilla y León;7
2018;3;;Protegida;34;Palencia;Castilla y León;7
2018;4;;Protegida;34;Palencia;Castilla y León;7
2019;1;;Protegida;34;Palencia;Castilla y León;7
2019;2;;Protegida;34;Palencia;Castilla y León;7
2019;3;;Protegida;34;Palencia;Castilla y León;7
2019;4;;Protegida;34;Palencia;Castilla y León;7
2020;1;;Protegida;34;Palencia;Castilla y León;7
2020;2;;Protegida;34;Palencia;Castilla y León;7
2020;4;;Protegida;34;Palencia;Castilla y León;7
2021;2;;Protegida;34;Palencia;Castilla y León;7
2021;3;;Protegida;34;Palencia;Castilla y León;7
2021;4;;Protegida;34;Palencia;Castilla y León;7
2022;1;;Protegida;34;Palencia;Castilla y León;7
2022;2;;Protegida;34;Palencia;Castilla y León;7
2022;3;;Protegida;34;Palencia;Castilla y León;7
2022;4;;Protegida;34;Palencia;Castilla y León;7
2023;1;;Protegida;34;Palencia;Castilla y León;7
2023;2;;Protegida;34;Palencia;Castilla y León;7
2023;4;;Protegida;34;Palencia;Castilla y León;7
2024;1;;Protegida;34;Palencia;Castilla y León;7
2024;3;;Protegida;34;Palencia;Castilla y León;7
2025;2;;Protegida;34;Palencia;Castilla y León;7
2025;4;;Protegida;34;Palencia;Castilla y León;7
2026;1;;Protegida;34;Palencia;Castilla y León;7
2026;2;;Protegida;34;Palencia;Castilla y León;7
2014;1;;Protegida;null;Ceuta y Melilla;Ceuta y Melilla;0
2014;2;;Protegida;null;Ceuta y Melilla;Ceuta y Melilla;0
2014;3;;Protegida;null;Ceuta y Melilla;Ceuta y Melilla;0
2014;4;;Protegida;null;Ceuta y Melilla;Ceuta y Melilla;0
2015;1;;Protegida;null;Ceuta y Melilla;Ceuta y Melilla;0
2015;2;;Protegida;null;Ceuta y Melilla;Ceuta y Melilla;0
2015;3;;Protegida;null;Ceuta y Melilla;Ceuta y Melilla;0
2015;4;;Protegida;null;Ceuta y Melilla;Ceuta y Melilla;0
2016;1;;Protegida;null;Ceuta y Melilla;Ceuta y Melilla;0
2016;2;;Protegida;null;Ceuta y Melilla;Ceuta y Melilla;0
2016;3;;Protegida;null;Ceuta y Melilla;Ceuta y Melilla;0
2016;4;;Protegida;null;Ceuta y Melilla;Ceuta y Melilla;0
2017;1;;Protegida;null;Ceuta y Melilla;Ceuta y Melilla;0
2017;2;;Protegida;null;Ceuta y Melilla;Ceuta y Melilla;0
2017;3;;Protegida;null;Ceuta y Melilla;Ceuta y Melilla;0
2017;4;;Protegida;null;Ceuta y Melilla;Ceuta y Melilla;0
2018;1;;Protegida;null;Ceuta y Melilla;Ceuta y Melilla;0
2018;2;;Protegida;null;Ceuta y Melilla;Ceuta y Melilla;0
2018;4;;Protegida;null;Ceuta y Melilla;Ceuta y Melilla;0
2019;1;;Protegida;null;Ceuta y Melilla;Ceuta y Melilla;0
2019;2;;Protegida;null;Ceuta y Melilla;Ceuta y Melilla;0
2019;3;;Protegida;null;Ceuta y Melilla;Ceuta y Melilla;0
2019;4;;Protegida;null;Ceuta y Melilla;Ceuta y Melilla;0
2020;1;;Protegida;null;Ceuta y Melilla;Ceuta y Melilla;0
2020;2;;Protegida;null;Ceuta y Melilla;Ceuta y Melilla;0
2020;3;;Protegida;null;Ceuta y Melilla;Ceuta y Melilla;0
2020;4;;Protegida;null;Ceuta y Melilla;Ceuta y Melilla;0
2021;1;;Protegida;null;Ceuta y Melilla;Ceuta y Melilla;0
2021;2;;Protegida;null;Ceuta y Melilla;Ceuta y Melilla;0
2021;3;;Protegida;null;Ceuta y Melilla;Ceuta y Melilla;0
2021;4;;Protegida;null;Ceuta y Melilla;Ceuta y Melilla;0
2022;1;;Protegida;null;Ceuta y Melilla;Ceuta y Melilla;0
2022;2;;Protegida;null;Ceuta y Melilla;Ceuta y Melilla;0
2022;4;;Protegida;null;Ceuta y Melilla;Ceuta y Melilla;0
2023;1;;Protegida;null;Ceuta y Melilla;Ceuta y Melilla;0
2023;2;;Protegida;null;Ceuta y Melilla;Ceuta y Melilla;0
2023;4;;Protegida;null;Ceuta y Melilla;Ceuta y Melilla;0
2024;1;;Protegida;null;Ceuta y Melilla;Ceuta y Melilla;0
2024;2;;Protegida;null;Ceuta y Melilla;Ceuta y Melilla;0
2024;3;;Protegida;null;Ceuta y Melilla;Ceuta y Melilla;0
2024;4;;Protegida;null;Ceuta y Melilla;Ceuta y Melilla;0
2025;2;;Protegida;null;Ceuta y Melilla;Ceuta y Melilla;0
2025;3;;Protegida;null;Ceuta y Melilla;Ceuta y Melilla;0
2025;4;;Protegida;null;Ceuta y Melilla;Ceuta y Melilla;0
2026;1;;Protegida;null;Ceuta y Melilla;Ceuta y Melilla;0
2026;2;;Protegida;null;Ceuta y Melilla;Ceuta y Melilla;0
2011;4;;Protegida;5;Ávila;Castilla y León;7
2014;1;;Protegida;5;Ávila;Castilla y León;7
2014;2;;Protegida;5;Ávila;Castilla y León;7
2014;3;;Protegida;5;Ávila;Castilla y León;7
2014;4;;Protegida;5;Ávila;Castilla y León;7
2015;1;;Protegida;5;Ávila;Castilla y León;7
2015;2;;Protegida;5;Ávila;Castilla y León;7
2015;3;;Protegida;5;Ávila;Castilla y León;7
2015;4;;Protegida;5;Ávila;Castilla y León;7
2016;1;;Protegida;5;Ávila;Castilla y León;7
2016;2;;Protegida;5;Ávila;Castilla y León;7
2016;3;;Protegida;5;Ávila;Castilla y León;7
2016;4;;Protegida;5;Ávila;Castilla y León;7
2017;1;;Protegida;5;Ávila;Castilla y León;7
2017;2;;Protegida;5;Ávila;Castilla y León;7
2017;3;;Protegida;5;Ávila;Castilla y León;7
2017;4;;Protegida;5;Ávila;Castilla y León;7
2018;1;;Protegida;5;Ávila;Castilla y León;7
2018;2;;Protegida;5;Ávila;Castilla y León;7
2018;3;;Protegida;5;Ávila;Castilla y León;7
2018;4;;Protegida;5;Ávila;Castilla y León;7
2019;1;;Protegida;5;Ávila;Castilla y León;7
2019;2;;Protegida;5;Ávila;Castilla y León;7
2019;3;;Protegida;5;Ávila;Castilla y León;7
2019;4;;Protegida;5;Ávila;Castilla y León;7
2020;1;;Protegida;5;Ávila;Castilla y León;7
2020;2;;Protegida;5;Ávila;Castilla y León;7
2020;4;;Protegida;5;Ávila;Castilla y León;7
2021;1;;Protegida;5;Ávila;Castilla y León;7
2021;2;;Protegida;5;Ávila;Castilla y León;7
2021;3;;Protegida;5;Ávila;Castilla y León;7
2021;4;;Protegida;5;Ávila;Castilla y León;7
2022;1;;Protegida;5;Ávila;Castilla y León;7
2022;2;;Protegida;5;Ávila;Castilla y León;7
2022;4;;Protegida;5;Ávila;Castilla y León;7
2023;1;;Protegida;5;Ávila;Castilla y León;7
2023;2;;Protegida;5;Ávila;Castilla y León;7
2023;3;;Protegida;5;Ávila;Castilla y León;7
2023;4;;Protegida;5;Ávila;Castilla y León;7
2024;2;;Protegida;5;Ávila;Castilla y León;7
2024;3;;Protegida;5;Ávila;Castilla y León;7
2025;2;;Protegida;5;Ávila;Castilla y León;7
2025;3;;Protegida;5;Ávila;Castilla y León;7
2025;4;;Protegida;5;Ávila;Castilla y León;7
2026;1;;Protegida;5;Ávila;Castilla y León;7
2026;2;;Protegida;5;Ávila;Castilla y León;7
2011;4;;Protegida;40;Segovia;Castilla y León;7
2014;1;;Protegida;40;Segovia;Castilla y León;7
2014;2;;Protegida;40;Segovia;Castilla y León;7
2014;3;;Protegida;40;Segovia;Castilla y León;7
2014;4;;Protegida;40;Segovia;Castilla y León;7
2015;1;;Protegida;40;Segovia;Castilla y León;7
2015;2;;Protegida;40;Segovia;Castilla y León;7
2015;3;;Protegida;40;Segovia;Castilla y León;7
2015;4;;Protegida;40;Segovia;Castilla y León;7
2016;2;;Protegida;40;Segovia;Castilla y León;7
2016;3;;Protegida;40;Segovia;Castilla y León;7
2016;4;;Protegida;40;Segovia;Castilla y León;7
2017;1;;Protegida;40;Segovia;Castilla y León;7
2017;2;;Protegida;40;Segovia;Castilla y León;7
2017;3;;Protegida;40;Segovia;Castilla y León;7
2017;4;;Protegida;40;Segovia;Castilla y León;7
2018;1;;Protegida;40;Segovia;Castilla y León;7
2018;2;;Protegida;40;Segovia;Castilla y León;7
2018;3;;Protegida;40;Segovia;Castilla y León;7
2018;4;;Protegida;40;Segovia;Castilla y León;7
2019;1;;Protegida;40;Segovia;Castilla y León;7
2019;2;;Protegida;40;Segovia;Castilla y León;7
2019;3;;Protegida;40;Segovia;Castilla y León;7
2019;4;;Protegida;40;Segovia;Castilla y León;7
2020;1;;Protegida;40;Segovia;Castilla y León;7
2020;2;;Protegida;40;Segovia;Castilla y León;7
2020;4;;Protegida;40;Segovia;Castilla y León;7
2021;1;;Protegida;40;Segovia;Castilla y León;7
2021;2;;Protegida;40;Segovia;Castilla y León;7
2021;3;;Protegida;40;Segovia;Castilla y León;7
2021;4;;Protegida;40;Segovia;Castilla y León;7
2022;1;;Protegida;40;Segovia;Castilla y León;7
2022;2;;Protegida;40;Segovia;Castilla y León;7
2022;3;;Protegida;40;Segovia;Castilla y León;7
2022;4;;Protegida;40;Segovia;Castilla y León;7
2023;1;;Protegida;40;Segovia;Castilla y León;7
2023;2;;Protegida;40;Segovia;Castilla y León;7
2023;3;;Protegida;40;Segovia;Castilla y León;7
2023;4;;Protegida;40;Segovia;Castilla y León;7
2024;1;;Protegida;40;Segovia;Castilla y León;7
2024;2;;Protegida;40;Segovia;Castilla y León;7
2024;3;;Protegida;40;Segovia;Castilla y León;7
2024;4;;Protegida;40;Segovia;Castilla y León;7
2025;2;;Protegida;40;Segovia;Castilla y León;7
2025;3;;Protegida;40;Segovia;Castilla y León;7
2025;4;;Protegida;40;Segovia;Castilla y León;7
2026;1;;Protegida;40;Segovia;Castilla y León;7
2026;2;;Protegida;40;Segovia;Castilla y León;7
2011;4;;Protegida;42;Soria;Castilla y León;7
2014;1;;Protegida;42;Soria;Castilla y León;7
2014;2;;Protegida;42;Soria;Castilla y León;7
2014;3;;Protegida;42;Soria;Castilla y León;7
2014;4;;Protegida;42;Soria;Castilla y León;7
2015;1;;Protegida;42;Soria;Castilla y León;7
2015;2;;Protegida;42;Soria;Castilla y León;7
2015;3;;Protegida;42;Soria;Castilla y León;7
2015;4;;Protegida;42;Soria;Castilla y León;7
2016;1;;Protegida;42;Soria;Castilla y León;7
2016;2;;Protegida;42;Soria;Castilla y León;7
2016;3;;Protegida;42;Soria;Castilla y León;7
2016;4;;Protegida;42;Soria;Castilla y León;7
2017;1;;Protegida;42;Soria;Castilla y León;7
2017;2;;Protegida;42;Soria;Castilla y León;7
2017;3;;Protegida;42;Soria;Castilla y León;7
2017;4;;Protegida;42;Soria;Castilla y León;7
2018;1;;Protegida;42;Soria;Castilla y León;7
2018;2;;Protegida;42;Soria;Castilla y León;7
2018;3;;Protegida;42;Soria;Castilla y León;7
2018;4;;Protegida;42;Soria;Castilla y León;7
2019;1;;Protegida;42;Soria;Castilla y León;7
2019;2;;Protegida;42;Soria;Castilla y León;7
2019;3;;Protegida;42;Soria;Castilla y León;7
2019;4;;Protegida;42;Soria;Castilla y León;7
2020;1;;Protegida;42;Soria;Castilla y León;7
2020;2;;Protegida;42;Soria;Castilla y León;7
2020;4;;Protegida;42;Soria;Castilla y León;7
2021;1;;Protegida;42;Soria;Castilla y León;7
2021;2;;Protegida;42;Soria;Castilla y León;7
2021;3;;Protegida;42;Soria;Castilla y León;7
2021;4;;Protegida;42;Soria;Castilla y León;7
2022;1;;Protegida;42;Soria;Castilla y León;7
2022;2;;Protegida;42;Soria;Castilla y León;7
2022;3;;Protegida;42;Soria;Castilla y León;7
2022;4;;Protegida;42;Soria;Castilla y León;7
2023;1;;Protegida;42;Soria;Castilla y León;7
2023;2;;Protegida;42;Soria;Castilla y León;7
2023;3;;Protegida;42;Soria;Castilla y León;7
2023;4;;Protegida;42;Soria;Castilla y León;7
2024;1;;Protegida;42;Soria;Castilla y León;7
2024;2;;Protegida;42;Soria;Castilla y León;7
2024;3;;Protegida;42;Soria;Castilla y León;7
2024;4;;Protegida;42;Soria;Castilla y León;7
2025;2;;Protegida;42;Soria;Castilla y León;7
2025;3;;Protegida;42;Soria;Castilla y León;7
2025;4;;Protegida;42;Soria;Castilla y León;7
2026;1;;Protegida;42;Soria;Castilla y León;7
2026;2;;Protegida;42;Soria;Castilla y León;7
1995;1;;Libre;51;Ceuta;Ceuta;18
1995;2;;Libre;51;Ceuta;Ceuta;18
1995;3;;Libre;51;Ceuta;Ceuta;18
1995;4;;Libre;51;Ceuta;Ceuta;18
1996;1;;Libre;51;Ceuta;Ceuta;18
1996;2;;Libre;51;Ceuta;Ceuta;18
1996;3;;Libre;51;Ceuta;Ceuta;18
1996;4;;Libre;51;Ceuta;Ceuta;18
1997;1;;Libre;51;Ceuta;Ceuta;18
1997;2;;Libre;51;Ceuta;Ceuta;18
1997;3;;Libre;51;Ceuta;Ceuta;18
1997;4;;Libre;51;Ceuta;Ceuta;18
1998;1;;Libre;51;Ceuta;Ceuta;18
1998;2;;Libre;51;Ceuta;Ceuta;18
1998;3;;Libre;51;Ceuta;Ceuta;18
1998;4;;Libre;51;Ceuta;Ceuta;18
1999;1;;Libre;51;Ceuta;Ceuta;18
1999;2;;Libre;51;Ceuta;Ceuta;18
1999;3;;Libre;51;Ceuta;Ceuta;18
1999;4;;Libre;51;Ceuta;Ceuta;18
2000;1;;Libre;51;Ceuta;Ceuta;18
2000;2;;Libre;51;Ceuta;Ceuta;18
2000;3;;Libre;51;Ceuta;Ceuta;18
2000;4;;Libre;51;Ceuta;Ceuta;18
2001;1;;Libre;51;Ceuta;Ceuta;18
2001;2;;Libre;51;Ceuta;Ceuta;18
2001;3;;Libre;51;Ceuta;Ceuta;18
2001;4;;Libre;51;Ceuta;Ceuta;18
2002;1;;Libre;51;Ceuta;Ceuta;18
2002;2;;Libre;51;Ceuta;Ceuta;18
2002;3;;Libre;51;Ceuta;Ceuta;18
2002;4;;Libre;51;Ceuta;Ceuta;18
2003;1;;Libre;51;Ceuta;Ceuta;18
2003;2;;Libre;51;Ceuta;Ceuta;18
2003;3;;Libre;51;Ceuta;Ceuta;18
2003;4;;Libre;51;Ceuta;Ceuta;18
2005;1;;Protegida;51;Ceuta;Ceuta;18
2005;2;;Protegida;51;Ceuta;Ceuta;18
2005;3;;Protegida;51;Ceuta;Ceuta;18
2005;4;;Protegida;51;Ceuta;Ceuta;18
2006;1;;Protegida;51;Ceuta;Ceuta;18
2006;2;;Protegida;51;Ceuta;Ceuta;18
2006;3;;Protegida;51;Ceuta;Ceuta;18
2006;4;;Protegida;51;Ceuta;Ceuta;18
2007;1;;Protegida;51;Ceuta;Ceuta;18
2007;2;;Protegida;51;Ceuta;Ceuta;18
2007;3;;Protegida;51;Ceuta;Ceuta;18
2007;4;;Protegida;51;Ceuta;Ceuta;18
2008;1;;Protegida;51;Ceuta;Ceuta;18
2008;2;;Protegida;51;Ceuta;Ceuta;18
2008;3;;Protegida;51;Ceuta;Ceuta;18
2008;4;;Protegida;51;Ceuta;Ceuta;18
2009;1;;Protegida;51;Ceuta;Ceuta;18
2009;2;;Protegida;51;Ceuta;Ceuta;18
2009;3;;Protegida;51;Ceuta;Ceuta;18
2009;4;;Protegida;51;Ceuta;Ceuta;18
2010;1;;Protegida;51;Ceuta;Ceuta;18
2010;2;;Protegida;51;Ceuta;Ceuta;18
2010;3;;Protegida;51;Ceuta;Ceuta;18
2010;4;;Protegida;51;Ceuta;Ceuta;18
2011;1;;Protegida;51;Ceuta;Ceuta;18
2011;2;;Protegida;51;Ceuta;Ceuta;18
2011;3;;Protegida;51;Ceuta;Ceuta;18
2011;4;;Protegida;51;Ceuta;Ceuta;18
2012;1;;Protegida;51;Ceuta;Ceuta;18
2012;2;;Protegida;51;Ceuta;Ceuta;18
2012;3;;Protegida;51;Ceuta;Ceuta;18
2012;4;;Protegida;51;Ceuta;Ceuta;18
2013;1;;Protegida;51;Ceuta;Ceuta;18
2013;2;;Protegida;51;Ceuta;Ceuta;18
2013;3;;Protegida;51;Ceuta;Ceuta;18
2013;4;;Protegida;51;Ceuta;Ceuta;18
2014;1;;Protegida;51;Ceuta;Ceuta;18
2014;2;;Protegida;51;Ceuta;Ceuta;18
2014;3;;Protegida;51;Ceuta;Ceuta;18
2014;4;;Protegida;51;Ceuta;Ceuta;18
2015;1;;Protegida;51;Ceuta;Ceuta;18
2015;2;;Protegida;51;Ceuta;Ceuta;18
2015;3;;Protegida;51;Ceuta;Ceuta;18
2015;4;;Protegida;51;Ceuta;Ceuta;18
2016;1;;Protegida;51;Ceuta;Ceuta;18
2016;2;;Protegida;51;Ceuta;Ceuta;18
2016;3;;Protegida;51;Ceuta;Ceuta;18
2016;4;;Protegida;51;Ceuta;Ceuta;18
2017;1;;Protegida;51;Ceuta;Ceuta;18
2017;2;;Protegida;51;Ceuta;Ceuta;18
2017;3;;Protegida;51;Ceuta;Ceuta;18
2017;4;;Protegida;51;Ceuta;Ceuta;18
2018;1;;Protegida;51;Ceuta;Ceuta;18
2018;2;;Protegida;51;Ceuta;Ceuta;18
2018;3;;Protegida;51;Ceuta;Ceuta;18
2018;4;;Protegida;51;Ceuta;Ceuta;18
2019;1;;Protegida;51;Ceuta;Ceuta;18
2019;2;;Protegida;51;Ceuta;Ceuta;18
2019;3;;Protegida;51;Ceuta;Ceuta;18
2019;4;;Protegida;51;Ceuta;Ceuta;18
2020;1;;Protegida;51;Ceuta;Ceuta;18
2020;2;;Protegida;51;Ceuta;Ceuta;18
2020;3;;Protegida;51;Ceuta;Ceuta;18
2020;4;;Protegida;51;Ceuta;Ceuta;18
2021;1;;Protegida;51;Ceuta;Ceuta;18
2021;2;;Protegida;51;Ceuta;Ceuta;18
2021;3;;Protegida;51;Ceuta;Ceuta;18
2021;4;;Protegida;51;Ceuta;Ceuta;18
2022;1;;Protegida;51;Ceuta;Ceuta;18
2022;2;;Protegida;51;Ceuta;Ceuta;18
2022;3;;Protegida;51;Ceuta;Ceuta;18
2022;4;;Protegida;51;Ceuta;Ceuta;18
2023;1;;Protegida;51;Ceuta;Ceuta;18
2023;2;;Protegida;51;Ceuta;Ceuta;18
2023;3;;Protegida;51;Ceuta;Ceuta;18
2023;4;;Protegida;51;Ceuta;Ceuta;18
2024;1;;Protegida;51;Ceuta;Ceuta;18
2024;2;;Protegida;51;Ceuta;Ceuta;18
2024;3;;Protegida;51;Ceuta;Ceuta;18
2024;4;;Protegida;51;Ceuta;Ceuta;18
2025;1;;Protegida;51;Ceuta;Ceuta;18
2025;2;;Protegida;51;Ceuta;Ceuta;18
2025;3;;Protegida;51;Ceuta;Ceuta;18
2025;4;;Protegida;51;Ceuta;Ceuta;18
2026;1;;Protegida;51;Ceuta;Ceuta;18
2026;2;;Protegida;51;Ceuta;Ceuta;18
1995;1;;Libre;52;Melilla;Melilla;19
1995;2;;Libre;52;Melilla;Melilla;19
1995;3;;Libre;52;Melilla;Melilla;19
1995;4;;Libre;52;Melilla;Melilla;19
1996;1;;Libre;52;Melilla;Melilla;19
1996;2;;Libre;52;Melilla;Melilla;19
1996;3;;Libre;52;Melilla;Melilla;19
1996;4;;Libre;52;Melilla;Melilla;19
1997;1;;Libre;52;Melilla;Melilla;19
1997;2;;Libre;52;Melilla;Melilla;19
1997;3;;Libre;52;Melilla;Melilla;19
1997;4;;Libre;52;Melilla;Melilla;19
1998;1;;Libre;52;Melilla;Melilla;19
1998;2;;Libre;52;Melilla;Melilla;19
1998;3;;Libre;52;Melilla;Melilla;19
1998;4;;Libre;52;Melilla;Melilla;19
1999;1;;Libre;52;Melilla;Melilla;19
1999;2;;Libre;52;Melilla;Melilla;19
1999;3;;Libre;52;Melilla;Melilla;19
1999;4;;Libre;52;Melilla;Melilla;19
2000;1;;Libre;52;Melilla;Melilla;19
2000;2;;Libre;52;Melilla;Melilla;19
2000;3;;Libre;52;Melilla;Melilla;19
2000;4;;Libre;52;Melilla;Melilla;19
2001;1;;Libre;52;Melilla;Melilla;19
2001;2;;Libre;52;Melilla;Melilla;19
2001;3;;Libre;52;Melilla;Melilla;19
2001;4;;Libre;52;Melilla;Melilla;19
2002;1;;Libre;52;Melilla;Melilla;19
2002;2;;Libre;52;Melilla;Melilla;19
2002;3;;Libre;52;Melilla;Melilla;19
2002;4;;Libre;52;Melilla;Melilla;19
2003;1;;Libre;52;Melilla;Melilla;19
2003;2;;Libre;52;Melilla;Melilla;19
2003;3;;Libre;52;Melilla;Melilla;19
2003;4;;Libre;52;Melilla;Melilla;19
2005;1;;Protegida;52;Melilla;Melilla;19
2005;2;;Protegida;52;Melilla;Melilla;19
2005;3;;Protegida;52;Melilla;Melilla;19
2005;4;;Protegida;52;Melilla;Melilla;19
2006;1;;Protegida;52;Melilla;Melilla;19
2006;2;;Protegida;52;Melilla;Melilla;19
2006;3;;Protegida;52;Melilla;Melilla;19
2006;4;;Protegida;52;Melilla;Melilla;19
2007;1;;Protegida;52;Melilla;Melilla;19
2007;2;;Protegida;52;Melilla;Melilla;19
2007;3;;Protegida;52;Melilla;Melilla;19
2007;4;;Protegida;52;Melilla;Melilla;19
2008;1;;Protegida;52;Melilla;Melilla;19
2008;2;;Protegida;52;Melilla;Melilla;19
2008;3;;Protegida;52;Melilla;Melilla;19
2008;4;;Protegida;52;Melilla;Melilla;19
2009;1;;Protegida;52;Melilla;Melilla;19
2009;2;;Protegida;52;Melilla;Melilla;19
2009;3;;Protegida;52;Melilla;Melilla;19
2009;4;;Protegida;52;Melilla;Melilla;19
2010;1;;Protegida;52;Melilla;Melilla;19
2010;2;;Protegida;52;Melilla;Melilla;19
2010;3;;Protegida;52;Melilla;Melilla;19
2010;4;;Protegida;52;Melilla;Melilla;19
2011;1;;Protegida;52;Melilla;Melilla;19
2011;2;;Protegida;52;Melilla;Melilla;19
2011;3;;Protegida;52;Melilla;Melilla;19
2011;4;;Protegida;52;Melilla;Melilla;19
2012;1;;Protegida;52;Melilla;Melilla;19
2012;2;;Protegida;52;Melilla;Melilla;19
2012;3;;Protegida;52;Melilla;Melilla;19
2012;4;;Protegida;52;Melilla;Melilla;19
2013;1;;Protegida;52;Melilla;Melilla;19
2013;2;;Protegida;52;Melilla;Melilla;19
2013;3;;Protegida;52;Melilla;Melilla;19
2013;4;;Protegida;52;Melilla;Melilla;19
2014;1;;Protegida;52;Melilla;Melilla;19
2014;2;;Protegida;52;Melilla;Melilla;19
2014;3;;Protegida;52;Melilla;Melilla;19
2014;4;;Protegida;52;Melilla;Melilla;19
2015;1;;Protegida;52;Melilla;Melilla;19
2015;2;;Protegida;52;Melilla;Melilla;19
2015;3;;Protegida;52;Melilla;Melilla;19
2015;4;;Protegida;52;Melilla;Melilla;19
2016;1;;Protegida;52;Melilla;Melilla;19
2016;2;;Protegida;52;Melilla;Melilla;19
2016;3;;Protegida;52;Melilla;Melilla;19
2016;4;;Protegida;52;Melilla;Melilla;19
2017;1;;Protegida;52;Melilla;Melilla;19
2017;2;;Protegida;52;Melilla;Melilla;19
2017;3;;Protegida;52;Melilla;Melilla;19
2017;4;;Protegida;52;Melilla;Melilla;19
2018;1;;Protegida;52;Melilla;Melilla;19
2018;2;;Protegida;52;Melilla;Melilla;19
2018;3;;Protegida;52;Melilla;Melilla;19
2018;4;;Protegida;52;Melilla;Melilla;19
2019;1;;Protegida;52;Melilla;Melilla;19
2019;2;;Protegida;52;Melilla;Melilla;19
2019;3;;Protegida;52;Melilla;Melilla;19
2019;4;;Protegida;52;Melilla;Melilla;19
2020;1;;Protegida;52;Melilla;Melilla;19
2020;2;;Protegida;52;Melilla;Melilla;19
2020;3;;Protegida;52;Melilla;Melilla;19
2020;4;;Protegida;52;Melilla;Melilla;19
2021;1;;Protegida;52;Melilla;Melilla;19
2021;2;;Protegida;52;Melilla;Melilla;19
2021;3;;Protegida;52;Melilla;Melilla;19
2021;4;;Protegida;52;Melilla;Melilla;19
2022;1;;Protegida;52;Melilla;Melilla;19
2022;2;;Protegida;52;Melilla;Melilla;19
2022;3;;Protegida;52;Melilla;Melilla;19
2022;4;;Protegida;52;Melilla;Melilla;19
2023;1;;Protegida;52;Melilla;Melilla;19
2023;2;;Protegida;52;Melilla;Melilla;19
2023;3;;Protegida;52;Melilla;Melilla;19
2023;4;;Protegida;52;Melilla;Melilla;19
2024;1;;Protegida;52;Melilla;Melilla;19
2024;2;;Protegida;52;Melilla;Melilla;19
2024;3;;Protegida;52;Melilla;Melilla;19
2024;4;;Protegida;52;Melilla;Melilla;19
2025;1;;Protegida;52;Melilla;Melilla;19
2025;2;;Protegida;52;Melilla;Melilla;19
2025;3;;Protegida;52;Melilla;Melilla;19
2025;4;;Protegida;52;Melilla;Melilla;19
2026;1;;Protegida;52;Melilla;Melilla;19
2026;2;;Protegida;52;Melilla;Melilla;19
2004;1;1221;Libre;51;Ceuta;Ceuta;18
2004;2;1321.2;Libre;51;Ceuta;Ceuta;18
2004;3;1321.2;Libre;51;Ceuta;Ceuta;18
2004;4;1383.5;Libre;51;Ceuta;Ceuta;18
2005;1;1353.7;Libre;51;Ceuta;Ceuta;18
2005;2;1527;Libre;51;Ceuta;Ceuta;18
2005;3;1478.2;Libre;51;Ceuta;Ceuta;18
2005;4;1498.9;Libre;51;Ceuta;Ceuta;18
2006;1;1510.8;Libre;51;Ceuta;Ceuta;18
2006;2;1658.3;Libre;51;Ceuta;Ceuta;18
2006;3;1689.7;Libre;51;Ceuta;Ceuta;18
2006;4;1697.5;Libre;51;Ceuta;Ceuta;18
2007;1;1730.9;Libre;51;Ceuta;Ceuta;18
2007;2;1790.2;Libre;51;Ceuta;Ceuta;18
2007;3;1819.4;Libre;51;Ceuta;Ceuta;18
2007;4;1853.7;Libre;51;Ceuta;Ceuta;18
2008;1;1845.3;Libre;51;Ceuta;Ceuta;18
2008;2;1864.3;Libre;51;Ceuta;Ceuta;18
2008;3;1927.3;Libre;51;Ceuta;Ceuta;18
2008;4;1913.9;Libre;51;Ceuta;Ceuta;18
2009;1;1836.4;Libre;51;Ceuta;Ceuta;18
2009;2;1841.6;Libre;51;Ceuta;Ceuta;18
2009;3;1851.2;Libre;51;Ceuta;Ceuta;18
2009;4;1855;Libre;51;Ceuta;Ceuta;18
2010;1;1787.7;Libre;51;Ceuta;Ceuta;18
2010;2;1819.7;Libre;51;Ceuta;Ceuta;18
2010;3;1810.2;Libre;51;Ceuta;Ceuta;18
2010;4;1855.9;Libre;51;Ceuta;Ceuta;18
2011;1;1774.5;Libre;51;Ceuta;Ceuta;18
2011;2;1852.6;Libre;51;Ceuta;Ceuta;18
2011;3;1850.7;Libre;51;Ceuta;Ceuta;18
2011;4;1798.9;Libre;51;Ceuta;Ceuta;18
2012;1;1818.7;Libre;51;Ceuta;Ceuta;18
2012;2;1815.1;Libre;51;Ceuta;Ceuta;18
2012;3;1778.8;Libre;51;Ceuta;Ceuta;18
2012;4;1698.8;Libre;51;Ceuta;Ceuta;18
2013;1;1722.6;Libre;51;Ceuta;Ceuta;18
2013;2;1752.7;Libre;51;Ceuta;Ceuta;18
2013;3;1702.1;Libre;51;Ceuta;Ceuta;18
2013;4;1763.4;Libre;51;Ceuta;Ceuta;18
2014;1;1792.8;Libre;51;Ceuta;Ceuta;18
2014;2;1748.2;Libre;51;Ceuta;Ceuta;18
2014;3;1813.8;Libre;51;Ceuta;Ceuta;18
2014;4;1758.1;Libre;51;Ceuta;Ceuta;18
2015;1;1703.5;Libre;51;Ceuta;Ceuta;18
2015;2;1727.5;Libre;51;Ceuta;Ceuta;18
2015;3;1731.8;Libre;51;Ceuta;Ceuta;18
2015;4;1719.7;Libre;51;Ceuta;Ceuta;18
2016;1;1686.4;Libre;51;Ceuta;Ceuta;18
2016;2;1742.8;Libre;51;Ceuta;Ceuta;18
2016;3;1715;Libre;51;Ceuta;Ceuta;18
2016;4;1741.7;Libre;51;Ceuta;Ceuta;18
2017;1;1755.7;Libre;51;Ceuta;Ceuta;18
2017;2;1818.7;Libre;51;Ceuta;Ceuta;18
2017;3;1763.3;Libre;51;Ceuta;Ceuta;18
2017;4;1754.9;Libre;51;Ceuta;Ceuta;18
2018;1;1790.5;Libre;51;Ceuta;Ceuta;18
2018;2;1728.9;Libre;51;Ceuta;Ceuta;18
2018;3;1710.6;Libre;51;Ceuta;Ceuta;18
2018;4;1687.5;Libre;51;Ceuta;Ceuta;18
2019;1;1728.7;Libre;51;Ceuta;Ceuta;18
2019;2;1731.4;Libre;51;Ceuta;Ceuta;18
2019;3;1786.1;Libre;51;Ceuta;Ceuta;18
2019;4;1732.4;Libre;51;Ceuta;Ceuta;18
2020;1;1745.6;Libre;51;Ceuta;Ceuta;18
2020;2;1749.9;Libre;51;Ceuta;Ceuta;18
2020;3;1806;Libre;51;Ceuta;Ceuta;18
2020;4;1781.7;Libre;51;Ceuta;Ceuta;18
2021;1;1786;Libre;51;Ceuta;Ceuta;18
2021;2;1796.6;Libre;51;Ceuta;Ceuta;18
2021;3;1797.7;Libre;51;Ceuta;Ceuta;18
2021;4;1749.2;Libre;51;Ceuta;Ceuta;18
2022;1;1813.9;Libre;51;Ceuta;Ceuta;18
2022;2;1850.7;Libre;51;Ceuta;Ceuta;18
2022;3;1849.5;Libre;51;Ceuta;Ceuta;18
2022;4;1852.9;Libre;51;Ceuta;Ceuta;18
2023;1;1822.8;Libre;51;Ceuta;Ceuta;18
2023;2;1862.5;Libre;51;Ceuta;Ceuta;18
2023;3;1862.9;Libre;51;Ceuta;Ceuta;18
2023;4;1825.2;Libre;51;Ceuta;Ceuta;18
2024;1;1896.9;Libre;51;Ceuta;Ceuta;18
2024;2;1950.3;Libre;51;Ceuta;Ceuta;18
2024;3;1957.2;Libre;51;Ceuta;Ceuta;18
2024;4;1975.6;Libre;51;Ceuta;Ceuta;18
2025;1;2048.1;Libre;51;Ceuta;Ceuta;18
2025;2;2079;Libre;51;Ceuta;Ceuta;18
2025;3;2066.6;Libre;51;Ceuta;Ceuta;18
2025;4;2148.5;Libre;51;Ceuta;Ceuta;18
2026;1;2212;Libre;51;Ceuta;Ceuta;18
2026;2;2214.9;Libre;51;Ceuta;Ceuta;18
2004;1;1053.5;Libre;52;Melilla;Melilla;19
2004;2;1077;Libre;52;Melilla;Melilla;19
2004;3;1074.8;Libre;52;Melilla;Melilla;19
2004;4;1079.3;Libre;52;Melilla;Melilla;19
2005;1;1121.9;Libre;52;Melilla;Melilla;19
2005;2;1149.9;Libre;52;Melilla;Melilla;19
2005;3;1280.1;Libre;52;Melilla;Melilla;19
2005;4;1220.8;Libre;52;Melilla;Melilla;19
2006;1;1273.4;Libre;52;Melilla;Melilla;19
2006;2;1320.5;Libre;52;Melilla;Melilla;19
2006;3;1417;Libre;52;Melilla;Melilla;19
2006;4;1422.5;Libre;52;Melilla;Melilla;19
2007;1;1429;Libre;52;Melilla;Melilla;19
2007;2;1461.8;Libre;52;Melilla;Melilla;19
2007;3;1496.6;Libre;52;Melilla;Melilla;19
2007;4;1521.9;Libre;52;Melilla;Melilla;19
2008;1;1528.2;Libre;52;Melilla;Melilla;19
2008;2;1587.5;Libre;52;Melilla;Melilla;19
2008;3;1610.9;Libre;52;Melilla;Melilla;19
2008;4;1630.1;Libre;52;Melilla;Melilla;19
2009;1;1605.4;Libre;52;Melilla;Melilla;19
2009;2;1607;Libre;52;Melilla;Melilla;19
2009;3;1618.9;Libre;52;Melilla;Melilla;19
2009;4;1570.6;Libre;52;Melilla;Melilla;19
2010;1;1624.5;Libre;52;Melilla;Melilla;19
2010;2;1678.4;Libre;52;Melilla;Melilla;19
2010;3;1605.7;Libre;52;Melilla;Melilla;19
2010;4;1571.8;Libre;52;Melilla;Melilla;19
2011;1;1537;Libre;52;Melilla;Melilla;19
2011;2;1672.3;Libre;52;Melilla;Melilla;19
2011;3;1607.1;Libre;52;Melilla;Melilla;19
2011;4;1677.8;Libre;52;Melilla;Melilla;19
2012;1;1647.6;Libre;52;Melilla;Melilla;19
2012;2;1622.9;Libre;52;Melilla;Melilla;19
2012;3;1647.2;Libre;52;Melilla;Melilla;19
2012;4;1574.7;Libre;52;Melilla;Melilla;19
2013;1;1585.7;Libre;52;Melilla;Melilla;19
2013;2;1509.6;Libre;52;Melilla;Melilla;19
2013;3;0;Libre;52;Melilla;Melilla;19
2013;4;1481.2;Libre;52;Melilla;Melilla;19
2014;1;1468.5;Libre;52;Melilla;Melilla;19
2014;2;1457.1;Libre;52;Melilla;Melilla;19
2014;3;1430.4;Libre;52;Melilla;Melilla;19
2014;4;1488.6;Libre;52;Melilla;Melilla;19
2015;1;1505.1;Libre;52;Melilla;Melilla;19
2015;2;1434.4;Libre;52;Melilla;Melilla;19
2015;3;1467.9;Libre;52;Melilla;Melilla;19
2015;4;1463;Libre;52;Melilla;Melilla;19
2016;1;1489.3;Libre;52;Melilla;Melilla;19
2016;2;1468.1;Libre;52;Melilla;Melilla;19
2016;3;1493.5;Libre;52;Melilla;Melilla;19
2016;4;1504.8;Libre;52;Melilla;Melilla;19
2017;1;1551.6;Libre;52;Melilla;Melilla;19
2017;2;1572.5;Libre;52;Melilla;Melilla;19
2017;3;1563.1;Libre;52;Melilla;Melilla;19
2017;4;1520.7;Libre;52;Melilla;Melilla;19
2018;1;1556.5;Libre;52;Melilla;Melilla;19
2018;2;1613.2;Libre;52;Melilla;Melilla;19
2018;3;1604.9;Libre;52;Melilla;Melilla;19
2018;4;1653.9;Libre;52;Melilla;Melilla;19
2019;1;1687.7;Libre;52;Melilla;Melilla;19
2019;2;1641.9;Libre;52;Melilla;Melilla;19
2019;3;1613.3;Libre;52;Melilla;Melilla;19
2019;4;1667.7;Libre;52;Melilla;Melilla;19
2020;1;1624.2;Libre;52;Melilla;Melilla;19
2020;2;1647.6;Libre;52;Melilla;Melilla;19
2020;3;1684.5;Libre;52;Melilla;Melilla;19
2020;4;1657.4;Libre;52;Melilla;Melilla;19
2021;1;1647.5;Libre;52;Melilla;Melilla;19
2021;2;1689;Libre;52;Melilla;Melilla;19
2021;3;1699.1;Libre;52;Melilla;Melilla;19
2021;4;1670.1;Libre;52;Melilla;Melilla;19
2022;1;1737.7;Libre;52;Melilla;Melilla;19
2022;2;1772.2;Libre;52;Melilla;Melilla;19
2022;3;1765.4;Libre;52;Melilla;Melilla;19
2022;4;1814.7;Libre;52;Melilla;Melilla;19
2023;1;1797.9;Libre;52;Melilla;Melilla;19
2023;2;1814.8;Libre;52;Melilla;Melilla;19
2023;3;1886.7;Libre;52;Melilla;Melilla;19
2023;4;1846.7;Libre;52;Melilla;Melilla;19
2024;1;1914;Libre;52;Melilla;Melilla;19
2024;2;1916.1;Libre;52;Melilla;Melilla;19
2024;3;1867.9;Libre;52;Melilla;Melilla;19
2024;4;1915.1;Libre;52;Melilla;Melilla;19
2025;1;1904.4;Libre;52;Melilla;Melilla;19
2025;2;1993.1;Libre;52;Melilla;Melilla;19
2025;3;1995;Libre;52;Melilla;Melilla;19
2025;4;2082.2;Libre;52;Melilla;Melilla;19
2026;1;2122.9;Libre;52;Melilla;Melilla;19
2026;2;2164.5;Libre;52;Melilla;Melilla;19
2005;1;865.4;Protegida;null;Ceuta y Melilla;Ceuta y Melilla;0
2005;2;869.7;Protegida;null;Ceuta y Melilla;Ceuta y Melilla;0
2005;3;869.7;Protegida;null;Ceuta y Melilla;Ceuta y Melilla;0
2005;4;868.4;Protegida;null;Ceuta y Melilla;Ceuta y Melilla;0
2006;1;894.5;Protegida;null;Ceuta y Melilla;Ceuta y Melilla;0
2006;2;902.6;Protegida;null;Ceuta y Melilla;Ceuta y Melilla;0
2006;3;910;Protegida;null;Ceuta y Melilla;Ceuta y Melilla;0
2006;4;921.8;Protegida;null;Ceuta y Melilla;Ceuta y Melilla;0
2007;1;912.7;Protegida;null;Ceuta y Melilla;Ceuta y Melilla;0
2007;2;908.2;Protegida;null;Ceuta y Melilla;Ceuta y Melilla;0
2007;3;906.4;Protegida;null;Ceuta y Melilla;Ceuta y Melilla;0
2007;4;932;Protegida;null;Ceuta y Melilla;Ceuta y Melilla;0
2008;1;956.2;Protegida;null;Ceuta y Melilla;Ceuta y Melilla;0
2008;2;953.8;Protegida;null;Ceuta y Melilla;Ceuta y Melilla;0
2008;3;953.8;Protegida;null;Ceuta y Melilla;Ceuta y Melilla;0
2008;4;954.3;Protegida;null;Ceuta y Melilla;Ceuta y Melilla;0
2009;1;955.1;Protegida;null;Ceuta y Melilla;Ceuta y Melilla;0
2009;2;958.4;Protegida;null;Ceuta y Melilla;Ceuta y Melilla;0
2009;3;958.4;Protegida;null;Ceuta y Melilla;Ceuta y Melilla;0
2009;4;962;Protegida;null;Ceuta y Melilla;Ceuta y Melilla;0
2010;1;958;Protegida;null;Ceuta y Melilla;Ceuta y Melilla;0
2010;2;970.3;Protegida;null;Ceuta y Melilla;Ceuta y Melilla;0
2010;3;980;Protegida;null;Ceuta y Melilla;Ceuta y Melilla;0
2010;4;984.8;Protegida;null;Ceuta y Melilla;Ceuta y Melilla;0
2011;1;980.6;Protegida;null;Ceuta y Melilla;Ceuta y Melilla;0
2011;2;979.9;Protegida;null;Ceuta y Melilla;Ceuta y Melilla;0
2011;3;987.5;Protegida;null;Ceuta y Melilla;Ceuta y Melilla;0
2011;4;966.809;Protegida;null;Ceuta y Melilla;Ceuta y Melilla;0
2012;1;929.1;Protegida;null;Ceuta y Melilla;Ceuta y Melilla;0
2012;2;925.2;Protegida;null;Ceuta y Melilla;Ceuta y Melilla;0
2012;3;933.3;Protegida;null;Ceuta y Melilla;Ceuta y Melilla;0
2018;3;745.3;Protegida;null;Ceuta y Melilla;Ceuta y Melilla;0
2022;3;750.9;Protegida;null;Ceuta y Melilla;Ceuta y Melilla;0
2023;3;754.7;Protegida;null;Ceuta y Melilla;Ceuta y Melilla;0
2025;1;747.9;Protegida;null;Ceuta y Melilla;Ceuta y Melilla;0
2004;1;1130.4;Libre;null;Ceuta y Melilla;Ceuta y Melilla;0
2004;2;1207.8;Libre;null;Ceuta y Melilla;Ceuta y Melilla;0
2004;3;1169.7;Libre;null;Ceuta y Melilla;Ceuta y Melilla;0
2004;4;1196.8;Libre;null;Ceuta y Melilla;Ceuta y Melilla;0
2005;1;1228.7;Libre;null;Ceuta y Melilla;Ceuta y Melilla;0
2005;2;1320.9;Libre;null;Ceuta y Melilla;Ceuta y Melilla;0
2005;3;1369.9;Libre;null;Ceuta y Melilla;Ceuta y Melilla;0
2005;4;1330.4;Libre;null;Ceuta y Melilla;Ceuta y Melilla;0
2006;1;1376.1;Libre;null;Ceuta y Melilla;Ceuta y Melilla;0
2006;2;1472;Libre;null;Ceuta y Melilla;Ceuta y Melilla;0
2006;3;1543.6;Libre;null;Ceuta y Melilla;Ceuta y Melilla;0
2006;4;1546.2;Libre;null;Ceuta y Melilla;Ceuta y Melilla;0
2007;1;1565.5;Libre;null;Ceuta y Melilla;Ceuta y Melilla;0
2007;2;1610.7;Libre;null;Ceuta y Melilla;Ceuta y Melilla;0
2007;3;1635.7;Libre;null;Ceuta y Melilla;Ceuta y Melilla;0
2007;4;1667.3;Libre;null;Ceuta y Melilla;Ceuta y Melilla;0
2008;1;1669;Libre;null;Ceuta y Melilla;Ceuta y Melilla;0
2008;2;1707.9;Libre;null;Ceuta y Melilla;Ceuta y Melilla;0
2008;3;1749.7;Libre;null;Ceuta y Melilla;Ceuta y Melilla;0
2008;4;1748.9;Libre;null;Ceuta y Melilla;Ceuta y Melilla;0
2009;1;1686.8;Libre;null;Ceuta y Melilla;Ceuta y Melilla;0
2009;2;1699.1;Libre;null;Ceuta y Melilla;Ceuta y Melilla;0
2009;3;1696.1;Libre;null;Ceuta y Melilla;Ceuta y Melilla;0
2009;4;1685.8;Libre;null;Ceuta y Melilla;Ceuta y Melilla;0
2010;1;1653.6;Libre;null;Ceuta y Melilla;Ceuta y Melilla;0
2010;2;1701.6;Libre;null;Ceuta y Melilla;Ceuta y Melilla;0
2010;3;1679.5;Libre;null;Ceuta y Melilla;Ceuta y Melilla;0
2010;4;1703.9;Libre;null;Ceuta y Melilla;Ceuta y Melilla;0
2011;1;1630.4;Libre;null;Ceuta y Melilla;Ceuta y Melilla;0
2011;2;1694.1;Libre;null;Ceuta y Melilla;Ceuta y Melilla;0
2011;3;1673.8;Libre;null;Ceuta y Melilla;Ceuta y Melilla;0
2011;4;1670.5;Libre;null;Ceuta y Melilla;Ceuta y Melilla;0
2012;1;1672.2;Libre;null;Ceuta y Melilla;Ceuta y Melilla;0
2012;2;1660.2;Libre;null;Ceuta y Melilla;Ceuta y Melilla;0
2012;3;1644.9;Libre;null;Ceuta y Melilla;Ceuta y Melilla;0
2012;4;1570.9;Libre;null;Ceuta y Melilla;Ceuta y Melilla;0
2013;1;1588.2;Libre;null;Ceuta y Melilla;Ceuta y Melilla;0
2013;2;1585;Libre;null;Ceuta y Melilla;Ceuta y Melilla;0
2013;3;1571.5;Libre;null;Ceuta y Melilla;Ceuta y Melilla;0
2013;4;1579;Libre;null;Ceuta y Melilla;Ceuta y Melilla;0
2014;1;1586.6;Libre;null;Ceuta y Melilla;Ceuta y Melilla;0
2014;2;1556.2;Libre;null;Ceuta y Melilla;Ceuta y Melilla;0
2014;3;1577.5;Libre;null;Ceuta y Melilla;Ceuta y Melilla;0
2014;4;1578.2;Libre;null;Ceuta y Melilla;Ceuta y Melilla;0
2015;1;1565.2;Libre;null;Ceuta y Melilla;Ceuta y Melilla;0
2015;2;1542.8;Libre;null;Ceuta y Melilla;Ceuta y Melilla;0
2015;3;1558.7;Libre;null;Ceuta y Melilla;Ceuta y Melilla;0
2015;4;1550;Libre;null;Ceuta y Melilla;Ceuta y Melilla;0
2016;1;1560.8;Libre;null;Ceuta y Melilla;Ceuta y Melilla;0
2016;2;1577.8;Libre;null;Ceuta y Melilla;Ceuta y Melilla;0
2016;3;1577;Libre;null;Ceuta y Melilla;Ceuta y Melilla;0
2016;4;1595.8;Libre;null;Ceuta y Melilla;Ceuta y Melilla;0
2017;1;1628.8;Libre;null;Ceuta y Melilla;Ceuta y Melilla;0
2017;2;1671.1;Libre;null;Ceuta y Melilla;Ceuta y Melilla;0
2017;3;1643.6;Libre;null;Ceuta y Melilla;Ceuta y Melilla;0
2017;4;1618.9;Libre;null;Ceuta y Melilla;Ceuta y Melilla;0
2018;1;1653.1;Libre;null;Ceuta y Melilla;Ceuta y Melilla;0
2018;2;1654.3;Libre;null;Ceuta y Melilla;Ceuta y Melilla;0
2018;3;1643.6;Libre;null;Ceuta y Melilla;Ceuta y Melilla;0
2018;4;1658.1;Libre;null;Ceuta y Melilla;Ceuta y Melilla;0
2019;1;1693.5;Libre;null;Ceuta y Melilla;Ceuta y Melilla;0
2019;2;1673;Libre;null;Ceuta y Melilla;Ceuta y Melilla;0
2019;3;1686.9;Libre;null;Ceuta y Melilla;Ceuta y Melilla;0
2019;4;1688.5;Libre;null;Ceuta y Melilla;Ceuta y Melilla;0
2020;1;1674.2;Libre;null;Ceuta y Melilla;Ceuta y Melilla;0
2020;2;1689.1;Libre;null;Ceuta y Melilla;Ceuta y Melilla;0
2020;3;1735.6;Libre;null;Ceuta y Melilla;Ceuta y Melilla;0
2020;4;1710.7;Libre;null;Ceuta y Melilla;Ceuta y Melilla;0
2021;1;1706.2;Libre;null;Ceuta y Melilla;Ceuta y Melilla;0
2021;2;1732.2;Libre;null;Ceuta y Melilla;Ceuta y Melilla;0
2021;3;1738.1;Libre;null;Ceuta y Melilla;Ceuta y Melilla;0
2021;4;1699.8;Libre;null;Ceuta y Melilla;Ceuta y Melilla;0
2022;1;1765.7;Libre;null;Ceuta y Melilla;Ceuta y Melilla;0
2022;2;1800.8;Libre;null;Ceuta y Melilla;Ceuta y Melilla;0
2022;3;1796.5;Libre;null;Ceuta y Melilla;Ceuta y Melilla;0
2022;4;1823;Libre;null;Ceuta y Melilla;Ceuta y Melilla;0
2023;1;1800.5;Libre;null;Ceuta y Melilla;Ceuta y Melilla;0
2023;2;1829.1;Libre;null;Ceuta y Melilla;Ceuta y Melilla;0
2023;3;1866.3;Libre;null;Ceuta y Melilla;Ceuta y Melilla;0
2023;4;1827.3;Libre;null;Ceuta y Melilla;Ceuta y Melilla;0
2024;1;1898.5;Libre;null;Ceuta y Melilla;Ceuta y Melilla;0
2024;2;1922.9;Libre;null;Ceuta y Melilla;Ceuta y Melilla;0
2024;3;1904.6;Libre;null;Ceuta y Melilla;Ceuta y Melilla;0
2024;4;1937.5;Libre;null;Ceuta y Melilla;Ceuta y Melilla;0
2025;1;1966.6;Libre;null;Ceuta y Melilla;Ceuta y Melilla;0
2025;2;2027.2;Libre;null;Ceuta y Melilla;Ceuta y Melilla;0
2025;3;2023.7;Libre;null;Ceuta y Melilla;Ceuta y Melilla;0
2025;4;2107.5;Libre;null;Ceuta y Melilla;Ceuta y Melilla;0
2026;1;2161.6;Libre;null;Ceuta y Melilla;Ceuta y Melilla;0
2026;2;2184.9;Libre;null;Ceuta y Melilla;Ceuta y Melilla;0
2005;1;1023.6;Protegida;39;Cantabria;Cantabria;6
2005;2;1029.7;Protegida;39;Cantabria;Cantabria;6
2005;3;1014.1;Protegida;39;Cantabria;Cantabria;6
2005;4;1037.4;Protegida;39;Cantabria;Cantabria;6
2006;1;1075.6;Protegida;39;Cantabria;Cantabria;6
2006;2;1048.8;Protegida;39;Cantabria;Cantabria;6
2006;3;986.7;Protegida;39;Cantabria;Cantabria;6
2006;4;1025.9;Protegida;39;Cantabria;Cantabria;6
2007;1;1069.5;Protegida;39;Cantabria;Cantabria;6
2007;2;1065.9;Protegida;39;Cantabria;Cantabria;6
2007;3;1071.7;Protegida;39;Cantabria;Cantabria;6
2007;4;1081.9;Protegida;39;Cantabria;Cantabria;6
2008;1;1086.7;Protegida;39;Cantabria;Cantabria;6
2008;2;1090.6;Protegida;39;Cantabria;Cantabria;6
2008;3;1128.3;Protegida;39;Cantabria;Cantabria;6
2008;4;1117.5;Protegida;39;Cantabria;Cantabria;6
2009;1;1109.6;Protegida;39;Cantabria;Cantabria;6
2009;2;1117;Protegida;39;Cantabria;Cantabria;6
2009;3;1137.2;Protegida;39;Cantabria;Cantabria;6
2009;4;1133.8;Protegida;39;Cantabria;Cantabria;6
2010;1;1148.1;Protegida;39;Cantabria;Cantabria;6
2010;2;1164;Protegida;39;Cantabria;Cantabria;6
2010;3;1170.4;Protegida;39;Cantabria;Cantabria;6
2010;4;1198.2;Protegida;39;Cantabria;Cantabria;6
2011;1;1189.6;Protegida;39;Cantabria;Cantabria;6
2011;2;1181.2;Protegida;39;Cantabria;Cantabria;6
2011;3;1174.6;Protegida;39;Cantabria;Cantabria;6
2011;4;1172.7;Protegida;39;Cantabria;Cantabria;6
2012;1;1163.3;Protegida;39;Cantabria;Cantabria;6
2012;4;1108.9;Protegida;39;Cantabria;Cantabria;6
2013;1;1102.8;Protegida;39;Cantabria;Cantabria;6
2013;2;1091.4;Protegida;39;Cantabria;Cantabria;6
2014;2;1071.9;Protegida;39;Cantabria;Cantabria;6
2014;3;1099.4;Protegida;39;Cantabria;Cantabria;6
2014;4;1077.6;Protegida;39;Cantabria;Cantabria;6
2015;1;1063.1;Protegida;39;Cantabria;Cantabria;6
2015;2;1059.1;Protegida;39;Cantabria;Cantabria;6
2015;3;1048;Protegida;39;Cantabria;Cantabria;6
2015;4;1037.7;Protegida;39;Cantabria;Cantabria;6
2016;1;1047.5;Protegida;39;Cantabria;Cantabria;6
2016;2;1036.3;Protegida;39;Cantabria;Cantabria;6
2016;3;1039.7;Protegida;39;Cantabria;Cantabria;6
2016;4;1073.2;Protegida;39;Cantabria;Cantabria;6
2017;1;1055.3;Protegida;39;Cantabria;Cantabria;6
2017;2;1039;Protegida;39;Cantabria;Cantabria;6
2017;3;1053.4;Protegida;39;Cantabria;Cantabria;6
2017;4;1066.6;Protegida;39;Cantabria;Cantabria;6
2018;1;1047.7;Protegida;39;Cantabria;Cantabria;6
2018;2;1046.6;Protegida;39;Cantabria;Cantabria;6
2018;3;1035.5;Protegida;39;Cantabria;Cantabria;6
2018;4;1023.4;Protegida;39;Cantabria;Cantabria;6
2019;1;1026.9;Protegida;39;Cantabria;Cantabria;6
2019;2;1049.1;Protegida;39;Cantabria;Cantabria;6
2019;3;1049.8;Protegida;39;Cantabria;Cantabria;6
2019;4;1057.8;Protegida;39;Cantabria;Cantabria;6
2020;1;1050.3;Protegida;39;Cantabria;Cantabria;6
2020;2;1051;Protegida;39;Cantabria;Cantabria;6
2020;3;1072.9;Protegida;39;Cantabria;Cantabria;6
2020;4;1054.5;Protegida;39;Cantabria;Cantabria;6
2021;1;1062.6;Protegida;39;Cantabria;Cantabria;6
2021;2;1077.3;Protegida;39;Cantabria;Cantabria;6
2021;3;1071;Protegida;39;Cantabria;Cantabria;6
2021;4;1069.3;Protegida;39;Cantabria;Cantabria;6
2022;1;1081.6;Protegida;39;Cantabria;Cantabria;6
2022;2;1080.7;Protegida;39;Cantabria;Cantabria;6
2022;3;1077.6;Protegida;39;Cantabria;Cantabria;6
2022;4;1068.6;Protegida;39;Cantabria;Cantabria;6
2023;1;1091.2;Protegida;39;Cantabria;Cantabria;6
2023;2;1105.4;Protegida;39;Cantabria;Cantabria;6
2023;3;1088.7;Protegida;39;Cantabria;Cantabria;6
2023;4;1110;Protegida;39;Cantabria;Cantabria;6
2024;1;1098.3;Protegida;39;Cantabria;Cantabria;6
2024;2;1094.3;Protegida;39;Cantabria;Cantabria;6
2024;3;1095.1;Protegida;39;Cantabria;Cantabria;6
2024;4;1097.3;Protegida;39;Cantabria;Cantabria;6
2025;1;1113.2;Protegida;39;Cantabria;Cantabria;6
2025;2;1122.4;Protegida;39;Cantabria;Cantabria;6
2025;3;1119.6;Protegida;39;Cantabria;Cantabria;6
2025;4;1112.4;Protegida;39;Cantabria;Cantabria;6
2026;1;1141;Protegida;39;Cantabria;Cantabria;6
2026;2;1135;Protegida;39;Cantabria;Cantabria;6
1995;1;750;Libre;39;Cantabria;Cantabria;6
1995;2;751.6;Libre;39;Cantabria;Cantabria;6
1995;3;714.3;Libre;39;Cantabria;Cantabria;6
1995;4;735.4;Libre;39;Cantabria;Cantabria;6
1996;1;733.7;Libre;39;Cantabria;Cantabria;6
1996;2;728.9;Libre;39;Cantabria;Cantabria;6
1996;3;735.4;Libre;39;Cantabria;Cantabria;6
1996;4;784.1;Libre;39;Cantabria;Cantabria;6
1997;1;753.2;Libre;39;Cantabria;Cantabria;6
1997;2;775.9;Libre;39;Cantabria;Cantabria;6
1997;3;771.1;Libre;39;Cantabria;Cantabria;6
1997;4;756.5;Libre;39;Cantabria;Cantabria;6
1998;1;754.8;Libre;39;Cantabria;Cantabria;6
1998;2;763;Libre;39;Cantabria;Cantabria;6
1998;3;780.8;Libre;39;Cantabria;Cantabria;6
1998;4;787.3;Libre;39;Cantabria;Cantabria;6
1999;1;775.9;Libre;39;Cantabria;Cantabria;6
1999;2;801.9;Libre;39;Cantabria;Cantabria;6
1999;3;845.7;Libre;39;Cantabria;Cantabria;6
1999;4;863.6;Libre;39;Cantabria;Cantabria;6
2000;1;879.8;Libre;39;Cantabria;Cantabria;6
2000;2;886.3;Libre;39;Cantabria;Cantabria;6
2000;3;944.8;Libre;39;Cantabria;Cantabria;6
2000;4;972.4;Libre;39;Cantabria;Cantabria;6
2001;1;1025.9;Libre;39;Cantabria;Cantabria;6
2001;2;1077.9;Libre;39;Cantabria;Cantabria;6
2001;3;1103.8;Libre;39;Cantabria;Cantabria;6
2001;4;1115.2;Libre;39;Cantabria;Cantabria;6
2002;1;1173.6;Libre;39;Cantabria;Cantabria;6
2002;2;1199.6;Libre;39;Cantabria;Cantabria;6
2002;3;1245.1;Libre;39;Cantabria;Cantabria;6
2002;4;1287.3;Libre;39;Cantabria;Cantabria;6
2003;1;1308.4;Libre;39;Cantabria;Cantabria;6
2003;2;1324.6;Libre;39;Cantabria;Cantabria;6
2003;3;1387.9;Libre;39;Cantabria;Cantabria;6
2003;4;1435;Libre;39;Cantabria;Cantabria;6
2004;1;1461;Libre;39;Cantabria;Cantabria;6
2004;2;1439.9;Libre;39;Cantabria;Cantabria;6
2004;3;1525.9;Libre;39;Cantabria;Cantabria;6
2004;4;1623.3;Libre;39;Cantabria;Cantabria;6
2005;1;1623.3;Libre;39;Cantabria;Cantabria;6
2005;2;1707.7;Libre;39;Cantabria;Cantabria;6
2005;3;1686;Libre;39;Cantabria;Cantabria;6
2005;4;1729.8;Libre;39;Cantabria;Cantabria;6
2006;1;1832.7;Libre;39;Cantabria;Cantabria;6
2006;2;1907.4;Libre;39;Cantabria;Cantabria;6
2006;3;1943.1;Libre;39;Cantabria;Cantabria;6
2006;4;1943.1;Libre;39;Cantabria;Cantabria;6
2007;1;1986.9;Libre;39;Cantabria;Cantabria;6
2007;2;2030.7;Libre;39;Cantabria;Cantabria;6
2007;3;2089.2;Libre;39;Cantabria;Cantabria;6
2007;4;2050.2;Libre;39;Cantabria;Cantabria;6
2008;1;2035.6;Libre;39;Cantabria;Cantabria;6
2008;2;2076.2;Libre;39;Cantabria;Cantabria;6
2008;3;2027.5;Libre;39;Cantabria;Cantabria;6
2008;4;1957.7;Libre;39;Cantabria;Cantabria;6
2009;1;1876.5;Libre;39;Cantabria;Cantabria;6
2009;2;1850.2;Libre;39;Cantabria;Cantabria;6
2009;3;1803.2;Libre;39;Cantabria;Cantabria;6
2009;4;1798.7;Libre;39;Cantabria;Cantabria;6
2010;1;1882.1;Libre;39;Cantabria;Cantabria;6
2010;2;1852.2;Libre;39;Cantabria;Cantabria;6
2010;3;1833.3;Libre;39;Cantabria;Cantabria;6
2010;4;1854.4;Libre;39;Cantabria;Cantabria;6
2011;1;1749.7;Libre;39;Cantabria;Cantabria;6
2011;2;1782.9;Libre;39;Cantabria;Cantabria;6
2011;3;1807.9;Libre;39;Cantabria;Cantabria;6
2011;4;1789.8;Libre;39;Cantabria;Cantabria;6
2012;1;1745.1;Libre;39;Cantabria;Cantabria;6
2012;2;1771.3;Libre;39;Cantabria;Cantabria;6
2012;3;1698.7;Libre;39;Cantabria;Cantabria;6
2012;4;1651.1;Libre;39;Cantabria;Cantabria;6
2013;1;1591.7;Libre;39;Cantabria;Cantabria;6
2013;2;1596.5;Libre;39;Cantabria;Cantabria;6
2013;3;1516.7;Libre;39;Cantabria;Cantabria;6
2013;4;1450;Libre;39;Cantabria;Cantabria;6
2014;1;1482.3;Libre;39;Cantabria;Cantabria;6
2014;2;1504.7;Libre;39;Cantabria;Cantabria;6
2014;3;1497.1;Libre;39;Cantabria;Cantabria;6
2014;4;1502.8;Libre;39;Cantabria;Cantabria;6
2015;1;1471.9;Libre;39;Cantabria;Cantabria;6
2015;2;1512.4;Libre;39;Cantabria;Cantabria;6
2015;3;1484.9;Libre;39;Cantabria;Cantabria;6
2015;4;1442.4;Libre;39;Cantabria;Cantabria;6
2016;1;1452.2;Libre;39;Cantabria;Cantabria;6
2016;2;1493.4;Libre;39;Cantabria;Cantabria;6
2016;3;1458.9;Libre;39;Cantabria;Cantabria;6
2016;4;1457.6;Libre;39;Cantabria;Cantabria;6
2017;1;1495.4;Libre;39;Cantabria;Cantabria;6
2017;2;1473.5;Libre;39;Cantabria;Cantabria;6
2017;3;1477;Libre;39;Cantabria;Cantabria;6
2017;4;1468.6;Libre;39;Cantabria;Cantabria;6
2018;1;1428.1;Libre;39;Cantabria;Cantabria;6
2018;2;1450.2;Libre;39;Cantabria;Cantabria;6
2018;3;1437.1;Libre;39;Cantabria;Cantabria;6
2018;4;1479.5;Libre;39;Cantabria;Cantabria;6
2019;1;1456.2;Libre;39;Cantabria;Cantabria;6
2019;2;1469.9;Libre;39;Cantabria;Cantabria;6
2019;3;1490.2;Libre;39;Cantabria;Cantabria;6
2019;4;1447.4;Libre;39;Cantabria;Cantabria;6
2020;1;1455;Libre;39;Cantabria;Cantabria;6
2020;2;1411.9;Libre;39;Cantabria;Cantabria;6
2020;3;1449.9;Libre;39;Cantabria;Cantabria;6
2020;4;1432.8;Libre;39;Cantabria;Cantabria;6
2021;1;1441.2;Libre;39;Cantabria;Cantabria;6
2021;2;1468.4;Libre;39;Cantabria;Cantabria;6
2021;3;1480.5;Libre;39;Cantabria;Cantabria;6
2021;4;1467.5;Libre;39;Cantabria;Cantabria;6
2022;1;1464.6;Libre;39;Cantabria;Cantabria;6
2022;2;1509.6;Libre;39;Cantabria;Cantabria;6
2022;3;1557.7;Libre;39;Cantabria;Cantabria;6
2022;4;1512.7;Libre;39;Cantabria;Cantabria;6
2023;1;1504.4;Libre;39;Cantabria;Cantabria;6
2023;2;1547.5;Libre;39;Cantabria;Cantabria;6
2023;3;1564.2;Libre;39;Cantabria;Cantabria;6
2023;4;1572.3;Libre;39;Cantabria;Cantabria;6
2024;1;1612.2;Libre;39;Cantabria;Cantabria;6
2024;2;1626.5;Libre;39;Cantabria;Cantabria;6
2024;3;1679.2;Libre;39;Cantabria;Cantabria;6
2024;4;1700.8;Libre;39;Cantabria;Cantabria;6
2025;1;1772.8;Libre;39;Cantabria;Cantabria;6
2025;2;1851.3;Libre;39;Cantabria;Cantabria;6
2025;3;1933.5;Libre;39;Cantabria;Cantabria;6
2025;4;1984.7;Libre;39;Cantabria;Cantabria;6
2026;1;2081.7;Libre;39;Cantabria;Cantabria;6
2026;2;2122;Libre;39;Cantabria;Cantabria;6
2005;1;864.5;Protegida;7;Balears, Illes;Balears, Illes;4
2005;2;891.3;Protegida;7;Balears, Illes;Balears, Illes;4
2005;3;954.6;Protegida;7;Balears, Illes;Balears, Illes;4
2005;4;1011.9;Protegida;7;Balears, Illes;Balears, Illes;4
2006;1;1012.3;Protegida;7;Balears, Illes;Balears, Illes;4
2006;2;1061.6;Protegida;7;Balears, Illes;Balears, Illes;4
2006;3;1090.2;Protegida;7;Balears, Illes;Balears, Illes;4
2006;4;1048.1;Protegida;7;Balears, Illes;Balears, Illes;4
2007;1;1068.6;Protegida;7;Balears, Illes;Balears, Illes;4
2007;2;1093.9;Protegida;7;Balears, Illes;Balears, Illes;4
2007;3;1106.9;Protegida;7;Balears, Illes;Balears, Illes;4
2007;4;1137.5;Protegida;7;Balears, Illes;Balears, Illes;4
2008;1;1169;Protegida;7;Balears, Illes;Balears, Illes;4
2008;2;1175.1;Protegida;7;Balears, Illes;Balears, Illes;4
2008;3;1170.2;Protegida;7;Balears, Illes;Balears, Illes;4
2008;4;1170.2;Protegida;7;Balears, Illes;Balears, Illes;4
2009;1;1167;Protegida;7;Balears, Illes;Balears, Illes;4
2009;2;1153.6;Protegida;7;Balears, Illes;Balears, Illes;4
2009;3;1163.2;Protegida;7;Balears, Illes;Balears, Illes;4
2009;4;1169.3;Protegida;7;Balears, Illes;Balears, Illes;4
2010;1;1165;Protegida;7;Balears, Illes;Balears, Illes;4
2010;2;1178;Protegida;7;Balears, Illes;Balears, Illes;4
2010;3;1201.1;Protegida;7;Balears, Illes;Balears, Illes;4
2010;4;1206.3;Protegida;7;Balears, Illes;Balears, Illes;4
2011;1;1197.6;Protegida;7;Balears, Illes;Balears, Illes;4
2011;2;1221.9;Protegida;7;Balears, Illes;Balears, Illes;4
2011;3;1249.5;Protegida;7;Balears, Illes;Balears, Illes;4
2011;4;1260.5;Protegida;7;Balears, Illes;Balears, Illes;4
2012;1;1304.4;Protegida;7;Balears, Illes;Balears, Illes;4
2012;2;1342.4;Protegida;7;Balears, Illes;Balears, Illes;4
2013;1;1307.5;Protegida;7;Balears, Illes;Balears, Illes;4
2013;2;1256.8;Protegida;7;Balears, Illes;Balears, Illes;4
2013;4;1242.9;Protegida;7;Balears, Illes;Balears, Illes;4
2014;1;1247.4;Protegida;7;Balears, Illes;Balears, Illes;4
2014;2;1236.3;Protegida;7;Balears, Illes;Balears, Illes;4
2014;3;1229.1;Protegida;7;Balears, Illes;Balears, Illes;4
2014;4;1203.9;Protegida;7;Balears, Illes;Balears, Illes;4
2015;1;1185.1;Protegida;7;Balears, Illes;Balears, Illes;4
2015;2;1171.3;Protegida;7;Balears, Illes;Balears, Illes;4
2015;3;1145.8;Protegida;7;Balears, Illes;Balears, Illes;4
2015;4;1141.6;Protegida;7;Balears, Illes;Balears, Illes;4
2016;1;1135.9;Protegida;7;Balears, Illes;Balears, Illes;4
2016;2;1133.9;Protegida;7;Balears, Illes;Balears, Illes;4
2016;3;1107.9;Protegida;7;Balears, Illes;Balears, Illes;4
2016;4;1082.6;Protegida;7;Balears, Illes;Balears, Illes;4
2017;1;1065;Protegida;7;Balears, Illes;Balears, Illes;4
2017;2;1064.4;Protegida;7;Balears, Illes;Balears, Illes;4
2017;3;1056.3;Protegida;7;Balears, Illes;Balears, Illes;4
2017;4;1063.2;Protegida;7;Balears, Illes;Balears, Illes;4
2018;1;1065.2;Protegida;7;Balears, Illes;Balears, Illes;4
2018;2;1069.3;Protegida;7;Balears, Illes;Balears, Illes;4
2018;3;1063.1;Protegida;7;Balears, Illes;Balears, Illes;4
2018;4;1067.9;Protegida;7;Balears, Illes;Balears, Illes;4
2019;1;1059.9;Protegida;7;Balears, Illes;Balears, Illes;4
2019;2;1074.5;Protegida;7;Balears, Illes;Balears, Illes;4
2019;3;1070.3;Protegida;7;Balears, Illes;Balears, Illes;4
2019;4;1076.6;Protegida;7;Balears, Illes;Balears, Illes;4
2020;1;1061.1;Protegida;7;Balears, Illes;Balears, Illes;4
2020;2;1073;Protegida;7;Balears, Illes;Balears, Illes;4
2020;3;1066.4;Protegida;7;Balears, Illes;Balears, Illes;4
2020;4;1068.6;Protegida;7;Balears, Illes;Balears, Illes;4
2021;1;1068.6;Protegida;7;Balears, Illes;Balears, Illes;4
2021;2;1065.6;Protegida;7;Balears, Illes;Balears, Illes;4
2021;3;1063.3;Protegida;7;Balears, Illes;Balears, Illes;4
2021;4;1061.1;Protegida;7;Balears, Illes;Balears, Illes;4
2022;1;1067.6;Protegida;7;Balears, Illes;Balears, Illes;4
2022;2;1060.2;Protegida;7;Balears, Illes;Balears, Illes;4
2022;3;1064.8;Protegida;7;Balears, Illes;Balears, Illes;4
2022;4;1065.2;Protegida;7;Balears, Illes;Balears, Illes;4
2023;1;1066.5;Protegida;7;Balears, Illes;Balears, Illes;4
2023;2;1076.8;Protegida;7;Balears, Illes;Balears, Illes;4
2023;3;1067.4;Protegida;7;Balears, Illes;Balears, Illes;4
2023;4;1071.4;Protegida;7;Balears, Illes;Balears, Illes;4
2024;1;1066.4;Protegida;7;Balears, Illes;Balears, Illes;4
2024;2;1066.4;Protegida;7;Balears, Illes;Balears, Illes;4
2024;3;1068.4;Protegida;7;Balears, Illes;Balears, Illes;4
2024;4;1074.2;Protegida;7;Balears, Illes;Balears, Illes;4
2025;1;1070.4;Protegida;7;Balears, Illes;Balears, Illes;4
2025;2;1099.8;Protegida;7;Balears, Illes;Balears, Illes;4
2025;3;1116.4;Protegida;7;Balears, Illes;Balears, Illes;4
2025;4;1131.4;Protegida;7;Balears, Illes;Balears, Illes;4
2026;1;1155.1;Protegida;7;Balears, Illes;Balears, Illes;4
2026;2;1204.4;Protegida;7;Balears, Illes;Balears, Illes;4
1995;1;586;Libre;7;Balears, Illes;Balears, Illes;4
1995;2;591.6;Libre;7;Balears, Illes;Balears, Illes;4
1995;3;591.6;Libre;7;Balears, Illes;Balears, Illes;4
1995;4;599.2;Libre;7;Balears, Illes;Balears, Illes;4
1996;1;589.7;Libre;7;Balears, Illes;Balears, Illes;4
1996;2;599.2;Libre;7;Balears, Illes;Balears, Illes;4
1996;3;601.1;Libre;7;Balears, Illes;Balears, Illes;4
1996;4;623.8;Libre;7;Balears, Illes;Balears, Illes;4
1997;1;627.5;Libre;7;Balears, Illes;Balears, Illes;4
1997;2;648.3;Libre;7;Balears, Illes;Balears, Illes;4
1997;3;640.8;Libre;7;Balears, Illes;Balears, Illes;4
1997;4;654;Libre;7;Balears, Illes;Balears, Illes;4
1998;1;680.5;Libre;7;Balears, Illes;Balears, Illes;4
1998;2;746.6;Libre;7;Balears, Illes;Balears, Illes;4
1998;3;771.2;Libre;7;Balears, Illes;Balears, Illes;4
1998;4;795.8;Libre;7;Balears, Illes;Balears, Illes;4
1999;1;846.8;Libre;7;Balears, Illes;Balears, Illes;4
1999;2;914.9;Libre;7;Balears, Illes;Balears, Illes;4
1999;3;973.5;Libre;7;Balears, Illes;Balears, Illes;4
1999;4;1026.4;Libre;7;Balears, Illes;Balears, Illes;4
2000;1;1054.7;Libre;7;Balears, Illes;Balears, Illes;4
2000;2;1141.7;Libre;7;Balears, Illes;Balears, Illes;4
2000;3;1156.8;Libre;7;Balears, Illes;Balears, Illes;4
2000;4;1228.6;Libre;7;Balears, Illes;Balears, Illes;4
2001;1;1247.5;Libre;7;Balears, Illes;Balears, Illes;4
2001;2;1317.5;Libre;7;Balears, Illes;Balears, Illes;4
2001;3;1368.5;Libre;7;Balears, Illes;Balears, Illes;4
2001;4;1396.9;Libre;7;Balears, Illes;Balears, Illes;4
2002;1;1413.9;Libre;7;Balears, Illes;Balears, Illes;4
2002;2;1436.6;Libre;7;Balears, Illes;Balears, Illes;4
2002;3;1468.7;Libre;7;Balears, Illes;Balears, Illes;4
2002;4;1508.4;Libre;7;Balears, Illes;Balears, Illes;4
2003;1;1531.1;Libre;7;Balears, Illes;Balears, Illes;4
2003;2;1567;Libre;7;Balears, Illes;Balears, Illes;4
2003;3;1618;Libre;7;Balears, Illes;Balears, Illes;4
2003;4;1631.2;Libre;7;Balears, Illes;Balears, Illes;4
2004;1;1672.8;Libre;7;Balears, Illes;Balears, Illes;4
2004;2;1710.6;Libre;7;Balears, Illes;Balears, Illes;4
2004;3;1769.2;Libre;7;Balears, Illes;Balears, Illes;4
2004;4;1833.5;Libre;7;Balears, Illes;Balears, Illes;4
2005;1;1890.2;Libre;7;Balears, Illes;Balears, Illes;4
2005;2;1969.6;Libre;7;Balears, Illes;Balears, Illes;4
2005;3;2003.6;Libre;7;Balears, Illes;Balears, Illes;4
2005;4;2025.6;Libre;7;Balears, Illes;Balears, Illes;4
2006;1;2120.8;Libre;7;Balears, Illes;Balears, Illes;4
2006;2;2192.6;Libre;7;Balears, Illes;Balears, Illes;4
2006;3;2221;Libre;7;Balears, Illes;Balears, Illes;4
2006;4;2264.5;Libre;7;Balears, Illes;Balears, Illes;4
2007;1;2311.7;Libre;7;Balears, Illes;Balears, Illes;4
2007;2;2364.6;Libre;7;Balears, Illes;Balears, Illes;4
2007;3;2372.2;Libre;7;Balears, Illes;Balears, Illes;4
2007;4;2421.3;Libre;7;Balears, Illes;Balears, Illes;4
2008;1;2408.1;Libre;7;Balears, Illes;Balears, Illes;4
2008;2;2427;Libre;7;Balears, Illes;Balears, Illes;4
2008;3;2411.9;Libre;7;Balears, Illes;Balears, Illes;4
2008;4;2391.1;Libre;7;Balears, Illes;Balears, Illes;4
2009;1;2260.7;Libre;7;Balears, Illes;Balears, Illes;4
2009;2;2199.7;Libre;7;Balears, Illes;Balears, Illes;4
2009;3;2185.2;Libre;7;Balears, Illes;Balears, Illes;4
2009;4;2125.8;Libre;7;Balears, Illes;Balears, Illes;4
2010;1;2118.8;Libre;7;Balears, Illes;Balears, Illes;4
2010;2;2103.7;Libre;7;Balears, Illes;Balears, Illes;4
2010;3;2056.8;Libre;7;Balears, Illes;Balears, Illes;4
2010;4;2094.1;Libre;7;Balears, Illes;Balears, Illes;4
2011;1;2039.5;Libre;7;Balears, Illes;Balears, Illes;4
2011;2;2008;Libre;7;Balears, Illes;Balears, Illes;4
2011;3;1965.8;Libre;7;Balears, Illes;Balears, Illes;4
2011;4;1950.1;Libre;7;Balears, Illes;Balears, Illes;4
2012;1;1885.7;Libre;7;Balears, Illes;Balears, Illes;4
2012;2;1859.3;Libre;7;Balears, Illes;Balears, Illes;4
2012;3;1812.8;Libre;7;Balears, Illes;Balears, Illes;4
2012;4;1800.5;Libre;7;Balears, Illes;Balears, Illes;4
2013;1;1828.9;Libre;7;Balears, Illes;Balears, Illes;4
2013;2;1835.2;Libre;7;Balears, Illes;Balears, Illes;4
2013;3;1900.3;Libre;7;Balears, Illes;Balears, Illes;4
2013;4;1866.1;Libre;7;Balears, Illes;Balears, Illes;4
2014;1;1873.4;Libre;7;Balears, Illes;Balears, Illes;4
2014;2;1901;Libre;7;Balears, Illes;Balears, Illes;4
2014;3;1897.2;Libre;7;Balears, Illes;Balears, Illes;4
2014;4;1911.8;Libre;7;Balears, Illes;Balears, Illes;4
2015;1;1875.2;Libre;7;Balears, Illes;Balears, Illes;4
2015;2;1927.9;Libre;7;Balears, Illes;Balears, Illes;4
2015;3;1957.5;Libre;7;Balears, Illes;Balears, Illes;4
2015;4;2014.5;Libre;7;Balears, Illes;Balears, Illes;4
2016;1;2054.7;Libre;7;Balears, Illes;Balears, Illes;4
2016;2;2041.7;Libre;7;Balears, Illes;Balears, Illes;4
2016;3;2040;Libre;7;Balears, Illes;Balears, Illes;4
2016;4;2070.4;Libre;7;Balears, Illes;Balears, Illes;4
2017;1;2064.5;Libre;7;Balears, Illes;Balears, Illes;4
2017;2;2108.2;Libre;7;Balears, Illes;Balears, Illes;4
2017;3;2151.1;Libre;7;Balears, Illes;Balears, Illes;4
2017;4;2205.4;Libre;7;Balears, Illes;Balears, Illes;4
2018;1;2208.4;Libre;7;Balears, Illes;Balears, Illes;4
2018;2;2214.2;Libre;7;Balears, Illes;Balears, Illes;4
2018;3;2262.9;Libre;7;Balears, Illes;Balears, Illes;4
2018;4;2272.7;Libre;7;Balears, Illes;Balears, Illes;4
2019;1;2321.3;Libre;7;Balears, Illes;Balears, Illes;4
2019;2;2324.8;Libre;7;Balears, Illes;Balears, Illes;4
2019;3;2371.9;Libre;7;Balears, Illes;Balears, Illes;4
2019;4;2425.2;Libre;7;Balears, Illes;Balears, Illes;4
2020;1;2379.2;Libre;7;Balears, Illes;Balears, Illes;4
2020;2;2332.8;Libre;7;Balears, Illes;Balears, Illes;4
2020;3;2381.5;Libre;7;Balears, Illes;Balears, Illes;4
2020;4;2398.1;Libre;7;Balears, Illes;Balears, Illes;4
2021;1;2363.4;Libre;7;Balears, Illes;Balears, Illes;4
2021;2;2443.8;Libre;7;Balears, Illes;Balears, Illes;4
2021;3;2495.7;Libre;7;Balears, Illes;Balears, Illes;4
2021;4;2546.2;Libre;7;Balears, Illes;Balears, Illes;4
2022;1;2611.1;Libre;7;Balears, Illes;Balears, Illes;4
2022;2;2630.6;Libre;7;Balears, Illes;Balears, Illes;4
2022;3;2677.4;Libre;7;Balears, Illes;Balears, Illes;4
2022;4;2696.6;Libre;7;Balears, Illes;Balears, Illes;4
2023;1;2802.8;Libre;7;Balears, Illes;Balears, Illes;4
2023;2;2869.9;Libre;7;Balears, Illes;Balears, Illes;4
2023;3;2919.9;Libre;7;Balears, Illes;Balears, Illes;4
2023;4;2957.7;Libre;7;Balears, Illes;Balears, Illes;4
2024;1;3034.3;Libre;7;Balears, Illes;Balears, Illes;4
2024;2;3108.7;Libre;7;Balears, Illes;Balears, Illes;4
2024;3;3208.4;Libre;7;Balears, Illes;Balears, Illes;4
2024;4;3316.7;Libre;7;Balears, Illes;Balears, Illes;4
2025;1;3436;Libre;7;Balears, Illes;Balears, Illes;4
2025;2;3518.2;Libre;7;Balears, Illes;Balears, Illes;4
2025;3;3672.4;Libre;7;Balears, Illes;Balears, Illes;4
2025;4;3809.9;Libre;7;Balears, Illes;Balears, Illes;4
2026;1;3885.6;Libre;7;Balears, Illes;Balears, Illes;4
2026;2;3980.8;Libre;7;Balears, Illes;Balears, Illes;4
2005;1;887.3;Protegida;26;Rioja, La;Rioja, La;17
2005;2;872.2;Protegida;26;Rioja, La;Rioja, La;17
2005;3;894.5;Protegida;26;Rioja, La;Rioja, La;17
2005;4;941;Protegida;26;Rioja, La;Rioja, La;17
2006;1;945.1;Protegida;26;Rioja, La;Rioja, La;17
2006;2;990.4;Protegida;26;Rioja, La;Rioja, La;17
2006;3;995.4;Protegida;26;Rioja, La;Rioja, La;17
2006;4;981.7;Protegida;26;Rioja, La;Rioja, La;17
2007;1;1001.5;Protegida;26;Rioja, La;Rioja, La;17
2007;2;1023.6;Protegida;26;Rioja, La;Rioja, La;17
2007;3;1037;Protegida;26;Rioja, La;Rioja, La;17
2007;4;1059.6;Protegida;26;Rioja, La;Rioja, La;17
2008;1;1070.3;Protegida;26;Rioja, La;Rioja, La;17
2008;2;1083.5;Protegida;26;Rioja, La;Rioja, La;17
2008;3;1084.3;Protegida;26;Rioja, La;Rioja, La;17
2008;4;1080;Protegida;26;Rioja, La;Rioja, La;17
2009;1;1080;Protegida;26;Rioja, La;Rioja, La;17
2009;2;1043.6;Protegida;26;Rioja, La;Rioja, La;17
2009;3;1031.7;Protegida;26;Rioja, La;Rioja, La;17
2009;4;1041.7;Protegida;26;Rioja, La;Rioja, La;17
2010;1;1051.2;Protegida;26;Rioja, La;Rioja, La;17
2010;2;1062.5;Protegida;26;Rioja, La;Rioja, La;17
2010;3;1074.6;Protegida;26;Rioja, La;Rioja, La;17
2010;4;1079.3;Protegida;26;Rioja, La;Rioja, La;17
2011;1;1066.9;Protegida;26;Rioja, La;Rioja, La;17
2011;2;1074.3;Protegida;26;Rioja, La;Rioja, La;17
2011;3;1074.3;Protegida;26;Rioja, La;Rioja, La;17
2011;4;1132.5;Protegida;26;Rioja, La;Rioja, La;17
2012;1;1165.1;Protegida;26;Rioja, La;Rioja, La;17
2012;2;1165.1;Protegida;26;Rioja, La;Rioja, La;17
2012;3;1153.6;Protegida;26;Rioja, La;Rioja, La;17
2012;4;1145.1;Protegida;26;Rioja, La;Rioja, La;17
2013;1;1123.3;Protegida;26;Rioja, La;Rioja, La;17
2013;2;1094;Protegida;26;Rioja, La;Rioja, La;17
2013;3;1110.6;Protegida;26;Rioja, La;Rioja, La;17
2013;4;1081.5;Protegida;26;Rioja, La;Rioja, La;17
2014;1;1056.4;Protegida;26;Rioja, La;Rioja, La;17
2014;2;1027.5;Protegida;26;Rioja, La;Rioja, La;17
2014;3;1019.4;Protegida;26;Rioja, La;Rioja, La;17
2014;4;1045.3;Protegida;26;Rioja, La;Rioja, La;17
2015;1;1014.2;Protegida;26;Rioja, La;Rioja, La;17
2015;2;1029.2;Protegida;26;Rioja, La;Rioja, La;17
2015;3;1009.2;Protegida;26;Rioja, La;Rioja, La;17
2015;4;1029.9;Protegida;26;Rioja, La;Rioja, La;17
2016;1;1032.4;Protegida;26;Rioja, La;Rioja, La;17
2016;2;997.4;Protegida;26;Rioja, La;Rioja, La;17
2016;3;1024.7;Protegida;26;Rioja, La;Rioja, La;17
2016;4;1051.5;Protegida;26;Rioja, La;Rioja, La;17
2017;1;1056.7;Protegida;26;Rioja, La;Rioja, La;17
2017;2;1038.7;Protegida;26;Rioja, La;Rioja, La;17
2017;3;1033.1;Protegida;26;Rioja, La;Rioja, La;17
2017;4;1015.1;Protegida;26;Rioja, La;Rioja, La;17
2018;1;1028.8;Protegida;26;Rioja, La;Rioja, La;17
2018;2;1037.3;Protegida;26;Rioja, La;Rioja, La;17
2018;3;1026.2;Protegida;26;Rioja, La;Rioja, La;17
2018;4;1040.9;Protegida;26;Rioja, La;Rioja, La;17
2019;1;1042.6;Protegida;26;Rioja, La;Rioja, La;17
2019;2;1028.3;Protegida;26;Rioja, La;Rioja, La;17
2019;3;1022.2;Protegida;26;Rioja, La;Rioja, La;17
2019;4;1035.3;Protegida;26;Rioja, La;Rioja, La;17
2020;1;1031.9;Protegida;26;Rioja, La;Rioja, La;17
2020;2;1048.3;Protegida;26;Rioja, La;Rioja, La;17
2020;3;1042.6;Protegida;26;Rioja, La;Rioja, La;17
2020;4;1061.6;Protegida;26;Rioja, La;Rioja, La;17
2021;1;1048.4;Protegida;26;Rioja, La;Rioja, La;17
2021;2;1044.4;Protegida;26;Rioja, La;Rioja, La;17
2021;3;1070.1;Protegida;26;Rioja, La;Rioja, La;17
2021;4;1103.8;Protegida;26;Rioja, La;Rioja, La;17
2022;1;1088.6;Protegida;26;Rioja, La;Rioja, La;17
2022;2;1091.8;Protegida;26;Rioja, La;Rioja, La;17
2022;3;1103.6;Protegida;26;Rioja, La;Rioja, La;17
2022;4;1073.6;Protegida;26;Rioja, La;Rioja, La;17
2023;1;1052.6;Protegida;26;Rioja, La;Rioja, La;17
2023;2;1037.1;Protegida;26;Rioja, La;Rioja, La;17
2023;3;1057.8;Protegida;26;Rioja, La;Rioja, La;17
2023;4;1069.1;Protegida;26;Rioja, La;Rioja, La;17
2024;1;1082.7;Protegida;26;Rioja, La;Rioja, La;17
2024;2;1091.7;Protegida;26;Rioja, La;Rioja, La;17
2024;3;1083.8;Protegida;26;Rioja, La;Rioja, La;17
2024;4;1078.5;Protegida;26;Rioja, La;Rioja, La;17
2025;1;1076.2;Protegida;26;Rioja, La;Rioja, La;17
2025;2;1081.4;Protegida;26;Rioja, La;Rioja, La;17
2025;3;1099.8;Protegida;26;Rioja, La;Rioja, La;17
2025;4;1079.9;Protegida;26;Rioja, La;Rioja, La;17
2026;1;1096.2;Protegida;26;Rioja, La;Rioja, La;17
2026;2;1087.1;Protegida;26;Rioja, La;Rioja, La;17
1995;1;588.6;Libre;26;Rioja, La;Rioja, La;17
1995;2;598.4;Libre;26;Rioja, La;Rioja, La;17
1995;3;594.2;Libre;26;Rioja, La;Rioja, La;17
1995;4;631.9;Libre;26;Rioja, La;Rioja, La;17
1996;1;625;Libre;26;Rioja, La;Rioja, La;17
1996;2;612.4;Libre;26;Rioja, La;Rioja, La;17
1996;3;622.2;Libre;26;Rioja, La;Rioja, La;17
1996;4;599.8;Libre;26;Rioja, La;Rioja, La;17
1997;1;629.1;Libre;26;Rioja, La;Rioja, La;17
1997;2;611;Libre;26;Rioja, La;Rioja, La;17
1997;3;615.2;Libre;26;Rioja, La;Rioja, La;17
1997;4;613.8;Libre;26;Rioja, La;Rioja, La;17
1998;1;601.2;Libre;26;Rioja, La;Rioja, La;17
1998;2;611;Libre;26;Rioja, La;Rioja, La;17
1998;3;630.5;Libre;26;Rioja, La;Rioja, La;17
1998;4;638.9;Libre;26;Rioja, La;Rioja, La;17
1999;1;680.9;Libre;26;Rioja, La;Rioja, La;17
1999;2;713;Libre;26;Rioja, La;Rioja, La;17
1999;3;710.2;Libre;26;Rioja, La;Rioja, La;17
1999;4;728.4;Libre;26;Rioja, La;Rioja, La;17
2000;1;755;Libre;26;Rioja, La;Rioja, La;17
2000;2;798.3;Libre;26;Rioja, La;Rioja, La;17
2000;3;812.3;Libre;26;Rioja, La;Rioja, La;17
2000;4;815.1;Libre;26;Rioja, La;Rioja, La;17
2001;1;880.8;Libre;26;Rioja, La;Rioja, La;17
2001;2;914.4;Libre;26;Rioja, La;Rioja, La;17
2001;3;933.9;Libre;26;Rioja, La;Rioja, La;17
2001;4;957.7;Libre;26;Rioja, La;Rioja, La;17
2002;1;1015;Libre;26;Rioja, La;Rioja, La;17
2002;2;1038.8;Libre;26;Rioja, La;Rioja, La;17
2002;3;1044.4;Libre;26;Rioja, La;Rioja, La;17
2002;4;1079.3;Libre;26;Rioja, La;Rioja, La;17
2003;1;1131.1;Libre;26;Rioja, La;Rioja, La;17
2003;2;1174.4;Libre;26;Rioja, La;Rioja, La;17
2003;3;1142.2;Libre;26;Rioja, La;Rioja, La;17
2003;4;1192.6;Libre;26;Rioja, La;Rioja, La;17
2004;1;1248.5;Libre;26;Rioja, La;Rioja, La;17
2004;2;1255.5;Libre;26;Rioja, La;Rioja, La;17
2004;3;1234.5;Libre;26;Rioja, La;Rioja, La;17
2004;4;1286.3;Libre;26;Rioja, La;Rioja, La;17
2005;1;1398.1;Libre;26;Rioja, La;Rioja, La;17
2005;2;1392.5;Libre;26;Rioja, La;Rioja, La;17
2005;3;1427.5;Libre;26;Rioja, La;Rioja, La;17
2005;4;1457.5;Libre;26;Rioja, La;Rioja, La;17
2006;1;1558.9;Libre;26;Rioja, La;Rioja, La;17
2006;2;1591;Libre;26;Rioja, La;Rioja, La;17
2006;3;1629.4;Libre;26;Rioja, La;Rioja, La;17
2006;4;1600.8;Libre;26;Rioja, La;Rioja, La;17
2007;1;1600;Libre;26;Rioja, La;Rioja, La;17
2007;2;1593.4;Libre;26;Rioja, La;Rioja, La;17
2007;3;1588.2;Libre;26;Rioja, La;Rioja, La;17
2007;4;1620.8;Libre;26;Rioja, La;Rioja, La;17
2008;1;1644.2;Libre;26;Rioja, La;Rioja, La;17
2008;2;1616.2;Libre;26;Rioja, La;Rioja, La;17
2008;3;1561.7;Libre;26;Rioja, La;Rioja, La;17
2008;4;1525.3;Libre;26;Rioja, La;Rioja, La;17
2009;1;1533.7;Libre;26;Rioja, La;Rioja, La;17
2009;2;1556.7;Libre;26;Rioja, La;Rioja, La;17
2009;3;1539.3;Libre;26;Rioja, La;Rioja, La;17
2009;4;1532.3;Libre;26;Rioja, La;Rioja, La;17
2010;1;1498.8;Libre;26;Rioja, La;Rioja, La;17
2010;2;1516.9;Libre;26;Rioja, La;Rioja, La;17
2010;3;1501.6;Libre;26;Rioja, La;Rioja, La;17
2010;4;1463.8;Libre;26;Rioja, La;Rioja, La;17
2011;1;1463.8;Libre;26;Rioja, La;Rioja, La;17
2011;2;1433.1;Libre;26;Rioja, La;Rioja, La;17
2011;3;1388.7;Libre;26;Rioja, La;Rioja, La;17
2011;4;1347;Libre;26;Rioja, La;Rioja, La;17
2012;1;1347.7;Libre;26;Rioja, La;Rioja, La;17
2012;2;1347.7;Libre;26;Rioja, La;Rioja, La;17
2012;3;1307.2;Libre;26;Rioja, La;Rioja, La;17
2012;4;1307.2;Libre;26;Rioja, La;Rioja, La;17
2013;1;1234;Libre;26;Rioja, La;Rioja, La;17
2013;2;1174.8;Libre;26;Rioja, La;Rioja, La;17
2013;3;1141.9;Libre;26;Rioja, La;Rioja, La;17
2013;4;1092.8;Libre;26;Rioja, La;Rioja, La;17
2014;1;1100.6;Libre;26;Rioja, La;Rioja, La;17
2014;2;1118;Libre;26;Rioja, La;Rioja, La;17
2014;3;1092.4;Libre;26;Rioja, La;Rioja, La;17
2014;4;1061.9;Libre;26;Rioja, La;Rioja, La;17
2015;1;1095.4;Libre;26;Rioja, La;Rioja, La;17
2015;2;1103.8;Libre;26;Rioja, La;Rioja, La;17
2015;3;1124.3;Libre;26;Rioja, La;Rioja, La;17
2015;4;1096;Libre;26;Rioja, La;Rioja, La;17
2016;1;1072.4;Libre;26;Rioja, La;Rioja, La;17
2016;2;1103.1;Libre;26;Rioja, La;Rioja, La;17
2016;3;1067.2;Libre;26;Rioja, La;Rioja, La;17
2016;4;1098.3;Libre;26;Rioja, La;Rioja, La;17
2017;1;1076.6;Libre;26;Rioja, La;Rioja, La;17
2017;2;1100.9;Libre;26;Rioja, La;Rioja, La;17
2017;3;1071.7;Libre;26;Rioja, La;Rioja, La;17
2017;4;1078;Libre;26;Rioja, La;Rioja, La;17
2018;1;1078.7;Libre;26;Rioja, La;Rioja, La;17
2018;2;1110.9;Libre;26;Rioja, La;Rioja, La;17
2018;3;1136;Libre;26;Rioja, La;Rioja, La;17
2018;4;1129.7;Libre;26;Rioja, La;Rioja, La;17
2019;1;1128.6;Libre;26;Rioja, La;Rioja, La;17
2019;2;1088.1;Libre;26;Rioja, La;Rioja, La;17
2019;3;1073.6;Libre;26;Rioja, La;Rioja, La;17
2019;4;1108.4;Libre;26;Rioja, La;Rioja, La;17
2020;1;1102.7;Libre;26;Rioja, La;Rioja, La;17
2020;2;1077;Libre;26;Rioja, La;Rioja, La;17
2020;3;1089.9;Libre;26;Rioja, La;Rioja, La;17
2020;4;1111.4;Libre;26;Rioja, La;Rioja, La;17
2021;1;1079;Libre;26;Rioja, La;Rioja, La;17
2021;2;1089.3;Libre;26;Rioja, La;Rioja, La;17
2021;3;1110.6;Libre;26;Rioja, La;Rioja, La;17
2021;4;1099.7;Libre;26;Rioja, La;Rioja, La;17
2022;1;1128.8;Libre;26;Rioja, La;Rioja, La;17
2022;2;1155.4;Libre;26;Rioja, La;Rioja, La;17
2022;3;1132.4;Libre;26;Rioja, La;Rioja, La;17
2022;4;1142.1;Libre;26;Rioja, La;Rioja, La;17
2023;1;1166.1;Libre;26;Rioja, La;Rioja, La;17
2023;2;1184.4;Libre;26;Rioja, La;Rioja, La;17
2023;3;1213.9;Libre;26;Rioja, La;Rioja, La;17
2023;4;1196.6;Libre;26;Rioja, La;Rioja, La;17
2024;1;1232.3;Libre;26;Rioja, La;Rioja, La;17
2024;2;1209.8;Libre;26;Rioja, La;Rioja, La;17
2024;3;1224.1;Libre;26;Rioja, La;Rioja, La;17
2024;4;1262.3;Libre;26;Rioja, La;Rioja, La;17
2025;1;1303.7;Libre;26;Rioja, La;Rioja, La;17
2025;2;1317.3;Libre;26;Rioja, La;Rioja, La;17
2025;3;1351.6;Libre;26;Rioja, La;Rioja, La;17
2025;4;1367.2;Libre;26;Rioja, La;Rioja, La;17
2026;1;1440;Libre;26;Rioja, La;Rioja, La;17
2026;2;1476.8;Libre;26;Rioja, La;Rioja, La;17
2005;1;838.2;Protegida;35;Palmas, Las;Canarias;5
2005;2;843.6;Protegida;35;Palmas, Las;Canarias;5
2005;3;873.5;Protegida;35;Palmas, Las;Canarias;5
2005;4;891.7;Protegida;35;Palmas, Las;Canarias;5
2006;1;937;Protegida;35;Palmas, Las;Canarias;5
2006;2;965.7;Protegida;35;Palmas, Las;Canarias;5
2006;3;988.6;Protegida;35;Palmas, Las;Canarias;5
2006;4;1017;Protegida;35;Palmas, Las;Canarias;5
2007;1;1025.9;Protegida;35;Palmas, Las;Canarias;5
2007;2;1043.4;Protegida;35;Palmas, Las;Canarias;5
2007;3;1088.6;Protegida;35;Palmas, Las;Canarias;5
2007;4;1109.3;Protegida;35;Palmas, Las;Canarias;5
2008;1;1103.2;Protegida;35;Palmas, Las;Canarias;5
2008;2;1117.2;Protegida;35;Palmas, Las;Canarias;5
2008;3;1101.7;Protegida;35;Palmas, Las;Canarias;5
2008;4;1061.5;Protegida;35;Palmas, Las;Canarias;5
2009;1;1067.5;Protegida;35;Palmas, Las;Canarias;5
2009;2;1062.1;Protegida;35;Palmas, Las;Canarias;5
2009;3;1030.2;Protegida;35;Palmas, Las;Canarias;5
2009;4;1051.4;Protegida;35;Palmas, Las;Canarias;5
2010;1;1063.8;Protegida;35;Palmas, Las;Canarias;5
2010;2;1066.2;Protegida;35;Palmas, Las;Canarias;5
2010;3;1071.2;Protegida;35;Palmas, Las;Canarias;5
2010;4;1096.4;Protegida;35;Palmas, Las;Canarias;5
2011;1;1109.3;Protegida;35;Palmas, Las;Canarias;5
2011;2;1117.9;Protegida;35;Palmas, Las;Canarias;5
2011;3;1129.8;Protegida;35;Palmas, Las;Canarias;5
2011;4;1128.1;Protegida;35;Palmas, Las;Canarias;5
2012;1;1142;Protegida;35;Palmas, Las;Canarias;5
2012;2;1158.9;Protegida;35;Palmas, Las;Canarias;5
2013;1;1121.2;Protegida;35;Palmas, Las;Canarias;5
2013;2;1091.2;Protegida;35;Palmas, Las;Canarias;5
2013;3;1091.6;Protegida;35;Palmas, Las;Canarias;5
2013;4;1078.5;Protegida;35;Palmas, Las;Canarias;5
2014;1;1041.8;Protegida;35;Palmas, Las;Canarias;5
2014;2;1030;Protegida;35;Palmas, Las;Canarias;5
2014;3;994.2;Protegida;35;Palmas, Las;Canarias;5
2014;4;977.3;Protegida;35;Palmas, Las;Canarias;5
2015;1;966.2;Protegida;35;Palmas, Las;Canarias;5
2015;2;974.7;Protegida;35;Palmas, Las;Canarias;5
2015;3;965.5;Protegida;35;Palmas, Las;Canarias;5
2015;4;982;Protegida;35;Palmas, Las;Canarias;5
2016;1;972.4;Protegida;35;Palmas, Las;Canarias;5
2016;2;965.8;Protegida;35;Palmas, Las;Canarias;5
2016;3;970.6;Protegida;35;Palmas, Las;Canarias;5
2016;4;998.5;Protegida;35;Palmas, Las;Canarias;5
2017;1;984.8;Protegida;35;Palmas, Las;Canarias;5
2017;2;972;Protegida;35;Palmas, Las;Canarias;5
2017;3;968.9;Protegida;35;Palmas, Las;Canarias;5
2017;4;968.4;Protegida;35;Palmas, Las;Canarias;5
2018;1;977.4;Protegida;35;Palmas, Las;Canarias;5
2018;2;956.3;Protegida;35;Palmas, Las;Canarias;5
2018;3;953.1;Protegida;35;Palmas, Las;Canarias;5
2018;4;974.1;Protegida;35;Palmas, Las;Canarias;5
2019;1;1000.6;Protegida;35;Palmas, Las;Canarias;5
2019;2;990.5;Protegida;35;Palmas, Las;Canarias;5
2019;3;1016;Protegida;35;Palmas, Las;Canarias;5
2019;4;1016.3;Protegida;35;Palmas, Las;Canarias;5
2020;1;981.3;Protegida;35;Palmas, Las;Canarias;5
2020;2;1000.9;Protegida;35;Palmas, Las;Canarias;5
2020;3;981.8;Protegida;35;Palmas, Las;Canarias;5
2020;4;974.3;Protegida;35;Palmas, Las;Canarias;5
2021;1;991.1;Protegida;35;Palmas, Las;Canarias;5
2021;2;1018;Protegida;35;Palmas, Las;Canarias;5
2021;3;1012;Protegida;35;Palmas, Las;Canarias;5
2021;4;1008.8;Protegida;35;Palmas, Las;Canarias;5
2022;1;1012.2;Protegida;35;Palmas, Las;Canarias;5
2022;2;1018.6;Protegida;35;Palmas, Las;Canarias;5
2022;3;1036.9;Protegida;35;Palmas, Las;Canarias;5
2022;4;1063.3;Protegida;35;Palmas, Las;Canarias;5
2023;1;1095.6;Protegida;35;Palmas, Las;Canarias;5
2023;2;1089.6;Protegida;35;Palmas, Las;Canarias;5
2023;3;1118.2;Protegida;35;Palmas, Las;Canarias;5
2023;4;1119.1;Protegida;35;Palmas, Las;Canarias;5
2024;1;1137.3;Protegida;35;Palmas, Las;Canarias;5
2024;2;1143.7;Protegida;35;Palmas, Las;Canarias;5
2024;3;1145.5;Protegida;35;Palmas, Las;Canarias;5
2024;4;1149.7;Protegida;35;Palmas, Las;Canarias;5
2025;1;1154;Protegida;35;Palmas, Las;Canarias;5
2025;2;1171.6;Protegida;35;Palmas, Las;Canarias;5
2025;3;1182;Protegida;35;Palmas, Las;Canarias;5
2025;4;1192.1;Protegida;35;Palmas, Las;Canarias;5
2026;1;1191;Protegida;35;Palmas, Las;Canarias;5
2026;2;1204.7;Protegida;35;Palmas, Las;Canarias;5
1995;1;576.1;Libre;35;Palmas, Las;Canarias;5
1995;2;606.9;Libre;35;Palmas, Las;Canarias;5
1995;3;606.9;Libre;35;Palmas, Las;Canarias;5
1995;4;613.1;Libre;35;Palmas, Las;Canarias;5
1996;1;619.2;Libre;35;Palmas, Las;Canarias;5
1996;2;630;Libre;35;Palmas, Las;Canarias;5
1996;3;633.1;Libre;35;Palmas, Las;Canarias;5
1996;4;636.2;Libre;35;Palmas, Las;Canarias;5
1997;1;667;Libre;35;Palmas, Las;Canarias;5
1997;2;700.9;Libre;35;Palmas, Las;Canarias;5
1997;3;697.8;Libre;35;Palmas, Las;Canarias;5
1997;4;702.4;Libre;35;Palmas, Las;Canarias;5
1998;1;733.2;Libre;35;Palmas, Las;Canarias;5
1998;2;762.5;Libre;35;Palmas, Las;Canarias;5
1998;3;759.4;Libre;35;Palmas, Las;Canarias;5
1998;4;787.1;Libre;35;Palmas, Las;Canarias;5
1999;1;841.1;Libre;35;Palmas, Las;Canarias;5
1999;2;871.9;Libre;35;Palmas, Las;Canarias;5
1999;3;885.7;Libre;35;Palmas, Las;Canarias;5
1999;4;922.7;Libre;35;Palmas, Las;Canarias;5
2000;1;948.9;Libre;35;Palmas, Las;Canarias;5
2000;2;990.5;Libre;35;Palmas, Las;Canarias;5
2000;3;1027.4;Libre;35;Palmas, Las;Canarias;5
2000;4;1069;Libre;35;Palmas, Las;Canarias;5
2001;1;1107.5;Libre;35;Palmas, Las;Canarias;5
2001;2;1136.8;Libre;35;Palmas, Las;Canarias;5
2001;3;1143;Libre;35;Palmas, Las;Canarias;5
2001;4;1179.9;Libre;35;Palmas, Las;Canarias;5
2002;1;1192.3;Libre;35;Palmas, Las;Canarias;5
2002;2;1244.6;Libre;35;Palmas, Las;Canarias;5
2002;3;1243.1;Libre;35;Palmas, Las;Canarias;5
2002;4;1267.7;Libre;35;Palmas, Las;Canarias;5
2003;1;1295.5;Libre;35;Palmas, Las;Canarias;5
2003;2;1320.1;Libre;35;Palmas, Las;Canarias;5
2003;3;1366.3;Libre;35;Palmas, Las;Canarias;5
2003;4;1389.4;Libre;35;Palmas, Las;Canarias;5
2004;1;1417.2;Libre;35;Palmas, Las;Canarias;5
2004;2;1397.1;Libre;35;Palmas, Las;Canarias;5
2004;3;1463.4;Libre;35;Palmas, Las;Canarias;5
2004;4;1497.3;Libre;35;Palmas, Las;Canarias;5
2005;1;1540.4;Libre;35;Palmas, Las;Canarias;5
2005;2;1588.2;Libre;35;Palmas, Las;Canarias;5
2005;3;1606.6;Libre;35;Palmas, Las;Canarias;5
2005;4;1616.2;Libre;35;Palmas, Las;Canarias;5
2006;1;1670.9;Libre;35;Palmas, Las;Canarias;5
2006;2;1739.1;Libre;35;Palmas, Las;Canarias;5
2006;3;1753;Libre;35;Palmas, Las;Canarias;5
2006;4;1774.5;Libre;35;Palmas, Las;Canarias;5
2007;1;1795.7;Libre;35;Palmas, Las;Canarias;5
2007;2;1843.9;Libre;35;Palmas, Las;Canarias;5
2007;3;1860.8;Libre;35;Palmas, Las;Canarias;5
2007;4;1883.9;Libre;35;Palmas, Las;Canarias;5
2008;1;1910.1;Libre;35;Palmas, Las;Canarias;5
2008;2;1920.9;Libre;35;Palmas, Las;Canarias;5
2008;3;1815.5;Libre;35;Palmas, Las;Canarias;5
2008;4;1803.8;Libre;35;Palmas, Las;Canarias;5
2009;1;1746.8;Libre;35;Palmas, Las;Canarias;5
2009;2;1732.8;Libre;35;Palmas, Las;Canarias;5
2009;3;1751.4;Libre;35;Palmas, Las;Canarias;5
2009;4;1678.3;Libre;35;Palmas, Las;Canarias;5
2010;1;1620.5;Libre;35;Palmas, Las;Canarias;5
2010;2;1602.5;Libre;35;Palmas, Las;Canarias;5
2010;3;1625.1;Libre;35;Palmas, Las;Canarias;5
2010;4;1620.1;Libre;35;Palmas, Las;Canarias;5
2011;1;1542.3;Libre;35;Palmas, Las;Canarias;5
2011;2;1517.6;Libre;35;Palmas, Las;Canarias;5
2011;3;1493.3;Libre;35;Palmas, Las;Canarias;5
2011;4;1433.6;Libre;35;Palmas, Las;Canarias;5
2012;1;1426.4;Libre;35;Palmas, Las;Canarias;5
2012;2;1372.2;Libre;35;Palmas, Las;Canarias;5
2012;3;1305.3;Libre;35;Palmas, Las;Canarias;5
2012;4;1256.6;Libre;35;Palmas, Las;Canarias;5
2013;1;1298.1;Libre;35;Palmas, Las;Canarias;5
2013;2;1328;Libre;35;Palmas, Las;Canarias;5
2013;3;1320.7;Libre;35;Palmas, Las;Canarias;5
2013;4;1344.5;Libre;35;Palmas, Las;Canarias;5
2014;1;1321;Libre;35;Palmas, Las;Canarias;5
2014;2;1310;Libre;35;Palmas, Las;Canarias;5
2014;3;1329.7;Libre;35;Palmas, Las;Canarias;5
2014;4;1340.8;Libre;35;Palmas, Las;Canarias;5
2015;1;1364.3;Libre;35;Palmas, Las;Canarias;5
2015;2;1357.1;Libre;35;Palmas, Las;Canarias;5
2015;3;1364.5;Libre;35;Palmas, Las;Canarias;5
2015;4;1369.9;Libre;35;Palmas, Las;Canarias;5
2016;1;1403.1;Libre;35;Palmas, Las;Canarias;5
2016;2;1421.6;Libre;35;Palmas, Las;Canarias;5
2016;3;1430.6;Libre;35;Palmas, Las;Canarias;5
2016;4;1462.8;Libre;35;Palmas, Las;Canarias;5
2017;1;1475.1;Libre;35;Palmas, Las;Canarias;5
2017;2;1479.1;Libre;35;Palmas, Las;Canarias;5
2017;3;1518.4;Libre;35;Palmas, Las;Canarias;5
2017;4;1525.7;Libre;35;Palmas, Las;Canarias;5
2018;1;1543.7;Libre;35;Palmas, Las;Canarias;5
2018;2;1558.3;Libre;35;Palmas, Las;Canarias;5
2018;3;1573.3;Libre;35;Palmas, Las;Canarias;5
2018;4;1574.5;Libre;35;Palmas, Las;Canarias;5
2019;1;1607.7;Libre;35;Palmas, Las;Canarias;5
2019;2;1593.2;Libre;35;Palmas, Las;Canarias;5
2019;3;1600.3;Libre;35;Palmas, Las;Canarias;5
2019;4;1635.1;Libre;35;Palmas, Las;Canarias;5
2020;1;1614.8;Libre;35;Palmas, Las;Canarias;5
2020;2;1569.2;Libre;35;Palmas, Las;Canarias;5
2020;3;1573.2;Libre;35;Palmas, Las;Canarias;5
2020;4;1581.9;Libre;35;Palmas, Las;Canarias;5
2021;1;1581.1;Libre;35;Palmas, Las;Canarias;5
2021;2;1620.2;Libre;35;Palmas, Las;Canarias;5
2021;3;1625;Libre;35;Palmas, Las;Canarias;5
2021;4;1636.2;Libre;35;Palmas, Las;Canarias;5
2022;1;1680.6;Libre;35;Palmas, Las;Canarias;5
2022;2;1711;Libre;35;Palmas, Las;Canarias;5
2022;3;1702.3;Libre;35;Palmas, Las;Canarias;5
2022;4;1684.4;Libre;35;Palmas, Las;Canarias;5
2023;1;1740.5;Libre;35;Palmas, Las;Canarias;5
2023;2;1754.9;Libre;35;Palmas, Las;Canarias;5
2023;3;1787.7;Libre;35;Palmas, Las;Canarias;5
2023;4;1784.9;Libre;35;Palmas, Las;Canarias;5
2024;1;1831;Libre;35;Palmas, Las;Canarias;5
2024;2;1834.3;Libre;35;Palmas, Las;Canarias;5
2024;3;1858.1;Libre;35;Palmas, Las;Canarias;5
2024;4;1908.7;Libre;35;Palmas, Las;Canarias;5
2025;1;1975.5;Libre;35;Palmas, Las;Canarias;5
2025;2;2000.6;Libre;35;Palmas, Las;Canarias;5
2025;3;2067.4;Libre;35;Palmas, Las;Canarias;5
2025;4;2151.1;Libre;35;Palmas, Las;Canarias;5
2026;1;2203.4;Libre;35;Palmas, Las;Canarias;5
2026;2;2263;Libre;35;Palmas, Las;Canarias;5
2005;1;830.9;Protegida;38;Santa Cruz de Tenerife;Canarias;5
2005;2;842;Protegida;38;Santa Cruz de Tenerife;Canarias;5
2005;3;860.3;Protegida;38;Santa Cruz de Tenerife;Canarias;5
2005;4;902.1;Protegida;38;Santa Cruz de Tenerife;Canarias;5
2006;1;926.2;Protegida;38;Santa Cruz de Tenerife;Canarias;5
2006;2;950.4;Protegida;38;Santa Cruz de Tenerife;Canarias;5
2006;3;956.1;Protegida;38;Santa Cruz de Tenerife;Canarias;5
2006;4;978;Protegida;38;Santa Cruz de Tenerife;Canarias;5
2007;1;994.9;Protegida;38;Santa Cruz de Tenerife;Canarias;5
2007;2;1010.5;Protegida;38;Santa Cruz de Tenerife;Canarias;5
2007;3;1021.4;Protegida;38;Santa Cruz de Tenerife;Canarias;5
2007;4;1061.9;Protegida;38;Santa Cruz de Tenerife;Canarias;5
2008;1;1089.1;Protegida;38;Santa Cruz de Tenerife;Canarias;5
2008;2;1096.7;Protegida;38;Santa Cruz de Tenerife;Canarias;5
2008;3;1088.7;Protegida;38;Santa Cruz de Tenerife;Canarias;5
2008;4;1056.9;Protegida;38;Santa Cruz de Tenerife;Canarias;5
2009;1;1056.9;Protegida;38;Santa Cruz de Tenerife;Canarias;5
2009;2;1052.7;Protegida;38;Santa Cruz de Tenerife;Canarias;5
2009;3;1051.9;Protegida;38;Santa Cruz de Tenerife;Canarias;5
2009;4;1059;Protegida;38;Santa Cruz de Tenerife;Canarias;5
2010;1;1088.1;Protegida;38;Santa Cruz de Tenerife;Canarias;5
2010;2;1097.6;Protegida;38;Santa Cruz de Tenerife;Canarias;5
2010;3;1076.3;Protegida;38;Santa Cruz de Tenerife;Canarias;5
2010;4;1080.2;Protegida;38;Santa Cruz de Tenerife;Canarias;5
2011;1;1121.3;Protegida;38;Santa Cruz de Tenerife;Canarias;5
2011;2;1153.4;Protegida;38;Santa Cruz de Tenerife;Canarias;5
2011;3;1160;Protegida;38;Santa Cruz de Tenerife;Canarias;5
2011;4;1140.5;Protegida;38;Santa Cruz de Tenerife;Canarias;5
2012;1;1163.8;Protegida;38;Santa Cruz de Tenerife;Canarias;5
2012;2;1191.9;Protegida;38;Santa Cruz de Tenerife;Canarias;5
2012;3;1127.3;Protegida;38;Santa Cruz de Tenerife;Canarias;5
2012;4;1085.3;Protegida;38;Santa Cruz de Tenerife;Canarias;5
2013;1;1060.6;Protegida;38;Santa Cruz de Tenerife;Canarias;5
2013;2;1063.5;Protegida;38;Santa Cruz de Tenerife;Canarias;5
2013;3;1037.3;Protegida;38;Santa Cruz de Tenerife;Canarias;5
2013;4;990.9;Protegida;38;Santa Cruz de Tenerife;Canarias;5
2014;1;991.6;Protegida;38;Santa Cruz de Tenerife;Canarias;5
2014;2;966.2;Protegida;38;Santa Cruz de Tenerife;Canarias;5
2014;3;960.1;Protegida;38;Santa Cruz de Tenerife;Canarias;5
2014;4;957.6;Protegida;38;Santa Cruz de Tenerife;Canarias;5
2015;1;943.2;Protegida;38;Santa Cruz de Tenerife;Canarias;5
2015;2;971.1;Protegida;38;Santa Cruz de Tenerife;Canarias;5
2015;3;974.8;Protegida;38;Santa Cruz de Tenerife;Canarias;5
2015;4;959.6;Protegida;38;Santa Cruz de Tenerife;Canarias;5
2016;1;977.4;Protegida;38;Santa Cruz de Tenerife;Canarias;5
2016;2;963.5;Protegida;38;Santa Cruz de Tenerife;Canarias;5
2016;3;959.8;Protegida;38;Santa Cruz de Tenerife;Canarias;5
2016;4;988.6;Protegida;38;Santa Cruz de Tenerife;Canarias;5
2017;1;1016;Protegida;38;Santa Cruz de Tenerife;Canarias;5
2017;2;999;Protegida;38;Santa Cruz de Tenerife;Canarias;5
2017;3;989.6;Protegida;38;Santa Cruz de Tenerife;Canarias;5
2017;4;979.9;Protegida;38;Santa Cruz de Tenerife;Canarias;5
2018;1;964;Protegida;38;Santa Cruz de Tenerife;Canarias;5
2018;2;957.5;Protegida;38;Santa Cruz de Tenerife;Canarias;5
2018;3;966.9;Protegida;38;Santa Cruz de Tenerife;Canarias;5
2018;4;965;Protegida;38;Santa Cruz de Tenerife;Canarias;5
2019;1;973.9;Protegida;38;Santa Cruz de Tenerife;Canarias;5
2019;2;972.8;Protegida;38;Santa Cruz de Tenerife;Canarias;5
2019;3;965;Protegida;38;Santa Cruz de Tenerife;Canarias;5
2019;4;980.1;Protegida;38;Santa Cruz de Tenerife;Canarias;5
2020;1;963.5;Protegida;38;Santa Cruz de Tenerife;Canarias;5
2020;2;953.2;Protegida;38;Santa Cruz de Tenerife;Canarias;5
2020;3;958.2;Protegida;38;Santa Cruz de Tenerife;Canarias;5
2020;4;950.5;Protegida;38;Santa Cruz de Tenerife;Canarias;5
2021;1;978.7;Protegida;38;Santa Cruz de Tenerife;Canarias;5
2021;2;999.8;Protegida;38;Santa Cruz de Tenerife;Canarias;5
2021;3;1023.7;Protegida;38;Santa Cruz de Tenerife;Canarias;5
2021;4;1023.5;Protegida;38;Santa Cruz de Tenerife;Canarias;5
2022;1;1021.7;Protegida;38;Santa Cruz de Tenerife;Canarias;5
2022;2;1031.6;Protegida;38;Santa Cruz de Tenerife;Canarias;5
2022;3;1040.9;Protegida;38;Santa Cruz de Tenerife;Canarias;5
2022;4;1062;Protegida;38;Santa Cruz de Tenerife;Canarias;5
2023;1;1094.4;Protegida;38;Santa Cruz de Tenerife;Canarias;5
2023;2;1113;Protegida;38;Santa Cruz de Tenerife;Canarias;5
2023;3;1127.5;Protegida;38;Santa Cruz de Tenerife;Canarias;5
2023;4;1130.6;Protegida;38;Santa Cruz de Tenerife;Canarias;5
2024;1;1139.4;Protegida;38;Santa Cruz de Tenerife;Canarias;5
2024;2;1168.9;Protegida;38;Santa Cruz de Tenerife;Canarias;5
2024;3;1168.1;Protegida;38;Santa Cruz de Tenerife;Canarias;5
2024;4;1166.3;Protegida;38;Santa Cruz de Tenerife;Canarias;5
2025;1;1166.7;Protegida;38;Santa Cruz de Tenerife;Canarias;5
2025;2;1197.7;Protegida;38;Santa Cruz de Tenerife;Canarias;5
2025;3;1206.9;Protegida;38;Santa Cruz de Tenerife;Canarias;5
2025;4;1213.7;Protegida;38;Santa Cruz de Tenerife;Canarias;5
2026;1;1242.7;Protegida;38;Santa Cruz de Tenerife;Canarias;5
2026;2;1252.6;Protegida;38;Santa Cruz de Tenerife;Canarias;5
1995;1;572.4;Libre;38;Santa Cruz de Tenerife;Canarias;5
1995;2;586;Libre;38;Santa Cruz de Tenerife;Canarias;5
1995;3;580;Libre;38;Santa Cruz de Tenerife;Canarias;5
1995;4;601.1;Libre;38;Santa Cruz de Tenerife;Canarias;5
1996;1;599.6;Libre;38;Santa Cruz de Tenerife;Canarias;5
1996;2;590.5;Libre;38;Santa Cruz de Tenerife;Canarias;5
1996;3;602.6;Libre;38;Santa Cruz de Tenerife;Canarias;5
1996;4;631.3;Libre;38;Santa Cruz de Tenerife;Canarias;5
1997;1;622.2;Libre;38;Santa Cruz de Tenerife;Canarias;5
1997;2;644.9;Libre;38;Santa Cruz de Tenerife;Canarias;5
1997;3;654;Libre;38;Santa Cruz de Tenerife;Canarias;5
1997;4;666;Libre;38;Santa Cruz de Tenerife;Canarias;5
1998;1;664.5;Libre;38;Santa Cruz de Tenerife;Canarias;5
1998;2;685.7;Libre;38;Santa Cruz de Tenerife;Canarias;5
1998;3;726.5;Libre;38;Santa Cruz de Tenerife;Canarias;5
1998;4;750.6;Libre;38;Santa Cruz de Tenerife;Canarias;5
1999;1;758.2;Libre;38;Santa Cruz de Tenerife;Canarias;5
1999;2;782.3;Libre;38;Santa Cruz de Tenerife;Canarias;5
1999;3;803.5;Libre;38;Santa Cruz de Tenerife;Canarias;5
1999;4;820.1;Libre;38;Santa Cruz de Tenerife;Canarias;5
2000;1;873;Libre;38;Santa Cruz de Tenerife;Canarias;5
2000;2;907.7;Libre;38;Santa Cruz de Tenerife;Canarias;5
2000;3;907.7;Libre;38;Santa Cruz de Tenerife;Canarias;5
2000;4;951.5;Libre;38;Santa Cruz de Tenerife;Canarias;5
2001;1;980.2;Libre;38;Santa Cruz de Tenerife;Canarias;5
2001;2;1002.8;Libre;38;Santa Cruz de Tenerife;Canarias;5
2001;3;1024;Libre;38;Santa Cruz de Tenerife;Canarias;5
2001;4;1048.1;Libre;38;Santa Cruz de Tenerife;Canarias;5
2002;1;1052.7;Libre;38;Santa Cruz de Tenerife;Canarias;5
2002;2;1091.9;Libre;38;Santa Cruz de Tenerife;Canarias;5
2002;3;1119.1;Libre;38;Santa Cruz de Tenerife;Canarias;5
2002;4;1143.3;Libre;38;Santa Cruz de Tenerife;Canarias;5
2003;1;1176.5;Libre;38;Santa Cruz de Tenerife;Canarias;5
2003;2;1217.3;Libre;38;Santa Cruz de Tenerife;Canarias;5
2003;3;1250.5;Libre;38;Santa Cruz de Tenerife;Canarias;5
2003;4;1265.6;Libre;38;Santa Cruz de Tenerife;Canarias;5
2004;1;1324.5;Libre;38;Santa Cruz de Tenerife;Canarias;5
2004;2;1356.2;Libre;38;Santa Cruz de Tenerife;Canarias;5
2004;3;1397;Libre;38;Santa Cruz de Tenerife;Canarias;5
2004;4;1406.1;Libre;38;Santa Cruz de Tenerife;Canarias;5
2005;1;1510.3;Libre;38;Santa Cruz de Tenerife;Canarias;5
2005;2;1551.1;Libre;38;Santa Cruz de Tenerife;Canarias;5
2005;3;1517.9;Libre;38;Santa Cruz de Tenerife;Canarias;5
2005;4;1577.1;Libre;38;Santa Cruz de Tenerife;Canarias;5
2006;1;1640.2;Libre;38;Santa Cruz de Tenerife;Canarias;5
2006;2;1638.7;Libre;38;Santa Cruz de Tenerife;Canarias;5
2006;3;1640.2;Libre;38;Santa Cruz de Tenerife;Canarias;5
2006;4;1665.3;Libre;38;Santa Cruz de Tenerife;Canarias;5
2007;1;1689;Libre;38;Santa Cruz de Tenerife;Canarias;5
2007;2;1733.8;Libre;38;Santa Cruz de Tenerife;Canarias;5
2007;3;1744.4;Libre;38;Santa Cruz de Tenerife;Canarias;5
2007;4;1751.9;Libre;38;Santa Cruz de Tenerife;Canarias;5
2008;1;1745.9;Libre;38;Santa Cruz de Tenerife;Canarias;5
2008;2;1739.9;Libre;38;Santa Cruz de Tenerife;Canarias;5
2008;3;1714.2;Libre;38;Santa Cruz de Tenerife;Canarias;5
2008;4;1650.3;Libre;38;Santa Cruz de Tenerife;Canarias;5
2009;1;1613;Libre;38;Santa Cruz de Tenerife;Canarias;5
2009;2;1619.5;Libre;38;Santa Cruz de Tenerife;Canarias;5
2009;3;1569.2;Libre;38;Santa Cruz de Tenerife;Canarias;5
2009;4;1544.1;Libre;38;Santa Cruz de Tenerife;Canarias;5
2010;1;1548.1;Libre;38;Santa Cruz de Tenerife;Canarias;5
2010;2;1524.8;Libre;38;Santa Cruz de Tenerife;Canarias;5
2010;3;1486.1;Libre;38;Santa Cruz de Tenerife;Canarias;5
2010;4;1484.2;Libre;38;Santa Cruz de Tenerife;Canarias;5
2011;1;1528.4;Libre;38;Santa Cruz de Tenerife;Canarias;5
2011;2;1453;Libre;38;Santa Cruz de Tenerife;Canarias;5
2011;3;1511.1;Libre;38;Santa Cruz de Tenerife;Canarias;5
2011;4;1444.6;Libre;38;Santa Cruz de Tenerife;Canarias;5
2012;1;1472;Libre;38;Santa Cruz de Tenerife;Canarias;5
2012;2;1399.9;Libre;38;Santa Cruz de Tenerife;Canarias;5
2012;3;1343.9;Libre;38;Santa Cruz de Tenerife;Canarias;5
2012;4;1282.1;Libre;38;Santa Cruz de Tenerife;Canarias;5
2013;1;1235.9;Libre;38;Santa Cruz de Tenerife;Canarias;5
2013;2;1250.7;Libre;38;Santa Cruz de Tenerife;Canarias;5
2013;3;1245.7;Libre;38;Santa Cruz de Tenerife;Canarias;5
2013;4;1198.4;Libre;38;Santa Cruz de Tenerife;Canarias;5
2014;1;1192.1;Libre;38;Santa Cruz de Tenerife;Canarias;5
2014;2;1225.1;Libre;38;Santa Cruz de Tenerife;Canarias;5
2014;3;1235;Libre;38;Santa Cruz de Tenerife;Canarias;5
2014;4;1228.5;Libre;38;Santa Cruz de Tenerife;Canarias;5
2015;1;1240.9;Libre;38;Santa Cruz de Tenerife;Canarias;5
2015;2;1274.7;Libre;38;Santa Cruz de Tenerife;Canarias;5
2015;3;1256.9;Libre;38;Santa Cruz de Tenerife;Canarias;5
2015;4;1275.3;Libre;38;Santa Cruz de Tenerife;Canarias;5
2016;1;1263.2;Libre;38;Santa Cruz de Tenerife;Canarias;5
2016;2;1288.7;Libre;38;Santa Cruz de Tenerife;Canarias;5
2016;3;1261.6;Libre;38;Santa Cruz de Tenerife;Canarias;5
2016;4;1286.3;Libre;38;Santa Cruz de Tenerife;Canarias;5
2017;1;1297.3;Libre;38;Santa Cruz de Tenerife;Canarias;5
2017;2;1324.4;Libre;38;Santa Cruz de Tenerife;Canarias;5
2017;3;1320;Libre;38;Santa Cruz de Tenerife;Canarias;5
2017;4;1329.3;Libre;38;Santa Cruz de Tenerife;Canarias;5
2018;1;1337.5;Libre;38;Santa Cruz de Tenerife;Canarias;5
2018;2;1357.6;Libre;38;Santa Cruz de Tenerife;Canarias;5
2018;3;1397.5;Libre;38;Santa Cruz de Tenerife;Canarias;5
2018;4;1394.5;Libre;38;Santa Cruz de Tenerife;Canarias;5
2019;1;1417.9;Libre;38;Santa Cruz de Tenerife;Canarias;5
2019;2;1439.6;Libre;38;Santa Cruz de Tenerife;Canarias;5
2019;3;1433.2;Libre;38;Santa Cruz de Tenerife;Canarias;5
2019;4;1428.6;Libre;38;Santa Cruz de Tenerife;Canarias;5
2020;1;1452.2;Libre;38;Santa Cruz de Tenerife;Canarias;5
2020;2;1400.7;Libre;38;Santa Cruz de Tenerife;Canarias;5
2020;3;1417.2;Libre;38;Santa Cruz de Tenerife;Canarias;5
2020;4;1440;Libre;38;Santa Cruz de Tenerife;Canarias;5
2021;1;1417.9;Libre;38;Santa Cruz de Tenerife;Canarias;5
2021;2;1425.9;Libre;38;Santa Cruz de Tenerife;Canarias;5
2021;3;1469.4;Libre;38;Santa Cruz de Tenerife;Canarias;5
2021;4;1497.2;Libre;38;Santa Cruz de Tenerife;Canarias;5
2022;1;1509.8;Libre;38;Santa Cruz de Tenerife;Canarias;5
2022;2;1494.8;Libre;38;Santa Cruz de Tenerife;Canarias;5
2022;3;1503.3;Libre;38;Santa Cruz de Tenerife;Canarias;5
2022;4;1554.8;Libre;38;Santa Cruz de Tenerife;Canarias;5
2023;1;1600.6;Libre;38;Santa Cruz de Tenerife;Canarias;5
2023;2;1642.3;Libre;38;Santa Cruz de Tenerife;Canarias;5
2023;3;1678.9;Libre;38;Santa Cruz de Tenerife;Canarias;5
2023;4;1697.9;Libre;38;Santa Cruz de Tenerife;Canarias;5
2024;1;1746.9;Libre;38;Santa Cruz de Tenerife;Canarias;5
2024;2;1788.9;Libre;38;Santa Cruz de Tenerife;Canarias;5
2024;3;1816.1;Libre;38;Santa Cruz de Tenerife;Canarias;5
2024;4;1873.7;Libre;38;Santa Cruz de Tenerife;Canarias;5
2025;1;1957.1;Libre;38;Santa Cruz de Tenerife;Canarias;5
2025;2;1994;Libre;38;Santa Cruz de Tenerife;Canarias;5
2025;3;2068;Libre;38;Santa Cruz de Tenerife;Canarias;5
2025;4;2141.3;Libre;38;Santa Cruz de Tenerife;Canarias;5
2026;1;2264.7;Libre;38;Santa Cruz de Tenerife;Canarias;5
2026;2;2296.6;Libre;38;Santa Cruz de Tenerife;Canarias;5
2005;1;791.7;Protegida;10;Cáceres;Extremadura;11
2005;2;784.8;Protegida;10;Cáceres;Extremadura;11
2005;3;783.3;Protegida;10;Cáceres;Extremadura;11
2005;4;799.6;Protegida;10;Cáceres;Extremadura;11
2006;1;773.3;Protegida;10;Cáceres;Extremadura;11
2006;2;735.1;Protegida;10;Cáceres;Extremadura;11
2006;3;769;Protegida;10;Cáceres;Extremadura;11
2006;4;792;Protegida;10;Cáceres;Extremadura;11
2007;1;784.7;Protegida;10;Cáceres;Extremadura;11
2007;2;776.2;Protegida;10;Cáceres;Extremadura;11
2007;3;792.5;Protegida;10;Cáceres;Extremadura;11
2007;4;801.3;Protegida;10;Cáceres;Extremadura;11
2008;1;865.2;Protegida;10;Cáceres;Extremadura;11
2008;2;899.4;Protegida;10;Cáceres;Extremadura;11
2008;3;909.5;Protegida;10;Cáceres;Extremadura;11
2008;4;917.4;Protegida;10;Cáceres;Extremadura;11
2009;1;925.1;Protegida;10;Cáceres;Extremadura;11
2009;2;934.4;Protegida;10;Cáceres;Extremadura;11
2009;3;937.6;Protegida;10;Cáceres;Extremadura;11
2009;4;939.7;Protegida;10;Cáceres;Extremadura;11
2010;1;922.2;Protegida;10;Cáceres;Extremadura;11
2010;2;895.3;Protegida;10;Cáceres;Extremadura;11
2010;3;888.8;Protegida;10;Cáceres;Extremadura;11
2010;4;905.6;Protegida;10;Cáceres;Extremadura;11
2011;1;899;Protegida;10;Cáceres;Extremadura;11
2011;2;872.6;Protegida;10;Cáceres;Extremadura;11
2011;3;853;Protegida;10;Cáceres;Extremadura;11
2011;4;853.3;Protegida;10;Cáceres;Extremadura;11
2012;1;830.9;Protegida;10;Cáceres;Extremadura;11
2012;2;835.3;Protegida;10;Cáceres;Extremadura;11
2012;4;834.1;Protegida;10;Cáceres;Extremadura;11
2013;1;802.4;Protegida;10;Cáceres;Extremadura;11
2013;2;798.2;Protegida;10;Cáceres;Extremadura;11
2013;3;770.1;Protegida;10;Cáceres;Extremadura;11
2013;4;751.1;Protegida;10;Cáceres;Extremadura;11
2014;1;735.4;Protegida;10;Cáceres;Extremadura;11
2014;2;726.3;Protegida;10;Cáceres;Extremadura;11
2014;3;747.4;Protegida;10;Cáceres;Extremadura;11
2014;4;740.6;Protegida;10;Cáceres;Extremadura;11
2015;1;746.1;Protegida;10;Cáceres;Extremadura;11
2015;2;746.6;Protegida;10;Cáceres;Extremadura;11
2015;3;731.9;Protegida;10;Cáceres;Extremadura;11
2015;4;742.7;Protegida;10;Cáceres;Extremadura;11
2016;1;728.7;Protegida;10;Cáceres;Extremadura;11
2016;2;707.7;Protegida;10;Cáceres;Extremadura;11
2016;3;724.8;Protegida;10;Cáceres;Extremadura;11
2016;4;740;Protegida;10;Cáceres;Extremadura;11
2017;1;760.9;Protegida;10;Cáceres;Extremadura;11
2017;2;767.7;Protegida;10;Cáceres;Extremadura;11
2017;3;746.7;Protegida;10;Cáceres;Extremadura;11
2017;4;742.1;Protegida;10;Cáceres;Extremadura;11
2018;1;752.8;Protegida;10;Cáceres;Extremadura;11
2018;2;755.6;Protegida;10;Cáceres;Extremadura;11
2018;3;741.6;Protegida;10;Cáceres;Extremadura;11
2018;4;739.6;Protegida;10;Cáceres;Extremadura;11
2019;1;747.6;Protegida;10;Cáceres;Extremadura;11
2019;2;738;Protegida;10;Cáceres;Extremadura;11
2019;3;754.1;Protegida;10;Cáceres;Extremadura;11
2019;4;746.1;Protegida;10;Cáceres;Extremadura;11
2020;1;735.9;Protegida;10;Cáceres;Extremadura;11
2020;2;747.6;Protegida;10;Cáceres;Extremadura;11
2020;3;753;Protegida;10;Cáceres;Extremadura;11
2020;4;773.2;Protegida;10;Cáceres;Extremadura;11
2021;1;764.5;Protegida;10;Cáceres;Extremadura;11
2021;2;748.5;Protegida;10;Cáceres;Extremadura;11
2021;3;760.8;Protegida;10;Cáceres;Extremadura;11
2021;4;777.6;Protegida;10;Cáceres;Extremadura;11
2022;1;770.3;Protegida;10;Cáceres;Extremadura;11
2022;2;765.8;Protegida;10;Cáceres;Extremadura;11
2022;3;764.4;Protegida;10;Cáceres;Extremadura;11
2022;4;758.5;Protegida;10;Cáceres;Extremadura;11
2023;1;748.6;Protegida;10;Cáceres;Extremadura;11
2023;2;747.9;Protegida;10;Cáceres;Extremadura;11
2023;3;747.2;Protegida;10;Cáceres;Extremadura;11
2023;4;738.2;Protegida;10;Cáceres;Extremadura;11
2024;1;742.6;Protegida;10;Cáceres;Extremadura;11
2024;2;738.4;Protegida;10;Cáceres;Extremadura;11
2024;3;741.2;Protegida;10;Cáceres;Extremadura;11
2024;4;737.4;Protegida;10;Cáceres;Extremadura;11
2025;1;735.2;Protegida;10;Cáceres;Extremadura;11
2025;2;743.8;Protegida;10;Cáceres;Extremadura;11
2025;3;751.5;Protegida;10;Cáceres;Extremadura;11
2025;4;757.2;Protegida;10;Cáceres;Extremadura;11
2026;1;766.3;Protegida;10;Cáceres;Extremadura;11
2026;2;784.2;Protegida;10;Cáceres;Extremadura;11
1995;1;420.3;Libre;10;Cáceres;Extremadura;11
1995;2;417.7;Libre;10;Cáceres;Extremadura;11
1995;3;407.3;Libre;10;Cáceres;Extremadura;11
1995;4;420.3;Libre;10;Cáceres;Extremadura;11
1996;1;411.7;Libre;10;Cáceres;Extremadura;11
1996;2;429;Libre;10;Cáceres;Extremadura;11
1996;3;426.4;Libre;10;Cáceres;Extremadura;11
1996;4;438.6;Libre;10;Cáceres;Extremadura;11
1997;1;430.7;Libre;10;Cáceres;Extremadura;11
1997;2;433.4;Libre;10;Cáceres;Extremadura;11
1997;3;421.2;Libre;10;Cáceres;Extremadura;11
1997;4;428.1;Libre;10;Cáceres;Extremadura;11
1998;1;445.5;Libre;10;Cáceres;Extremadura;11
1998;2;443.8;Libre;10;Cáceres;Extremadura;11
1998;3;449;Libre;10;Cáceres;Extremadura;11
1998;4;457.6;Libre;10;Cáceres;Extremadura;11
1999;1;457.6;Libre;10;Cáceres;Extremadura;11
1999;2;471.5;Libre;10;Cáceres;Extremadura;11
1999;3;470.6;Libre;10;Cáceres;Extremadura;11
1999;4;464.6;Libre;10;Cáceres;Extremadura;11
2000;1;490.6;Libre;10;Cáceres;Extremadura;11
2000;2;481.9;Libre;10;Cáceres;Extremadura;11
2000;3;500.1;Libre;10;Cáceres;Extremadura;11
2000;4;520.9;Libre;10;Cáceres;Extremadura;11
2001;1;542.6;Libre;10;Cáceres;Extremadura;11
2001;2;560.8;Libre;10;Cáceres;Extremadura;11
2001;3;573.8;Libre;10;Cáceres;Extremadura;11
2001;4;583.3;Libre;10;Cáceres;Extremadura;11
2002;1;598.9;Libre;10;Cáceres;Extremadura;11
2002;2;632.7;Libre;10;Cáceres;Extremadura;11
2002;3;629.2;Libre;10;Cáceres;Extremadura;11
2002;4;637.9;Libre;10;Cáceres;Extremadura;11
2003;1;658.7;Libre;10;Cáceres;Extremadura;11
2003;2;688.2;Libre;10;Cáceres;Extremadura;11
2003;3;694.2;Libre;10;Cáceres;Extremadura;11
2003;4;725.4;Libre;10;Cáceres;Extremadura;11
2004;1;761;Libre;10;Cáceres;Extremadura;11
2004;2;767.9;Libre;10;Cáceres;Extremadura;11
2004;3;787.8;Libre;10;Cáceres;Extremadura;11
2004;4;832.9;Libre;10;Cáceres;Extremadura;11
2005;1;866.7;Libre;10;Cáceres;Extremadura;11
2005;2;902.2;Libre;10;Cáceres;Extremadura;11
2005;3;887.5;Libre;10;Cáceres;Extremadura;11
2005;4;942.5;Libre;10;Cáceres;Extremadura;11
2006;1;933.4;Libre;10;Cáceres;Extremadura;11
2006;2;939.5;Libre;10;Cáceres;Extremadura;11
2006;3;948.2;Libre;10;Cáceres;Extremadura;11
2006;4;973.6;Libre;10;Cáceres;Extremadura;11
2007;1;964;Libre;10;Cáceres;Extremadura;11
2007;2;995.8;Libre;10;Cáceres;Extremadura;11
2007;3;982;Libre;10;Cáceres;Extremadura;11
2007;4;982.4;Libre;10;Cáceres;Extremadura;11
2008;1;1004.6;Libre;10;Cáceres;Extremadura;11
2008;2;984.6;Libre;10;Cáceres;Extremadura;11
2008;3;990.6;Libre;10;Cáceres;Extremadura;11
2008;4;949.9;Libre;10;Cáceres;Extremadura;11
2009;1;934.3;Libre;10;Cáceres;Extremadura;11
2009;2;960.5;Libre;10;Cáceres;Extremadura;11
2009;3;969;Libre;10;Cáceres;Extremadura;11
2009;4;952.5;Libre;10;Cáceres;Extremadura;11
2010;1;950.8;Libre;10;Cáceres;Extremadura;11
2010;2;968.1;Libre;10;Cáceres;Extremadura;11
2010;3;958.6;Libre;10;Cáceres;Extremadura;11
2010;4;984.6;Libre;10;Cáceres;Extremadura;11
2011;1;994.1;Libre;10;Cáceres;Extremadura;11
2011;2;1006;Libre;10;Cáceres;Extremadura;11
2011;3;1080.4;Libre;10;Cáceres;Extremadura;11
2011;4;1036.1;Libre;10;Cáceres;Extremadura;11
2012;1;976;Libre;10;Cáceres;Extremadura;11
2012;2;920.5;Libre;10;Cáceres;Extremadura;11
2012;3;907.9;Libre;10;Cáceres;Extremadura;11
2012;4;940.4;Libre;10;Cáceres;Extremadura;11
2013;1;905.6;Libre;10;Cáceres;Extremadura;11
2013;2;892.5;Libre;10;Cáceres;Extremadura;11
2013;3;876.6;Libre;10;Cáceres;Extremadura;11
2013;4;846.8;Libre;10;Cáceres;Extremadura;11
2014;1;828.7;Libre;10;Cáceres;Extremadura;11
2014;2;832.5;Libre;10;Cáceres;Extremadura;11
2014;3;832.9;Libre;10;Cáceres;Extremadura;11
2014;4;827.4;Libre;10;Cáceres;Extremadura;11
2015;1;803.6;Libre;10;Cáceres;Extremadura;11
2015;2;828.3;Libre;10;Cáceres;Extremadura;11
2015;3;836.7;Libre;10;Cáceres;Extremadura;11
2015;4;846.7;Libre;10;Cáceres;Extremadura;11
2016;1;871;Libre;10;Cáceres;Extremadura;11
2016;2;861.7;Libre;10;Cáceres;Extremadura;11
2016;3;847.9;Libre;10;Cáceres;Extremadura;11
2016;4;866;Libre;10;Cáceres;Extremadura;11
2017;1;840.4;Libre;10;Cáceres;Extremadura;11
2017;2;864.2;Libre;10;Cáceres;Extremadura;11
2017;3;862.6;Libre;10;Cáceres;Extremadura;11
2017;4;875.6;Libre;10;Cáceres;Extremadura;11
2018;1;848.8;Libre;10;Cáceres;Extremadura;11
2018;2;853.9;Libre;10;Cáceres;Extremadura;11
2018;3;837;Libre;10;Cáceres;Extremadura;11
2018;4;864.9;Libre;10;Cáceres;Extremadura;11
2019;1;838;Libre;10;Cáceres;Extremadura;11
2019;2;861.5;Libre;10;Cáceres;Extremadura;11
2019;3;860.7;Libre;10;Cáceres;Extremadura;11
2019;4;841.1;Libre;10;Cáceres;Extremadura;11
2020;1;858.1;Libre;10;Cáceres;Extremadura;11
2020;2;839;Libre;10;Cáceres;Extremadura;11
2020;3;840.1;Libre;10;Cáceres;Extremadura;11
2020;4;839.2;Libre;10;Cáceres;Extremadura;11
2021;1;824.4;Libre;10;Cáceres;Extremadura;11
2021;2;823.1;Libre;10;Cáceres;Extremadura;11
2021;3;837.3;Libre;10;Cáceres;Extremadura;11
2021;4;858.2;Libre;10;Cáceres;Extremadura;11
2022;1;838.7;Libre;10;Cáceres;Extremadura;11
2022;2;841.9;Libre;10;Cáceres;Extremadura;11
2022;3;831.7;Libre;10;Cáceres;Extremadura;11
2022;4;841.9;Libre;10;Cáceres;Extremadura;11
2023;1;851.8;Libre;10;Cáceres;Extremadura;11
2023;2;851.7;Libre;10;Cáceres;Extremadura;11
2023;3;824.4;Libre;10;Cáceres;Extremadura;11
2023;4;849.7;Libre;10;Cáceres;Extremadura;11
2024;1;843.3;Libre;10;Cáceres;Extremadura;11
2024;2;862.9;Libre;10;Cáceres;Extremadura;11
2024;3;868.9;Libre;10;Cáceres;Extremadura;11
2024;4;873.4;Libre;10;Cáceres;Extremadura;11
2025;1;875.6;Libre;10;Cáceres;Extremadura;11
2025;2;890.6;Libre;10;Cáceres;Extremadura;11
2025;3;906.6;Libre;10;Cáceres;Extremadura;11
2025;4;906.4;Libre;10;Cáceres;Extremadura;11
2026;1;946.8;Libre;10;Cáceres;Extremadura;11
2026;2;950.5;Libre;10;Cáceres;Extremadura;11
2005;1;752.3;Protegida;6;Badajoz;Extremadura;11
2005;2;764.7;Protegida;6;Badajoz;Extremadura;11
2005;3;755.7;Protegida;6;Badajoz;Extremadura;11
2005;4;754.9;Protegida;6;Badajoz;Extremadura;11
2006;1;753.4;Protegida;6;Badajoz;Extremadura;11
2006;2;736.2;Protegida;6;Badajoz;Extremadura;11
2006;3;762.1;Protegida;6;Badajoz;Extremadura;11
2006;4;793.6;Protegida;6;Badajoz;Extremadura;11
2007;1;764.9;Protegida;6;Badajoz;Extremadura;11
2007;2;784.9;Protegida;6;Badajoz;Extremadura;11
2007;3;785.2;Protegida;6;Badajoz;Extremadura;11
2007;4;804.9;Protegida;6;Badajoz;Extremadura;11
2008;1;858.1;Protegida;6;Badajoz;Extremadura;11
2008;2;900.3;Protegida;6;Badajoz;Extremadura;11
2008;3;914.8;Protegida;6;Badajoz;Extremadura;11
2008;4;930.6;Protegida;6;Badajoz;Extremadura;11
2009;1;915.7;Protegida;6;Badajoz;Extremadura;11
2009;2;911.6;Protegida;6;Badajoz;Extremadura;11
2009;3;942.1;Protegida;6;Badajoz;Extremadura;11
2009;4;965.1;Protegida;6;Badajoz;Extremadura;11
2010;1;956.2;Protegida;6;Badajoz;Extremadura;11
2010;2;944.4;Protegida;6;Badajoz;Extremadura;11
2010;3;930.9;Protegida;6;Badajoz;Extremadura;11
2010;4;926.9;Protegida;6;Badajoz;Extremadura;11
2011;1;911.2;Protegida;6;Badajoz;Extremadura;11
2011;2;891.5;Protegida;6;Badajoz;Extremadura;11
2011;3;888.7;Protegida;6;Badajoz;Extremadura;11
2011;4;865.4;Protegida;6;Badajoz;Extremadura;11
2012;1;851.2;Protegida;6;Badajoz;Extremadura;11
2012;2;843.2;Protegida;6;Badajoz;Extremadura;11
2012;3;803;Protegida;6;Badajoz;Extremadura;11
2012;4;780.7;Protegida;6;Badajoz;Extremadura;11
2013;1;805.3;Protegida;6;Badajoz;Extremadura;11
2013;2;790.5;Protegida;6;Badajoz;Extremadura;11
2013;3;795.9;Protegida;6;Badajoz;Extremadura;11
2013;4;781.4;Protegida;6;Badajoz;Extremadura;11
2014;1;789;Protegida;6;Badajoz;Extremadura;11
2014;2;789.4;Protegida;6;Badajoz;Extremadura;11
2014;3;766.3;Protegida;6;Badajoz;Extremadura;11
2014;4;745.3;Protegida;6;Badajoz;Extremadura;11
2015;1;761.2;Protegida;6;Badajoz;Extremadura;11
2015;2;759.7;Protegida;6;Badajoz;Extremadura;11
2015;3;747.5;Protegida;6;Badajoz;Extremadura;11
2015;4;755.4;Protegida;6;Badajoz;Extremadura;11
2016;1;755.3;Protegida;6;Badajoz;Extremadura;11
2016;2;770.3;Protegida;6;Badajoz;Extremadura;11
2016;3;753.2;Protegida;6;Badajoz;Extremadura;11
2016;4;761.5;Protegida;6;Badajoz;Extremadura;11
2017;1;772.8;Protegida;6;Badajoz;Extremadura;11
2017;2;761.9;Protegida;6;Badajoz;Extremadura;11
2017;3;752.7;Protegida;6;Badajoz;Extremadura;11
2017;4;767.7;Protegida;6;Badajoz;Extremadura;11
2018;1;760.8;Protegida;6;Badajoz;Extremadura;11
2018;2;767.6;Protegida;6;Badajoz;Extremadura;11
2018;3;745.6;Protegida;6;Badajoz;Extremadura;11
2018;4;758.2;Protegida;6;Badajoz;Extremadura;11
2019;1;768.9;Protegida;6;Badajoz;Extremadura;11
2019;2;768.6;Protegida;6;Badajoz;Extremadura;11
2019;3;762.9;Protegida;6;Badajoz;Extremadura;11
2019;4;774.7;Protegida;6;Badajoz;Extremadura;11
2020;1;781.7;Protegida;6;Badajoz;Extremadura;11
2020;2;766.5;Protegida;6;Badajoz;Extremadura;11
2020;3;781.2;Protegida;6;Badajoz;Extremadura;11
2020;4;781.3;Protegida;6;Badajoz;Extremadura;11
2021;1;772.1;Protegida;6;Badajoz;Extremadura;11
2021;2;758.3;Protegida;6;Badajoz;Extremadura;11
2021;3;764.7;Protegida;6;Badajoz;Extremadura;11
2021;4;774.6;Protegida;6;Badajoz;Extremadura;11
2022;1;774.1;Protegida;6;Badajoz;Extremadura;11
2022;2;757.9;Protegida;6;Badajoz;Extremadura;11
2022;3;754.9;Protegida;6;Badajoz;Extremadura;11
2022;4;760.3;Protegida;6;Badajoz;Extremadura;11
2023;1;753.9;Protegida;6;Badajoz;Extremadura;11
2023;2;749.4;Protegida;6;Badajoz;Extremadura;11
2023;3;748.1;Protegida;6;Badajoz;Extremadura;11
2023;4;749;Protegida;6;Badajoz;Extremadura;11
2024;1;744.2;Protegida;6;Badajoz;Extremadura;11
2024;2;744;Protegida;6;Badajoz;Extremadura;11
2024;3;741.6;Protegida;6;Badajoz;Extremadura;11
2024;4;733.5;Protegida;6;Badajoz;Extremadura;11
2025;1;743.9;Protegida;6;Badajoz;Extremadura;11
2025;2;758.6;Protegida;6;Badajoz;Extremadura;11
2025;3;760.6;Protegida;6;Badajoz;Extremadura;11
2025;4;772;Protegida;6;Badajoz;Extremadura;11
2026;1;784.3;Protegida;6;Badajoz;Extremadura;11
2026;2;797.1;Protegida;6;Badajoz;Extremadura;11
1995;1;377;Libre;6;Badajoz;Extremadura;11
1995;2;391;Libre;6;Badajoz;Extremadura;11
1995;3;397.6;Libre;6;Badajoz;Extremadura;11
1995;4;389.3;Libre;6;Badajoz;Extremadura;11
1996;1;398.4;Libre;6;Badajoz;Extremadura;11
1996;2;405;Libre;6;Badajoz;Extremadura;11
1996;3;406.6;Libre;6;Badajoz;Extremadura;11
1996;4;409.1;Libre;6;Badajoz;Extremadura;11
1997;1;403.3;Libre;6;Badajoz;Extremadura;11
1997;2;408.2;Libre;6;Badajoz;Extremadura;11
1997;3;395.1;Libre;6;Badajoz;Extremadura;11
1997;4;392.6;Libre;6;Badajoz;Extremadura;11
1998;1;397.6;Libre;6;Badajoz;Extremadura;11
1998;2;407.4;Libre;6;Badajoz;Extremadura;11
1998;3;426.3;Libre;6;Badajoz;Extremadura;11
1998;4;432.1;Libre;6;Badajoz;Extremadura;11
1999;1;425.5;Libre;6;Badajoz;Extremadura;11
1999;2;452.6;Libre;6;Badajoz;Extremadura;11
1999;3;451.8;Libre;6;Badajoz;Extremadura;11
1999;4;455.9;Libre;6;Badajoz;Extremadura;11
2000;1;470.7;Libre;6;Badajoz;Extremadura;11
2000;2;478.1;Libre;6;Badajoz;Extremadura;11
2000;3;484.6;Libre;6;Badajoz;Extremadura;11
2000;4;500.2;Libre;6;Badajoz;Extremadura;11
2001;1;503.5;Libre;6;Badajoz;Extremadura;11
2001;2;520.8;Libre;6;Badajoz;Extremadura;11
2001;3;539.7;Libre;6;Badajoz;Extremadura;11
2001;4;542.9;Libre;6;Badajoz;Extremadura;11
2002;1;552;Libre;6;Badajoz;Extremadura;11
2002;2;570.9;Libre;6;Badajoz;Extremadura;11
2002;3;598.8;Libre;6;Badajoz;Extremadura;11
2002;4;597.2;Libre;6;Badajoz;Extremadura;11
2003;1;604.6;Libre;6;Badajoz;Extremadura;11
2003;2;639.9;Libre;6;Badajoz;Extremadura;11
2003;3;666.2;Libre;6;Badajoz;Extremadura;11
2003;4;680.1;Libre;6;Badajoz;Extremadura;11
2004;1;699.8;Libre;6;Badajoz;Extremadura;11
2004;2;721.2;Libre;6;Badajoz;Extremadura;11
2004;3;757.3;Libre;6;Badajoz;Extremadura;11
2004;4;782.8;Libre;6;Badajoz;Extremadura;11
2005;1;821.4;Libre;6;Badajoz;Extremadura;11
2005;2;841.1;Libre;6;Badajoz;Extremadura;11
2005;3;850.1;Libre;6;Badajoz;Extremadura;11
2005;4;873.9;Libre;6;Badajoz;Extremadura;11
2006;1;891.4;Libre;6;Badajoz;Extremadura;11
2006;2;924.9;Libre;6;Badajoz;Extremadura;11
2006;3;955.2;Libre;6;Badajoz;Extremadura;11
2006;4;975.8;Libre;6;Badajoz;Extremadura;11
2007;1;986.1;Libre;6;Badajoz;Extremadura;11
2007;2;1028.4;Libre;6;Badajoz;Extremadura;11
2007;3;1048.9;Libre;6;Badajoz;Extremadura;11
2007;4;1061.2;Libre;6;Badajoz;Extremadura;11
2008;1;1044;Libre;6;Badajoz;Extremadura;11
2008;2;1046.5;Libre;6;Badajoz;Extremadura;11
2008;3;1044.8;Libre;6;Badajoz;Extremadura;11
2008;4;1065.4;Libre;6;Badajoz;Extremadura;11
2009;1;1044.8;Libre;6;Badajoz;Extremadura;11
2009;2;1036.4;Libre;6;Badajoz;Extremadura;11
2009;3;1033.8;Libre;6;Badajoz;Extremadura;11
2009;4;1023.5;Libre;6;Badajoz;Extremadura;11
2010;1;1020.2;Libre;6;Badajoz;Extremadura;11
2010;2;1035.8;Libre;6;Badajoz;Extremadura;11
2010;3;1002.9;Libre;6;Badajoz;Extremadura;11
2010;4;1009.5;Libre;6;Badajoz;Extremadura;11
2011;1;982.4;Libre;6;Badajoz;Extremadura;11
2011;2;963.7;Libre;6;Badajoz;Extremadura;11
2011;3;950.2;Libre;6;Badajoz;Extremadura;11
2011;4;954.2;Libre;6;Badajoz;Extremadura;11
2012;1;911.3;Libre;6;Badajoz;Extremadura;11
2012;2;912.3;Libre;6;Badajoz;Extremadura;11
2012;3;861.3;Libre;6;Badajoz;Extremadura;11
2012;4;869.1;Libre;6;Badajoz;Extremadura;11
2013;1;883;Libre;6;Badajoz;Extremadura;11
2013;2;900.7;Libre;6;Badajoz;Extremadura;11
2013;3;905.2;Libre;6;Badajoz;Extremadura;11
2013;4;854.5;Libre;6;Badajoz;Extremadura;11
2014;1;858.6;Libre;6;Badajoz;Extremadura;11
2014;2;838.2;Libre;6;Badajoz;Extremadura;11
2014;3;856.2;Libre;6;Badajoz;Extremadura;11
2014;4;865.8;Libre;6;Badajoz;Extremadura;11
2015;1;883.2;Libre;6;Badajoz;Extremadura;11
2015;2;878.6;Libre;6;Badajoz;Extremadura;11
2015;3;875.8;Libre;6;Badajoz;Extremadura;11
2015;4;882.3;Libre;6;Badajoz;Extremadura;11
2016;1;889.7;Libre;6;Badajoz;Extremadura;11
2016;2;891.2;Libre;6;Badajoz;Extremadura;11
2016;3;856.8;Libre;6;Badajoz;Extremadura;11
2016;4;858.9;Libre;6;Badajoz;Extremadura;11
2017;1;877.1;Libre;6;Badajoz;Extremadura;11
2017;2;860;Libre;6;Badajoz;Extremadura;11
2017;3;844.1;Libre;6;Badajoz;Extremadura;11
2017;4;854.5;Libre;6;Badajoz;Extremadura;11
2018;1;865.9;Libre;6;Badajoz;Extremadura;11
2018;2;858.6;Libre;6;Badajoz;Extremadura;11
2018;3;868;Libre;6;Badajoz;Extremadura;11
2018;4;870.9;Libre;6;Badajoz;Extremadura;11
2019;1;854;Libre;6;Badajoz;Extremadura;11
2019;2;862.4;Libre;6;Badajoz;Extremadura;11
2019;3;870.3;Libre;6;Badajoz;Extremadura;11
2019;4;871.7;Libre;6;Badajoz;Extremadura;11
2020;1;875.6;Libre;6;Badajoz;Extremadura;11
2020;2;858.6;Libre;6;Badajoz;Extremadura;11
2020;3;848.2;Libre;6;Badajoz;Extremadura;11
2020;4;863.2;Libre;6;Badajoz;Extremadura;11
2021;1;840.8;Libre;6;Badajoz;Extremadura;11
2021;2;859.6;Libre;6;Badajoz;Extremadura;11
2021;3;870.9;Libre;6;Badajoz;Extremadura;11
2021;4;867.8;Libre;6;Badajoz;Extremadura;11
2022;1;882.4;Libre;6;Badajoz;Extremadura;11
2022;2;900.7;Libre;6;Badajoz;Extremadura;11
2022;3;892.2;Libre;6;Badajoz;Extremadura;11
2022;4;879.9;Libre;6;Badajoz;Extremadura;11
2023;1;900.5;Libre;6;Badajoz;Extremadura;11
2023;2;894.9;Libre;6;Badajoz;Extremadura;11
2023;3;899.4;Libre;6;Badajoz;Extremadura;11
2023;4;908.4;Libre;6;Badajoz;Extremadura;11
2024;1;920.4;Libre;6;Badajoz;Extremadura;11
2024;2;924.8;Libre;6;Badajoz;Extremadura;11
2024;3;925.5;Libre;6;Badajoz;Extremadura;11
2024;4;928.4;Libre;6;Badajoz;Extremadura;11
2025;1;940.1;Libre;6;Badajoz;Extremadura;11
2025;2;941.3;Libre;6;Badajoz;Extremadura;11
2025;3;958.1;Libre;6;Badajoz;Extremadura;11
2025;4;952.7;Libre;6;Badajoz;Extremadura;11
2026;1;987.5;Libre;6;Badajoz;Extremadura;11
2026;2;1029;Libre;6;Badajoz;Extremadura;11
2005;1;822.6;Protegida;44;Teruel;Aragón;2
2005;2;803.3;Protegida;44;Teruel;Aragón;2
2005;3;857.1;Protegida;44;Teruel;Aragón;2
2005;4;869.8;Protegida;44;Teruel;Aragón;2
2006;1;871.3;Protegida;44;Teruel;Aragón;2
2006;2;931.6;Protegida;44;Teruel;Aragón;2
2006;3;934.6;Protegida;44;Teruel;Aragón;2
2006;4;953.6;Protegida;44;Teruel;Aragón;2
2007;1;958;Protegida;44;Teruel;Aragón;2
2007;2;983.4;Protegida;44;Teruel;Aragón;2
2007;3;1004.1;Protegida;44;Teruel;Aragón;2
2007;4;1032.9;Protegida;44;Teruel;Aragón;2
2008;1;1049.6;Protegida;44;Teruel;Aragón;2
2008;2;1026.7;Protegida;44;Teruel;Aragón;2
2008;3;1033.35;Protegida;44;Teruel;Aragón;2
2008;4;1026;Protegida;44;Teruel;Aragón;2
2009;1;1026;Protegida;44;Teruel;Aragón;2
2009;2;1020.8;Protegida;44;Teruel;Aragón;2
2009;3;1045.3;Protegida;44;Teruel;Aragón;2
2009;4;1030.7;Protegida;44;Teruel;Aragón;2
2010;1;1007.9;Protegida;44;Teruel;Aragón;2
2010;2;1015.9;Protegida;44;Teruel;Aragón;2
2010;3;1008.4;Protegida;44;Teruel;Aragón;2
2010;4;1003.9;Protegida;44;Teruel;Aragón;2
2011;1;1043.4;Protegida;44;Teruel;Aragón;2
2011;2;1031.1;Protegida;44;Teruel;Aragón;2
2011;4;1042.4;Protegida;44;Teruel;Aragón;2
2017;4;960.6;Protegida;44;Teruel;Aragón;2
2018;1;975.9;Protegida;44;Teruel;Aragón;2
2019;2;1016.4;Protegida;44;Teruel;Aragón;2
2020;3;1016.2;Protegida;44;Teruel;Aragón;2
2022;1;1055.3;Protegida;44;Teruel;Aragón;2
2022;2;1081;Protegida;44;Teruel;Aragón;2
2023;2;1073.3;Protegida;44;Teruel;Aragón;2
2023;4;1096.5;Protegida;44;Teruel;Aragón;2
2024;1;1078.4;Protegida;44;Teruel;Aragón;2
2024;4;1081.1;Protegida;44;Teruel;Aragón;2
2025;1;1081.4;Protegida;44;Teruel;Aragón;2
2025;2;1094.9;Protegida;44;Teruel;Aragón;2
1995;1;411.1;Libre;44;Teruel;Aragón;2
1995;2;436.5;Libre;44;Teruel;Aragón;2
1995;3;469.6;Libre;44;Teruel;Aragón;2
1995;4;475.7;Libre;44;Teruel;Aragón;2
1996;1;430.3;Libre;44;Teruel;Aragón;2
1996;2;467;Libre;44;Teruel;Aragón;2
1996;3;440.8;Libre;44;Teruel;Aragón;2
1996;4;464.4;Libre;44;Teruel;Aragón;2
1997;1;465.3;Libre;44;Teruel;Aragón;2
1997;2;494.1;Libre;44;Teruel;Aragón;2
1997;3;481.8;Libre;44;Teruel;Aragón;2
1997;4;467;Libre;44;Teruel;Aragón;2
1998;1;465.3;Libre;44;Teruel;Aragón;2
1998;2;469.6;Libre;44;Teruel;Aragón;2
1998;3;494.9;Libre;44;Teruel;Aragón;2
1998;4;493.2;Libre;44;Teruel;Aragón;2
1999;1;496.7;Libre;44;Teruel;Aragón;2
1999;2;500.2;Libre;44;Teruel;Aragón;2
1999;3;519.4;Libre;44;Teruel;Aragón;2
1999;4;545.6;Libre;44;Teruel;Aragón;2
2000;1;556.9;Libre;44;Teruel;Aragón;2
2000;2;586.6;Libre;44;Teruel;Aragón;2
2000;3;609.3;Libre;44;Teruel;Aragón;2
2000;4;600.6;Libre;44;Teruel;Aragón;2
2001;1;609.3;Libre;44;Teruel;Aragón;2
2001;2;636.3;Libre;44;Teruel;Aragón;2
2001;3;636.3;Libre;44;Teruel;Aragón;2
2001;4;651.2;Libre;44;Teruel;Aragón;2
2002;1;660.8;Libre;44;Teruel;Aragón;2
2002;2;682.6;Libre;44;Teruel;Aragón;2
2002;3;716.7;Libre;44;Teruel;Aragón;2
2002;4;706.2;Libre;44;Teruel;Aragón;2
2003;1;717.5;Libre;44;Teruel;Aragón;2
2003;2;735;Libre;44;Teruel;Aragón;2
2003;3;764.7;Libre;44;Teruel;Aragón;2
2003;4;797;Libre;44;Teruel;Aragón;2
2004;1;716.7;Libre;44;Teruel;Aragón;2
2004;2;810.9;Libre;44;Teruel;Aragón;2
2004;3;769;Libre;44;Teruel;Aragón;2
2004;4;893;Libre;44;Teruel;Aragón;2
2005;1;872.9;Libre;44;Teruel;Aragón;2
2005;2;839.7;Libre;44;Teruel;Aragón;2
2005;3;854.3;Libre;44;Teruel;Aragón;2
2005;4;889.3;Libre;44;Teruel;Aragón;2
2006;1;923.5;Libre;44;Teruel;Aragón;2
2006;2;962.8;Libre;44;Teruel;Aragón;2
2006;3;965.4;Libre;44;Teruel;Aragón;2
2006;4;983.4;Libre;44;Teruel;Aragón;2
2007;1;983.8;Libre;44;Teruel;Aragón;2
2007;2;996.9;Libre;44;Teruel;Aragón;2
2007;3;1006.5;Libre;44;Teruel;Aragón;2
2007;4;1025.7;Libre;44;Teruel;Aragón;2
2008;1;1050.1;Libre;44;Teruel;Aragón;2
2008;2;1053.6;Libre;44;Teruel;Aragón;2
2008;3;1041.4;Libre;44;Teruel;Aragón;2
2008;4;1084.9;Libre;44;Teruel;Aragón;2
2009;1;995.4;Libre;44;Teruel;Aragón;2
2009;2;1027.3;Libre;44;Teruel;Aragón;2
2009;3;1019.2;Libre;44;Teruel;Aragón;2
2009;4;1021.5;Libre;44;Teruel;Aragón;2
2010;1;978.2;Libre;44;Teruel;Aragón;2
2010;2;1016.9;Libre;44;Teruel;Aragón;2
2010;3;991.5;Libre;44;Teruel;Aragón;2
2010;4;987.1;Libre;44;Teruel;Aragón;2
2011;1;985.5;Libre;44;Teruel;Aragón;2
2011;2;0;Libre;44;Teruel;Aragón;2
2011;3;0;Libre;44;Teruel;Aragón;2
2011;4;988;Libre;44;Teruel;Aragón;2
2012;1;981.1;Libre;44;Teruel;Aragón;2
2012;2;940.9;Libre;44;Teruel;Aragón;2
2012;3;0;Libre;44;Teruel;Aragón;2
2012;4;0;Libre;44;Teruel;Aragón;2
2013;1;837.8;Libre;44;Teruel;Aragón;2
2013;2;854.4;Libre;44;Teruel;Aragón;2
2013;3;820.5;Libre;44;Teruel;Aragón;2
2013;4;835.3;Libre;44;Teruel;Aragón;2
2014;1;816.1;Libre;44;Teruel;Aragón;2
2014;2;787.8;Libre;44;Teruel;Aragón;2
2014;3;805.1;Libre;44;Teruel;Aragón;2
2014;4;801.9;Libre;44;Teruel;Aragón;2
2015;1;809.4;Libre;44;Teruel;Aragón;2
2015;2;801.2;Libre;44;Teruel;Aragón;2
2015;3;780.9;Libre;44;Teruel;Aragón;2
2015;4;808.2;Libre;44;Teruel;Aragón;2
2016;1;790.1;Libre;44;Teruel;Aragón;2
2016;2;797.2;Libre;44;Teruel;Aragón;2
2016;3;796.8;Libre;44;Teruel;Aragón;2
2016;4;807;Libre;44;Teruel;Aragón;2
2017;1;788.2;Libre;44;Teruel;Aragón;2
2017;2;780.9;Libre;44;Teruel;Aragón;2
2017;3;801.5;Libre;44;Teruel;Aragón;2
2017;4;806;Libre;44;Teruel;Aragón;2
2018;1;809.8;Libre;44;Teruel;Aragón;2
2018;2;818.9;Libre;44;Teruel;Aragón;2
2018;3;791.3;Libre;44;Teruel;Aragón;2
2018;4;783.3;Libre;44;Teruel;Aragón;2
2019;1;783.7;Libre;44;Teruel;Aragón;2
2019;2;756.4;Libre;44;Teruel;Aragón;2
2019;3;773.1;Libre;44;Teruel;Aragón;2
2019;4;791.4;Libre;44;Teruel;Aragón;2
2020;1;785.2;Libre;44;Teruel;Aragón;2
2020;2;755.3;Libre;44;Teruel;Aragón;2
2020;3;735.8;Libre;44;Teruel;Aragón;2
2020;4;753.9;Libre;44;Teruel;Aragón;2
2021;1;765;Libre;44;Teruel;Aragón;2
2021;2;758.2;Libre;44;Teruel;Aragón;2
2021;3;751.9;Libre;44;Teruel;Aragón;2
2021;4;765.5;Libre;44;Teruel;Aragón;2
2022;1;775.7;Libre;44;Teruel;Aragón;2
2022;2;766.1;Libre;44;Teruel;Aragón;2
2022;3;789;Libre;44;Teruel;Aragón;2
2022;4;766.5;Libre;44;Teruel;Aragón;2
2023;1;762.9;Libre;44;Teruel;Aragón;2
2023;2;792.1;Libre;44;Teruel;Aragón;2
2023;3;788.1;Libre;44;Teruel;Aragón;2
2023;4;819.2;Libre;44;Teruel;Aragón;2
2024;1;840.3;Libre;44;Teruel;Aragón;2
2024;2;864.5;Libre;44;Teruel;Aragón;2
2024;3;861.6;Libre;44;Teruel;Aragón;2
2024;4;891.4;Libre;44;Teruel;Aragón;2
2025;1;917.4;Libre;44;Teruel;Aragón;2
2025;2;920.6;Libre;44;Teruel;Aragón;2
2025;3;923.5;Libre;44;Teruel;Aragón;2
2025;4;964;Libre;44;Teruel;Aragón;2
2026;1;1003.8;Libre;44;Teruel;Aragón;2
2026;2;1052.3;Libre;44;Teruel;Aragón;2
2005;1;818.2;Protegida;22;Huesca;Aragón;2
2005;2;838.1;Protegida;22;Huesca;Aragón;2
2005;3;856.3;Protegida;22;Huesca;Aragón;2
2005;4;875.6;Protegida;22;Huesca;Aragón;2
2006;1;887.5;Protegida;22;Huesca;Aragón;2
2006;2;823.7;Protegida;22;Huesca;Aragón;2
2006;3;960;Protegida;22;Huesca;Aragón;2
2006;4;946;Protegida;22;Huesca;Aragón;2
2007;1;926.8;Protegida;22;Huesca;Aragón;2
2007;2;959.7;Protegida;22;Huesca;Aragón;2
2007;3;1000.7;Protegida;22;Huesca;Aragón;2
2007;4;1021.8;Protegida;22;Huesca;Aragón;2
2008;1;1016.1;Protegida;22;Huesca;Aragón;2
2008;2;1025.8;Protegida;22;Huesca;Aragón;2
2008;3;1025.6;Protegida;22;Huesca;Aragón;2
2008;4;1046.2;Protegida;22;Huesca;Aragón;2
2009;1;1039.5;Protegida;22;Huesca;Aragón;2
2009;2;1021.8;Protegida;22;Huesca;Aragón;2
2009;3;1010;Protegida;22;Huesca;Aragón;2
2009;4;1014.4;Protegida;22;Huesca;Aragón;2
2010;1;1022;Protegida;22;Huesca;Aragón;2
2010;2;1013.3;Protegida;22;Huesca;Aragón;2
2010;3;1011.3;Protegida;22;Huesca;Aragón;2
2010;4;1030.1;Protegida;22;Huesca;Aragón;2
2011;1;1000.7;Protegida;22;Huesca;Aragón;2
2011;2;1028.6;Protegida;22;Huesca;Aragón;2
2011;3;1031;Protegida;22;Huesca;Aragón;2
2015;2;924.6;Protegida;22;Huesca;Aragón;2
2015;4;916.1;Protegida;22;Huesca;Aragón;2
2016;4;1000.9;Protegida;22;Huesca;Aragón;2
2017;2;1000.6;Protegida;22;Huesca;Aragón;2
2017;3;978.5;Protegida;22;Huesca;Aragón;2
2017;4;966.7;Protegida;22;Huesca;Aragón;2
2018;1;941.3;Protegida;22;Huesca;Aragón;2
2018;2;950.9;Protegida;22;Huesca;Aragón;2
2018;4;951.5;Protegida;22;Huesca;Aragón;2
2019;1;927.5;Protegida;22;Huesca;Aragón;2
2019;3;958.8;Protegida;22;Huesca;Aragón;2
2019;4;938.7;Protegida;22;Huesca;Aragón;2
2020;1;944;Protegida;22;Huesca;Aragón;2
2020;3;988.6;Protegida;22;Huesca;Aragón;2
2020;4;976;Protegida;22;Huesca;Aragón;2
2021;1;973.2;Protegida;22;Huesca;Aragón;2
2021;2;999.4;Protegida;22;Huesca;Aragón;2
2021;4;985.9;Protegida;22;Huesca;Aragón;2
2022;1;988.3;Protegida;22;Huesca;Aragón;2
2022;2;984;Protegida;22;Huesca;Aragón;2
2022;3;1003.6;Protegida;22;Huesca;Aragón;2
2023;1;1031.5;Protegida;22;Huesca;Aragón;2
2023;2;1056.5;Protegida;22;Huesca;Aragón;2
2023;4;1088.7;Protegida;22;Huesca;Aragón;2
2024;4;1075.6;Protegida;22;Huesca;Aragón;2
2025;1;1099.4;Protegida;22;Huesca;Aragón;2
2025;2;1116.4;Protegida;22;Huesca;Aragón;2
2025;3;1108.2;Protegida;22;Huesca;Aragón;2
2025;4;1093.6;Protegida;22;Huesca;Aragón;2
2026;2;1112.1;Protegida;22;Huesca;Aragón;2
1995;1;447.4;Libre;22;Huesca;Aragón;2
1995;2;434.9;Libre;22;Huesca;Aragón;2
1995;3;446.1;Libre;22;Huesca;Aragón;2
1995;4;462.3;Libre;22;Huesca;Aragón;2
1996;1;462.3;Libre;22;Huesca;Aragón;2
1996;2;485.9;Libre;22;Huesca;Aragón;2
1996;3;483.4;Libre;22;Huesca;Aragón;2
1996;4;488.4;Libre;22;Huesca;Aragón;2
1997;1;484.7;Libre;22;Huesca;Aragón;2
1997;2;489.6;Libre;22;Huesca;Aragón;2
1997;3;492.1;Libre;22;Huesca;Aragón;2
1997;4;489.6;Libre;22;Huesca;Aragón;2
1998;1;487.1;Libre;22;Huesca;Aragón;2
1998;2;490.9;Libre;22;Huesca;Aragón;2
1998;3;551.8;Libre;22;Huesca;Aragón;2
1998;4;553;Libre;22;Huesca;Aragón;2
1999;1;569.2;Libre;22;Huesca;Aragón;2
1999;2;575.4;Libre;22;Huesca;Aragón;2
1999;3;596.5;Libre;22;Huesca;Aragón;2
1999;4;638.7;Libre;22;Huesca;Aragón;2
2000;1;601.5;Libre;22;Huesca;Aragón;2
2000;2;612.7;Libre;22;Huesca;Aragón;2
2000;3;674.8;Libre;22;Huesca;Aragón;2
2000;4;657.4;Libre;22;Huesca;Aragón;2
2001;1;717;Libre;22;Huesca;Aragón;2
2001;2;712.1;Libre;22;Huesca;Aragón;2
2001;3;722;Libre;22;Huesca;Aragón;2
2001;4;775.4;Libre;22;Huesca;Aragón;2
2002;1;784.1;Libre;22;Huesca;Aragón;2
2002;2;800.3;Libre;22;Huesca;Aragón;2
2002;3;832.6;Libre;22;Huesca;Aragón;2
2002;4;874.9;Libre;22;Huesca;Aragón;2
2003;1;848.8;Libre;22;Huesca;Aragón;2
2003;2;929.5;Libre;22;Huesca;Aragón;2
2003;3;970.5;Libre;22;Huesca;Aragón;2
2003;4;980.5;Libre;22;Huesca;Aragón;2
2004;1;1050.1;Libre;22;Huesca;Aragón;2
2004;2;1157;Libre;22;Huesca;Aragón;2
2004;3;1195.5;Libre;22;Huesca;Aragón;2
2004;4;1230.3;Libre;22;Huesca;Aragón;2
2005;1;1242.7;Libre;22;Huesca;Aragón;2
2005;2;1376.9;Libre;22;Huesca;Aragón;2
2005;3;1382.2;Libre;22;Huesca;Aragón;2
2005;4;1477.6;Libre;22;Huesca;Aragón;2
2006;1;1509.9;Libre;22;Huesca;Aragón;2
2006;2;1517.3;Libre;22;Huesca;Aragón;2
2006;3;1547.2;Libre;22;Huesca;Aragón;2
2006;4;1570.8;Libre;22;Huesca;Aragón;2
2007;1;1559.6;Libre;22;Huesca;Aragón;2
2007;2;1608.1;Libre;22;Huesca;Aragón;2
2007;3;1623;Libre;22;Huesca;Aragón;2
2007;4;1670.2;Libre;22;Huesca;Aragón;2
2008;1;1697.5;Libre;22;Huesca;Aragón;2
2008;2;1651.5;Libre;22;Huesca;Aragón;2
2008;3;1654;Libre;22;Huesca;Aragón;2
2008;4;1623;Libre;22;Huesca;Aragón;2
2009;1;1544.7;Libre;22;Huesca;Aragón;2
2009;2;1495.3;Libre;22;Huesca;Aragón;2
2009;3;1476.3;Libre;22;Huesca;Aragón;2
2009;4;1473.1;Libre;22;Huesca;Aragón;2
2010;1;1425.4;Libre;22;Huesca;Aragón;2
2010;2;1429.1;Libre;22;Huesca;Aragón;2
2010;3;1473.2;Libre;22;Huesca;Aragón;2
2010;4;1468.9;Libre;22;Huesca;Aragón;2
2011;1;1524.8;Libre;22;Huesca;Aragón;2
2011;2;0;Libre;22;Huesca;Aragón;2
2011;3;0;Libre;22;Huesca;Aragón;2
2011;4;1386.9;Libre;22;Huesca;Aragón;2
2012;1;1421.6;Libre;22;Huesca;Aragón;2
2012;2;1454.3;Libre;22;Huesca;Aragón;2
2012;3;1399;Libre;22;Huesca;Aragón;2
2012;4;0;Libre;22;Huesca;Aragón;2
2013;1;1246.7;Libre;22;Huesca;Aragón;2
2013;2;1200.6;Libre;22;Huesca;Aragón;2
2013;3;1254.6;Libre;22;Huesca;Aragón;2
2013;4;1200.7;Libre;22;Huesca;Aragón;2
2014;1;1176;Libre;22;Huesca;Aragón;2
2014;2;1171.2;Libre;22;Huesca;Aragón;2
2014;3;1143;Libre;22;Huesca;Aragón;2
2014;4;1158.4;Libre;22;Huesca;Aragón;2
2015;1;1156.6;Libre;22;Huesca;Aragón;2
2015;2;1207.9;Libre;22;Huesca;Aragón;2
2015;3;1160.6;Libre;22;Huesca;Aragón;2
2015;4;1180.9;Libre;22;Huesca;Aragón;2
2016;1;1130.1;Libre;22;Huesca;Aragón;2
2016;2;1121.9;Libre;22;Huesca;Aragón;2
2016;3;1144.9;Libre;22;Huesca;Aragón;2
2016;4;1113.2;Libre;22;Huesca;Aragón;2
2017;1;1135.7;Libre;22;Huesca;Aragón;2
2017;2;1125.5;Libre;22;Huesca;Aragón;2
2017;3;1118.5;Libre;22;Huesca;Aragón;2
2017;4;1142.9;Libre;22;Huesca;Aragón;2
2018;1;1125.7;Libre;22;Huesca;Aragón;2
2018;2;1104;Libre;22;Huesca;Aragón;2
2018;3;1134.4;Libre;22;Huesca;Aragón;2
2018;4;1166.5;Libre;22;Huesca;Aragón;2
2019;1;1139.7;Libre;22;Huesca;Aragón;2
2019;2;1158.4;Libre;22;Huesca;Aragón;2
2019;3;1172.4;Libre;22;Huesca;Aragón;2
2019;4;1168.7;Libre;22;Huesca;Aragón;2
2020;1;1141.4;Libre;22;Huesca;Aragón;2
2020;2;1122;Libre;22;Huesca;Aragón;2
2020;3;1140.3;Libre;22;Huesca;Aragón;2
2020;4;1152.9;Libre;22;Huesca;Aragón;2
2021;1;1125.1;Libre;22;Huesca;Aragón;2
2021;2;1145.6;Libre;22;Huesca;Aragón;2
2021;3;1174.3;Libre;22;Huesca;Aragón;2
2021;4;1168.5;Libre;22;Huesca;Aragón;2
2022;1;1189.3;Libre;22;Huesca;Aragón;2
2022;2;1191.9;Libre;22;Huesca;Aragón;2
2022;3;1161.7;Libre;22;Huesca;Aragón;2
2022;4;1185.3;Libre;22;Huesca;Aragón;2
2023;1;1156.4;Libre;22;Huesca;Aragón;2
2023;2;1185.1;Libre;22;Huesca;Aragón;2
2023;3;1166.1;Libre;22;Huesca;Aragón;2
2023;4;1205.5;Libre;22;Huesca;Aragón;2
2024;1;1195.8;Libre;22;Huesca;Aragón;2
2024;2;1238.8;Libre;22;Huesca;Aragón;2
2024;3;1228.6;Libre;22;Huesca;Aragón;2
2024;4;1269.6;Libre;22;Huesca;Aragón;2
2025;1;1286.2;Libre;22;Huesca;Aragón;2
2025;2;1295.4;Libre;22;Huesca;Aragón;2
2025;3;1352.9;Libre;22;Huesca;Aragón;2
2025;4;1402;Libre;22;Huesca;Aragón;2
2026;1;1481;Libre;22;Huesca;Aragón;2
2026;2;1492.9;Libre;22;Huesca;Aragón;2
2005;1;845;Protegida;50;Zaragoza;Aragón;2
2005;2;869.9;Protegida;50;Zaragoza;Aragón;2
2005;3;899.8;Protegida;50;Zaragoza;Aragón;2
2005;4;917.4;Protegida;50;Zaragoza;Aragón;2
2006;1;954.1;Protegida;50;Zaragoza;Aragón;2
2006;2;968.1;Protegida;50;Zaragoza;Aragón;2
2006;3;971.1;Protegida;50;Zaragoza;Aragón;2
2006;4;982.3;Protegida;50;Zaragoza;Aragón;2
2007;1;990.4;Protegida;50;Zaragoza;Aragón;2
2007;2;1004.7;Protegida;50;Zaragoza;Aragón;2
2007;3;1007.4;Protegida;50;Zaragoza;Aragón;2
2007;4;1048.6;Protegida;50;Zaragoza;Aragón;2
2008;1;1051.7;Protegida;50;Zaragoza;Aragón;2
2008;2;1062.9;Protegida;50;Zaragoza;Aragón;2
2008;3;1053.5;Protegida;50;Zaragoza;Aragón;2
2008;4;1056.2;Protegida;50;Zaragoza;Aragón;2
2009;1;1057.2;Protegida;50;Zaragoza;Aragón;2
2009;2;1051.9;Protegida;50;Zaragoza;Aragón;2
2009;3;1069.7;Protegida;50;Zaragoza;Aragón;2
2009;4;1083.3;Protegida;50;Zaragoza;Aragón;2
2010;1;1101.5;Protegida;50;Zaragoza;Aragón;2
2010;2;1105.9;Protegida;50;Zaragoza;Aragón;2
2010;3;1097.4;Protegida;50;Zaragoza;Aragón;2
2010;4;1117;Protegida;50;Zaragoza;Aragón;2
2011;1;1130.1;Protegida;50;Zaragoza;Aragón;2
2011;2;1150.4;Protegida;50;Zaragoza;Aragón;2
2011;3;1175.8;Protegida;50;Zaragoza;Aragón;2
2011;4;1187.4;Protegida;50;Zaragoza;Aragón;2
2012;1;1232.1;Protegida;50;Zaragoza;Aragón;2
2012;2;1241.6;Protegida;50;Zaragoza;Aragón;2
2012;3;1202.5;Protegida;50;Zaragoza;Aragón;2
2012;4;1188.1;Protegida;50;Zaragoza;Aragón;2
2013;1;1197.8;Protegida;50;Zaragoza;Aragón;2
2013;2;1190.1;Protegida;50;Zaragoza;Aragón;2
2013;3;1162.1;Protegida;50;Zaragoza;Aragón;2
2013;4;1150.7;Protegida;50;Zaragoza;Aragón;2
2014;1;1104.1;Protegida;50;Zaragoza;Aragón;2
2014;2;1091.2;Protegida;50;Zaragoza;Aragón;2
2014;3;1082.4;Protegida;50;Zaragoza;Aragón;2
2014;4;1068.9;Protegida;50;Zaragoza;Aragón;2
2015;1;1051.6;Protegida;50;Zaragoza;Aragón;2
2015;2;1051.4;Protegida;50;Zaragoza;Aragón;2
2015;3;1033.3;Protegida;50;Zaragoza;Aragón;2
2015;4;1028.5;Protegida;50;Zaragoza;Aragón;2
2016;1;1050.4;Protegida;50;Zaragoza;Aragón;2
2016;2;1058;Protegida;50;Zaragoza;Aragón;2
2016;3;1058.5;Protegida;50;Zaragoza;Aragón;2
2016;4;1090.3;Protegida;50;Zaragoza;Aragón;2
2017;1;1112.4;Protegida;50;Zaragoza;Aragón;2
2017;2;1103.4;Protegida;50;Zaragoza;Aragón;2
2017;3;1102.5;Protegida;50;Zaragoza;Aragón;2
2017;4;1093.3;Protegida;50;Zaragoza;Aragón;2
2018;1;1085.6;Protegida;50;Zaragoza;Aragón;2
2018;2;1063.2;Protegida;50;Zaragoza;Aragón;2
2018;3;1048.3;Protegida;50;Zaragoza;Aragón;2
2018;4;1050.3;Protegida;50;Zaragoza;Aragón;2
2019;1;1038.1;Protegida;50;Zaragoza;Aragón;2
2019;2;1043.6;Protegida;50;Zaragoza;Aragón;2
2019;3;1063.5;Protegida;50;Zaragoza;Aragón;2
2019;4;1066.8;Protegida;50;Zaragoza;Aragón;2
2020;1;1076.8;Protegida;50;Zaragoza;Aragón;2
2020;2;1099.9;Protegida;50;Zaragoza;Aragón;2
2020;3;1125.1;Protegida;50;Zaragoza;Aragón;2
2020;4;1106.9;Protegida;50;Zaragoza;Aragón;2
2021;1;1102.2;Protegida;50;Zaragoza;Aragón;2
2021;2;1104.7;Protegida;50;Zaragoza;Aragón;2
2021;3;1101.6;Protegida;50;Zaragoza;Aragón;2
2021;4;1114.8;Protegida;50;Zaragoza;Aragón;2
2022;1;1100.1;Protegida;50;Zaragoza;Aragón;2
2022;2;1127.5;Protegida;50;Zaragoza;Aragón;2
2022;3;1110.7;Protegida;50;Zaragoza;Aragón;2
2022;4;1130.5;Protegida;50;Zaragoza;Aragón;2
2023;1;1118.8;Protegida;50;Zaragoza;Aragón;2
2023;2;1136.5;Protegida;50;Zaragoza;Aragón;2
2023;3;1129.2;Protegida;50;Zaragoza;Aragón;2
2023;4;1141.6;Protegida;50;Zaragoza;Aragón;2
2024;1;1136.9;Protegida;50;Zaragoza;Aragón;2
2024;2;1123;Protegida;50;Zaragoza;Aragón;2
2024;3;1118.5;Protegida;50;Zaragoza;Aragón;2
2024;4;1137.1;Protegida;50;Zaragoza;Aragón;2
2025;1;1126.1;Protegida;50;Zaragoza;Aragón;2
2025;2;1155.3;Protegida;50;Zaragoza;Aragón;2
2025;3;1163.9;Protegida;50;Zaragoza;Aragón;2
2025;4;1181.9;Protegida;50;Zaragoza;Aragón;2
2026;1;1209.4;Protegida;50;Zaragoza;Aragón;2
2026;2;1240;Protegida;50;Zaragoza;Aragón;2
1995;1;619.7;Libre;50;Zaragoza;Aragón;2
1995;2;610;Libre;50;Zaragoza;Aragón;2
1995;3;635.9;Libre;50;Zaragoza;Aragón;2
1995;4;644.1;Libre;50;Zaragoza;Aragón;2
1996;1;644.1;Libre;50;Zaragoza;Aragón;2
1996;2;608.4;Libre;50;Zaragoza;Aragón;2
1996;3;624.6;Libre;50;Zaragoza;Aragón;2
1996;4;626.2;Libre;50;Zaragoza;Aragón;2
1997;1;603.5;Libre;50;Zaragoza;Aragón;2
1997;2;600.3;Libre;50;Zaragoza;Aragón;2
1997;3;603.5;Libre;50;Zaragoza;Aragón;2
1997;4;621.3;Libre;50;Zaragoza;Aragón;2
1998;1;610;Libre;50;Zaragoza;Aragón;2
1998;2;634.3;Libre;50;Zaragoza;Aragón;2
1998;3;671.6;Libre;50;Zaragoza;Aragón;2
1998;4;702.5;Libre;50;Zaragoza;Aragón;2
1999;1;710.6;Libre;50;Zaragoza;Aragón;2
1999;2;765.7;Libre;50;Zaragoza;Aragón;2
1999;3;759.2;Libre;50;Zaragoza;Aragón;2
1999;4;827.4;Libre;50;Zaragoza;Aragón;2
2000;1;863.1;Libre;50;Zaragoza;Aragón;2
2000;2;897.1;Libre;50;Zaragoza;Aragón;2
2000;3;910.1;Libre;50;Zaragoza;Aragón;2
2000;4;940.9;Libre;50;Zaragoza;Aragón;2
2001;1;966.9;Libre;50;Zaragoza;Aragón;2
2001;2;994.5;Libre;50;Zaragoza;Aragón;2
2001;3;1031.8;Libre;50;Zaragoza;Aragón;2
2001;4;1101.5;Libre;50;Zaragoza;Aragón;2
2002;1;1125.9;Libre;50;Zaragoza;Aragón;2
2002;2;1155.1;Libre;50;Zaragoza;Aragón;2
2002;3;1192.4;Libre;50;Zaragoza;Aragón;2
2002;4;1241.1;Libre;50;Zaragoza;Aragón;2
2003;1;1236.2;Libre;50;Zaragoza;Aragón;2
2003;2;1306;Libre;50;Zaragoza;Aragón;2
2003;3;1302.7;Libre;50;Zaragoza;Aragón;2
2003;4;1377.3;Libre;50;Zaragoza;Aragón;2
2004;1;1458.4;Libre;50;Zaragoza;Aragón;2
2004;2;1495.8;Libre;50;Zaragoza;Aragón;2
2004;3;1515.2;Libre;50;Zaragoza;Aragón;2
2004;4;1586.6;Libre;50;Zaragoza;Aragón;2
2005;1;1622.3;Libre;50;Zaragoza;Aragón;2
2005;2;1742.4;Libre;50;Zaragoza;Aragón;2
2005;3;1765.1;Libre;50;Zaragoza;Aragón;2
2005;4;1800.4;Libre;50;Zaragoza;Aragón;2
2006;1;1881.9;Libre;50;Zaragoza;Aragón;2
2006;2;1995.4;Libre;50;Zaragoza;Aragón;2
2006;3;2022.8;Libre;50;Zaragoza;Aragón;2
2006;4;2048.3;Libre;50;Zaragoza;Aragón;2
2007;1;2060.4;Libre;50;Zaragoza;Aragón;2
2007;2;2118.7;Libre;50;Zaragoza;Aragón;2
2007;3;2068.4;Libre;50;Zaragoza;Aragón;2
2007;4;2092.1;Libre;50;Zaragoza;Aragón;2
2008;1;2125.2;Libre;50;Zaragoza;Aragón;2
2008;2;2099.8;Libre;50;Zaragoza;Aragón;2
2008;3;2013.4;Libre;50;Zaragoza;Aragón;2
2008;4;2000.3;Libre;50;Zaragoza;Aragón;2
2009;1;1932.2;Libre;50;Zaragoza;Aragón;2
2009;2;1879.7;Libre;50;Zaragoza;Aragón;2
2009;3;1829.4;Libre;50;Zaragoza;Aragón;2
2009;4;1882.4;Libre;50;Zaragoza;Aragón;2
2010;1;1819.2;Libre;50;Zaragoza;Aragón;2
2010;2;1814.1;Libre;50;Zaragoza;Aragón;2
2010;3;1801.2;Libre;50;Zaragoza;Aragón;2
2010;4;1790.2;Libre;50;Zaragoza;Aragón;2
2011;1;1718;Libre;50;Zaragoza;Aragón;2
2011;2;1665.7;Libre;50;Zaragoza;Aragón;2
2011;3;1612.4;Libre;50;Zaragoza;Aragón;2
2011;4;1570;Libre;50;Zaragoza;Aragón;2
2012;1;1540.2;Libre;50;Zaragoza;Aragón;2
2012;2;1460.1;Libre;50;Zaragoza;Aragón;2
2012;3;1391.5;Libre;50;Zaragoza;Aragón;2
2012;4;1406.8;Libre;50;Zaragoza;Aragón;2
2013;1;1347.7;Libre;50;Zaragoza;Aragón;2
2013;2;1312.7;Libre;50;Zaragoza;Aragón;2
2013;3;1254.9;Libre;50;Zaragoza;Aragón;2
2013;4;1218.5;Libre;50;Zaragoza;Aragón;2
2014;1;1219.2;Libre;50;Zaragoza;Aragón;2
2014;2;1225.7;Libre;50;Zaragoza;Aragón;2
2014;3;1213.6;Libre;50;Zaragoza;Aragón;2
2014;4;1228.3;Libre;50;Zaragoza;Aragón;2
2015;1;1252.2;Libre;50;Zaragoza;Aragón;2
2015;2;1270.5;Libre;50;Zaragoza;Aragón;2
2015;3;1260.8;Libre;50;Zaragoza;Aragón;2
2015;4;1248.6;Libre;50;Zaragoza;Aragón;2
2016;1;1252.2;Libre;50;Zaragoza;Aragón;2
2016;2;1261.1;Libre;50;Zaragoza;Aragón;2
2016;3;1237.8;Libre;50;Zaragoza;Aragón;2
2016;4;1265.5;Libre;50;Zaragoza;Aragón;2
2017;1;1227.5;Libre;50;Zaragoza;Aragón;2
2017;2;1213.8;Libre;50;Zaragoza;Aragón;2
2017;3;1238.4;Libre;50;Zaragoza;Aragón;2
2017;4;1260.9;Libre;50;Zaragoza;Aragón;2
2018;1;1239.5;Libre;50;Zaragoza;Aragón;2
2018;2;1267.1;Libre;50;Zaragoza;Aragón;2
2018;3;1254.6;Libre;50;Zaragoza;Aragón;2
2018;4;1301.6;Libre;50;Zaragoza;Aragón;2
2019;1;1295.1;Libre;50;Zaragoza;Aragón;2
2019;2;1322.8;Libre;50;Zaragoza;Aragón;2
2019;3;1324.7;Libre;50;Zaragoza;Aragón;2
2019;4;1314.4;Libre;50;Zaragoza;Aragón;2
2020;1;1307.2;Libre;50;Zaragoza;Aragón;2
2020;2;1266.2;Libre;50;Zaragoza;Aragón;2
2020;3;1288.6;Libre;50;Zaragoza;Aragón;2
2020;4;1294.2;Libre;50;Zaragoza;Aragón;2
2021;1;1266.1;Libre;50;Zaragoza;Aragón;2
2021;2;1283.6;Libre;50;Zaragoza;Aragón;2
2021;3;1301.1;Libre;50;Zaragoza;Aragón;2
2021;4;1339.5;Libre;50;Zaragoza;Aragón;2
2022;1;1362.3;Libre;50;Zaragoza;Aragón;2
2022;2;1385.1;Libre;50;Zaragoza;Aragón;2
2022;3;1378;Libre;50;Zaragoza;Aragón;2
2022;4;1407.9;Libre;50;Zaragoza;Aragón;2
2023;1;1393;Libre;50;Zaragoza;Aragón;2
2023;2;1399.1;Libre;50;Zaragoza;Aragón;2
2023;3;1452.7;Libre;50;Zaragoza;Aragón;2
2023;4;1456.3;Libre;50;Zaragoza;Aragón;2
2024;1;1468.7;Libre;50;Zaragoza;Aragón;2
2024;2;1519.8;Libre;50;Zaragoza;Aragón;2
2024;3;1542;Libre;50;Zaragoza;Aragón;2
2024;4;1588.7;Libre;50;Zaragoza;Aragón;2
2025;1;1642.7;Libre;50;Zaragoza;Aragón;2
2025;2;1698.9;Libre;50;Zaragoza;Aragón;2
2025;3;1755.1;Libre;50;Zaragoza;Aragón;2
2025;4;1818.1;Libre;50;Zaragoza;Aragón;2
2026;1;1905.5;Libre;50;Zaragoza;Aragón;2
2026;2;1944.3;Libre;50;Zaragoza;Aragón;2
2005;1;1130.4;Protegida;20;Gipuzkoa;País Vasco;16
2005;2;1130.9;Protegida;20;Gipuzkoa;País Vasco;16
2005;3;1130.9;Protegida;20;Gipuzkoa;País Vasco;16
2005;4;1144;Protegida;20;Gipuzkoa;País Vasco;16
2006;1;1170.4;Protegida;20;Gipuzkoa;País Vasco;16
2006;2;1163.8;Protegida;20;Gipuzkoa;País Vasco;16
2006;3;1148.7;Protegida;20;Gipuzkoa;País Vasco;16
2006;4;1110.6;Protegida;20;Gipuzkoa;País Vasco;16
2007;1;1110.6;Protegida;20;Gipuzkoa;País Vasco;16
2007;2;1135.7;Protegida;20;Gipuzkoa;País Vasco;16
2007;3;1163;Protegida;20;Gipuzkoa;País Vasco;16
2007;4;1192.5;Protegida;20;Gipuzkoa;País Vasco;16
2008;1;1215.7;Protegida;20;Gipuzkoa;País Vasco;16
2008;2;1213.7;Protegida;20;Gipuzkoa;País Vasco;16
2008;3;1213.7;Protegida;20;Gipuzkoa;País Vasco;16
2008;4;1202.4;Protegida;20;Gipuzkoa;País Vasco;16
2009;1;1191.3;Protegida;20;Gipuzkoa;País Vasco;16
2009;2;1191.3;Protegida;20;Gipuzkoa;País Vasco;16
2009;3;1179.2;Protegida;20;Gipuzkoa;País Vasco;16
2009;4;1185;Protegida;20;Gipuzkoa;País Vasco;16
2010;1;1190.4;Protegida;20;Gipuzkoa;País Vasco;16
2010;2;1201.8;Protegida;20;Gipuzkoa;País Vasco;16
2010;3;1221.9;Protegida;20;Gipuzkoa;País Vasco;16
2010;4;1230.3;Protegida;20;Gipuzkoa;País Vasco;16
2011;1;1173.4;Protegida;20;Gipuzkoa;País Vasco;16
2011;2;1163;Protegida;20;Gipuzkoa;País Vasco;16
2011;3;1147.1;Protegida;20;Gipuzkoa;País Vasco;16
2011;4;1176.7;Protegida;20;Gipuzkoa;País Vasco;16
2012;1;1183.3;Protegida;20;Gipuzkoa;País Vasco;16
2012;2;1175.3;Protegida;20;Gipuzkoa;País Vasco;16
2012;3;1119.9;Protegida;20;Gipuzkoa;País Vasco;16
2012;4;1119.3;Protegida;20;Gipuzkoa;País Vasco;16
2013;1;1127.6;Protegida;20;Gipuzkoa;País Vasco;16
2013;2;1116.6;Protegida;20;Gipuzkoa;País Vasco;16
2013;3;1114;Protegida;20;Gipuzkoa;País Vasco;16
2013;4;1129.2;Protegida;20;Gipuzkoa;País Vasco;16
2014;2;1136.8;Protegida;20;Gipuzkoa;País Vasco;16
2014;3;1175.8;Protegida;20;Gipuzkoa;País Vasco;16
2014;4;1203.8;Protegida;20;Gipuzkoa;País Vasco;16
2015;1;1160.6;Protegida;20;Gipuzkoa;País Vasco;16
2015;2;1169.2;Protegida;20;Gipuzkoa;País Vasco;16
2015;3;1156.6;Protegida;20;Gipuzkoa;País Vasco;16
2015;4;1136.6;Protegida;20;Gipuzkoa;País Vasco;16
2016;1;1141.3;Protegida;20;Gipuzkoa;País Vasco;16
2016;2;1153.3;Protegida;20;Gipuzkoa;País Vasco;16
2017;1;1127.1;Protegida;20;Gipuzkoa;País Vasco;16
2017;2;1138.3;Protegida;20;Gipuzkoa;País Vasco;16
2017;4;1148.4;Protegida;20;Gipuzkoa;País Vasco;16
2018;1;1133.5;Protegida;20;Gipuzkoa;País Vasco;16
2018;4;1130;Protegida;20;Gipuzkoa;País Vasco;16
2019;2;1157.3;Protegida;20;Gipuzkoa;País Vasco;16
2019;3;1168;Protegida;20;Gipuzkoa;País Vasco;16
2019;4;1159.1;Protegida;20;Gipuzkoa;País Vasco;16
2020;2;1166.3;Protegida;20;Gipuzkoa;País Vasco;16
2020;3;1168.3;Protegida;20;Gipuzkoa;País Vasco;16
2020;4;1191.8;Protegida;20;Gipuzkoa;País Vasco;16
2021;1;1176.6;Protegida;20;Gipuzkoa;País Vasco;16
2021;2;1191.4;Protegida;20;Gipuzkoa;País Vasco;16
2021;3;1163.6;Protegida;20;Gipuzkoa;País Vasco;16
2021;4;1133.7;Protegida;20;Gipuzkoa;País Vasco;16
2022;1;1156.6;Protegida;20;Gipuzkoa;País Vasco;16
2022;2;1129;Protegida;20;Gipuzkoa;País Vasco;16
2022;3;1144.1;Protegida;20;Gipuzkoa;País Vasco;16
2022;4;1113.2;Protegida;20;Gipuzkoa;País Vasco;16
2023;1;1116.2;Protegida;20;Gipuzkoa;País Vasco;16
2023;2;1109.1;Protegida;20;Gipuzkoa;País Vasco;16
2023;3;1108.1;Protegida;20;Gipuzkoa;País Vasco;16
2023;4;1107.6;Protegida;20;Gipuzkoa;País Vasco;16
2024;1;1106.2;Protegida;20;Gipuzkoa;País Vasco;16
2024;2;1106.3;Protegida;20;Gipuzkoa;País Vasco;16
2024;3;1117.4;Protegida;20;Gipuzkoa;País Vasco;16
2024;4;1105.4;Protegida;20;Gipuzkoa;País Vasco;16
2025;1;1101.3;Protegida;20;Gipuzkoa;País Vasco;16
2025;2;1123.1;Protegida;20;Gipuzkoa;País Vasco;16
2025;3;1139.1;Protegida;20;Gipuzkoa;País Vasco;16
2025;4;1147.1;Protegida;20;Gipuzkoa;País Vasco;16
2026;1;1178.8;Protegida;20;Gipuzkoa;País Vasco;16
2026;2;1191.5;Protegida;20;Gipuzkoa;País Vasco;16
1995;1;972.2;Libre;20;Gipuzkoa;País Vasco;16
1995;2;1009.6;Libre;20;Gipuzkoa;País Vasco;16
1995;3;1014.6;Libre;20;Gipuzkoa;País Vasco;16
1995;4;969.7;Libre;20;Gipuzkoa;País Vasco;16
1996;1;997.2;Libre;20;Gipuzkoa;País Vasco;16
1996;2;1002.1;Libre;20;Gipuzkoa;País Vasco;16
1996;3;1032.1;Libre;20;Gipuzkoa;País Vasco;16
1996;4;994.7;Libre;20;Gipuzkoa;País Vasco;16
1997;1;984.7;Libre;20;Gipuzkoa;País Vasco;16
1997;2;989.7;Libre;20;Gipuzkoa;País Vasco;16
1997;3;962.3;Libre;20;Gipuzkoa;País Vasco;16
1997;4;977.2;Libre;20;Gipuzkoa;País Vasco;16
1998;1;979.7;Libre;20;Gipuzkoa;País Vasco;16
1998;2;997.2;Libre;20;Gipuzkoa;País Vasco;16
1998;3;1032.1;Libre;20;Gipuzkoa;País Vasco;16
1998;4;1049.5;Libre;20;Gipuzkoa;País Vasco;16
1999;1;1076.9;Libre;20;Gipuzkoa;País Vasco;16
1999;2;1179.1;Libre;20;Gipuzkoa;País Vasco;16
1999;3;1216.5;Libre;20;Gipuzkoa;País Vasco;16
1999;4;1273.9;Libre;20;Gipuzkoa;País Vasco;16
2000;1;1413.5;Libre;20;Gipuzkoa;País Vasco;16
2000;2;1480.8;Libre;20;Gipuzkoa;País Vasco;16
2000;3;1568;Libre;20;Gipuzkoa;País Vasco;16
2000;4;1635.3;Libre;20;Gipuzkoa;País Vasco;16
2001;1;1657.8;Libre;20;Gipuzkoa;País Vasco;16
2001;2;1677.7;Libre;20;Gipuzkoa;País Vasco;16
2001;3;1745;Libre;20;Gipuzkoa;País Vasco;16
2001;4;1767.5;Libre;20;Gipuzkoa;País Vasco;16
2002;1;1807.4;Libre;20;Gipuzkoa;País Vasco;16
2002;2;1889.6;Libre;20;Gipuzkoa;País Vasco;16
2002;3;1959.4;Libre;20;Gipuzkoa;País Vasco;16
2002;4;2034.2;Libre;20;Gipuzkoa;País Vasco;16
2003;1;2054.1;Libre;20;Gipuzkoa;País Vasco;16
2003;2;2094;Libre;20;Gipuzkoa;País Vasco;16
2003;3;2111.5;Libre;20;Gipuzkoa;País Vasco;16
2003;4;2131.4;Libre;20;Gipuzkoa;País Vasco;16
2004;1;2168.8;Libre;20;Gipuzkoa;País Vasco;16
2004;2;2221.2;Libre;20;Gipuzkoa;País Vasco;16
2004;3;2353.3;Libre;20;Gipuzkoa;País Vasco;16
2004;4;2370.7;Libre;20;Gipuzkoa;País Vasco;16
2005;1;2492.9;Libre;20;Gipuzkoa;País Vasco;16
2005;2;2540.3;Libre;20;Gipuzkoa;País Vasco;16
2005;3;2625;Libre;20;Gipuzkoa;País Vasco;16
2005;4;2627.6;Libre;20;Gipuzkoa;País Vasco;16
2006;1;2802;Libre;20;Gipuzkoa;País Vasco;16
2006;2;2792;Libre;20;Gipuzkoa;País Vasco;16
2006;3;2929.2;Libre;20;Gipuzkoa;País Vasco;16
2006;4;2894.3;Libre;20;Gipuzkoa;País Vasco;16
2007;1;2933.1;Libre;20;Gipuzkoa;País Vasco;16
2007;2;3018.9;Libre;20;Gipuzkoa;País Vasco;16
2007;3;2996.2;Libre;20;Gipuzkoa;País Vasco;16
2007;4;2983.8;Libre;20;Gipuzkoa;País Vasco;16
2008;1;3061.6;Libre;20;Gipuzkoa;País Vasco;16
2008;2;3044.6;Libre;20;Gipuzkoa;País Vasco;16
2008;3;3080.8;Libre;20;Gipuzkoa;País Vasco;16
2008;4;2990.9;Libre;20;Gipuzkoa;País Vasco;16
2009;1;2966.6;Libre;20;Gipuzkoa;País Vasco;16
2009;2;2916.2;Libre;20;Gipuzkoa;País Vasco;16
2009;3;2926.5;Libre;20;Gipuzkoa;País Vasco;16
2009;4;2983;Libre;20;Gipuzkoa;País Vasco;16
2010;1;2885.3;Libre;20;Gipuzkoa;País Vasco;16
2010;2;2816.9;Libre;20;Gipuzkoa;País Vasco;16
2010;3;2719.7;Libre;20;Gipuzkoa;País Vasco;16
2010;4;2721.6;Libre;20;Gipuzkoa;País Vasco;16
2011;1;2829.4;Libre;20;Gipuzkoa;País Vasco;16
2011;2;2762.8;Libre;20;Gipuzkoa;País Vasco;16
2011;3;2784.2;Libre;20;Gipuzkoa;País Vasco;16
2011;4;2734.7;Libre;20;Gipuzkoa;País Vasco;16
2012;1;2775.7;Libre;20;Gipuzkoa;País Vasco;16
2012;2;2742.4;Libre;20;Gipuzkoa;País Vasco;16
2012;3;2805.5;Libre;20;Gipuzkoa;País Vasco;16
2012;4;2721.3;Libre;20;Gipuzkoa;País Vasco;16
2013;1;2724;Libre;20;Gipuzkoa;País Vasco;16
2013;2;2732.2;Libre;20;Gipuzkoa;País Vasco;16
2013;3;2754.1;Libre;20;Gipuzkoa;País Vasco;16
2013;4;2726.6;Libre;20;Gipuzkoa;País Vasco;16
2014;1;2710.2;Libre;20;Gipuzkoa;País Vasco;16
2014;2;2737.3;Libre;20;Gipuzkoa;País Vasco;16
2014;3;2742.8;Libre;20;Gipuzkoa;País Vasco;16
2014;4;2701.7;Libre;20;Gipuzkoa;País Vasco;16
2015;1;2666.8;Libre;20;Gipuzkoa;País Vasco;16
2015;2;2709.3;Libre;20;Gipuzkoa;País Vasco;16
2015;3;2682.6;Libre;20;Gipuzkoa;País Vasco;16
2015;4;2650.4;Libre;20;Gipuzkoa;País Vasco;16
2016;1;2566.3;Libre;20;Gipuzkoa;País Vasco;16
2016;2;2654.7;Libre;20;Gipuzkoa;País Vasco;16
2016;3;2634.6;Libre;20;Gipuzkoa;País Vasco;16
2016;4;2603;Libre;20;Gipuzkoa;País Vasco;16
2017;1;2653.5;Libre;20;Gipuzkoa;País Vasco;16
2017;2;2686.2;Libre;20;Gipuzkoa;País Vasco;16
2017;3;2640.7;Libre;20;Gipuzkoa;País Vasco;16
2017;4;2666.6;Libre;20;Gipuzkoa;País Vasco;16
2018;1;2607.4;Libre;20;Gipuzkoa;País Vasco;16
2018;2;2685.2;Libre;20;Gipuzkoa;País Vasco;16
2018;3;2609.2;Libre;20;Gipuzkoa;País Vasco;16
2018;4;2679.5;Libre;20;Gipuzkoa;País Vasco;16
2019;1;2670.3;Libre;20;Gipuzkoa;País Vasco;16
2019;2;2667.4;Libre;20;Gipuzkoa;País Vasco;16
2019;3;2721.1;Libre;20;Gipuzkoa;País Vasco;16
2019;4;2697.4;Libre;20;Gipuzkoa;País Vasco;16
2020;1;2707.5;Libre;20;Gipuzkoa;País Vasco;16
2020;2;2668.5;Libre;20;Gipuzkoa;País Vasco;16
2020;3;2655.3;Libre;20;Gipuzkoa;País Vasco;16
2020;4;2698.9;Libre;20;Gipuzkoa;País Vasco;16
2021;1;2735.2;Libre;20;Gipuzkoa;País Vasco;16
2021;2;2751.2;Libre;20;Gipuzkoa;País Vasco;16
2021;3;2735.5;Libre;20;Gipuzkoa;País Vasco;16
2021;4;2765.9;Libre;20;Gipuzkoa;País Vasco;16
2022;1;2819.6;Libre;20;Gipuzkoa;País Vasco;16
2022;2;2797.6;Libre;20;Gipuzkoa;País Vasco;16
2022;3;2843.4;Libre;20;Gipuzkoa;País Vasco;16
2022;4;2875.8;Libre;20;Gipuzkoa;País Vasco;16
2023;1;2937.7;Libre;20;Gipuzkoa;País Vasco;16
2023;2;2869.6;Libre;20;Gipuzkoa;País Vasco;16
2023;3;2854.1;Libre;20;Gipuzkoa;País Vasco;16
2023;4;2902.8;Libre;20;Gipuzkoa;País Vasco;16
2024;1;2944.8;Libre;20;Gipuzkoa;País Vasco;16
2024;2;2993.3;Libre;20;Gipuzkoa;País Vasco;16
2024;3;2916.3;Libre;20;Gipuzkoa;País Vasco;16
2024;4;2986.3;Libre;20;Gipuzkoa;País Vasco;16
2025;1;3093.5;Libre;20;Gipuzkoa;País Vasco;16
2025;2;3115.7;Libre;20;Gipuzkoa;País Vasco;16
2025;3;3222.3;Libre;20;Gipuzkoa;País Vasco;16
2025;4;3362.9;Libre;20;Gipuzkoa;País Vasco;16
2026;1;3419.7;Libre;20;Gipuzkoa;País Vasco;16
2026;2;3514.6;Libre;20;Gipuzkoa;País Vasco;16
2005;1;1188.9;Protegida;1;Araba/Álava;País Vasco;16
2005;2;1134.6;Protegida;1;Araba/Álava;País Vasco;16
2005;3;1189;Protegida;1;Araba/Álava;País Vasco;16
2005;4;1191.3;Protegida;1;Araba/Álava;País Vasco;16
2006;1;1202.6;Protegida;1;Araba/Álava;País Vasco;16
2006;2;1135.1;Protegida;1;Araba/Álava;País Vasco;16
2006;3;1155.7;Protegida;1;Araba/Álava;País Vasco;16
2006;4;1126.6;Protegida;1;Araba/Álava;País Vasco;16
2007;1;1169.5;Protegida;1;Araba/Álava;País Vasco;16
2007;2;1195.4;Protegida;1;Araba/Álava;País Vasco;16
2007;3;1189.3;Protegida;1;Araba/Álava;País Vasco;16
2007;4;1203.5;Protegida;1;Araba/Álava;País Vasco;16
2008;1;1234.7;Protegida;1;Araba/Álava;País Vasco;16
2008;2;1229.5;Protegida;1;Araba/Álava;País Vasco;16
2008;3;1252.3;Protegida;1;Araba/Álava;País Vasco;16
2008;4;1254.3;Protegida;1;Araba/Álava;País Vasco;16
2009;1;1253.43;Protegida;1;Araba/Álava;País Vasco;16
2009;2;1240.4;Protegida;1;Araba/Álava;País Vasco;16
2009;3;1243.6;Protegida;1;Araba/Álava;País Vasco;16
2009;4;1272.7;Protegida;1;Araba/Álava;País Vasco;16
2010;1;1290.4;Protegida;1;Araba/Álava;País Vasco;16
2010;2;1312;Protegida;1;Araba/Álava;País Vasco;16
2010;3;1311.9;Protegida;1;Araba/Álava;País Vasco;16
2010;4;1333.9;Protegida;1;Araba/Álava;País Vasco;16
2011;1;1333.9;Protegida;1;Araba/Álava;País Vasco;16
2011;2;1329.5;Protegida;1;Araba/Álava;País Vasco;16
2011;3;1293.1;Protegida;1;Araba/Álava;País Vasco;16
2011;4;1243.3;Protegida;1;Araba/Álava;País Vasco;16
2012;1;1244.4;Protegida;1;Araba/Álava;País Vasco;16
2012;2;1226.3;Protegida;1;Araba/Álava;País Vasco;16
2012;3;1220.6;Protegida;1;Araba/Álava;País Vasco;16
2012;4;1217.7;Protegida;1;Araba/Álava;País Vasco;16
2013;1;1218.9;Protegida;1;Araba/Álava;País Vasco;16
2013;2;1174.7;Protegida;1;Araba/Álava;País Vasco;16
2013;3;1175.5;Protegida;1;Araba/Álava;País Vasco;16
2013;4;1141.7;Protegida;1;Araba/Álava;País Vasco;16
2014;2;1110.2;Protegida;1;Araba/Álava;País Vasco;16
2014;4;1110.6;Protegida;1;Araba/Álava;País Vasco;16
2015;1;1115.6;Protegida;1;Araba/Álava;País Vasco;16
2015;2;1092;Protegida;1;Araba/Álava;País Vasco;16
2015;3;1115.1;Protegida;1;Araba/Álava;País Vasco;16
2015;4;1160.8;Protegida;1;Araba/Álava;País Vasco;16
2016;1;1145.8;Protegida;1;Araba/Álava;País Vasco;16
2016;2;1127.5;Protegida;1;Araba/Álava;País Vasco;16
2016;4;1083.4;Protegida;1;Araba/Álava;País Vasco;16
2017;1;1072.7;Protegida;1;Araba/Álava;País Vasco;16
2017;2;1099.8;Protegida;1;Araba/Álava;País Vasco;16
2017;3;1131.4;Protegida;1;Araba/Álava;País Vasco;16
2017;4;1144.9;Protegida;1;Araba/Álava;País Vasco;16
2018;1;1140.6;Protegida;1;Araba/Álava;País Vasco;16
2018;2;1123;Protegida;1;Araba/Álava;País Vasco;16
2018;3;1127.4;Protegida;1;Araba/Álava;País Vasco;16
2018;4;1127;Protegida;1;Araba/Álava;País Vasco;16
2019;1;1135.8;Protegida;1;Araba/Álava;País Vasco;16
2019;2;1150.6;Protegida;1;Araba/Álava;País Vasco;16
2019;3;1152;Protegida;1;Araba/Álava;País Vasco;16
2019;4;1155.9;Protegida;1;Araba/Álava;País Vasco;16
2020;1;1123;Protegida;1;Araba/Álava;País Vasco;16
2020;2;1130.8;Protegida;1;Araba/Álava;País Vasco;16
2020;3;1137.7;Protegida;1;Araba/Álava;País Vasco;16
2020;4;1122.4;Protegida;1;Araba/Álava;País Vasco;16
2021;1;1144.5;Protegida;1;Araba/Álava;País Vasco;16
2021;2;1125.9;Protegida;1;Araba/Álava;País Vasco;16
2021;3;1114;Protegida;1;Araba/Álava;País Vasco;16
2021;4;1150.3;Protegida;1;Araba/Álava;País Vasco;16
2022;1;1121.9;Protegida;1;Araba/Álava;País Vasco;16
2022;2;1123.8;Protegida;1;Araba/Álava;País Vasco;16
2022;3;1113.5;Protegida;1;Araba/Álava;País Vasco;16
2022;4;1112.7;Protegida;1;Araba/Álava;País Vasco;16
2023;1;1110.2;Protegida;1;Araba/Álava;País Vasco;16
2023;2;1109.6;Protegida;1;Araba/Álava;País Vasco;16
2023;3;1101.2;Protegida;1;Araba/Álava;País Vasco;16
2023;4;1101;Protegida;1;Araba/Álava;País Vasco;16
2024;1;1104.1;Protegida;1;Araba/Álava;País Vasco;16
2024;2;1102.6;Protegida;1;Araba/Álava;País Vasco;16
2024;3;1102.4;Protegida;1;Araba/Álava;País Vasco;16
2024;4;1104.1;Protegida;1;Araba/Álava;País Vasco;16
2025;1;1107.8;Protegida;1;Araba/Álava;País Vasco;16
2025;2;1121.7;Protegida;1;Araba/Álava;País Vasco;16
2025;3;1133.5;Protegida;1;Araba/Álava;País Vasco;16
2025;4;1141.7;Protegida;1;Araba/Álava;País Vasco;16
2026;1;1168.2;Protegida;1;Araba/Álava;País Vasco;16
2026;2;1204.6;Protegida;1;Araba/Álava;País Vasco;16
1995;1;849;Libre;1;Araba/Álava;País Vasco;16
1995;2;827.9;Libre;1;Araba/Álava;País Vasco;16
1995;3;865.5;Libre;1;Araba/Álava;País Vasco;16
1995;4;900.8;Libre;1;Araba/Álava;País Vasco;16
1996;1;896.1;Libre;1;Araba/Álava;País Vasco;16
1996;2;903.1;Libre;1;Araba/Álava;País Vasco;16
1996;3;945.5;Libre;1;Araba/Álava;País Vasco;16
1996;4;950.2;Libre;1;Araba/Álava;País Vasco;16
1997;1;1004.3;Libre;1;Araba/Álava;País Vasco;16
1997;2;1020.7;Libre;1;Araba/Álava;País Vasco;16
1997;3;990.1;Libre;1;Araba/Álava;País Vasco;16
1997;4;1039.5;Libre;1;Araba/Álava;País Vasco;16
1998;1;1072.5;Libre;1;Araba/Álava;País Vasco;16
1998;2;1117.2;Libre;1;Araba/Álava;País Vasco;16
1998;3;1145.4;Libre;1;Araba/Álava;País Vasco;16
1998;4;1272.4;Libre;1;Araba/Álava;País Vasco;16
1999;1;1291.2;Libre;1;Araba/Álava;País Vasco;16
1999;2;1359.4;Libre;1;Araba/Álava;País Vasco;16
1999;3;1451.1;Libre;1;Araba/Álava;País Vasco;16
1999;4;1467.6;Libre;1;Araba/Álava;País Vasco;16
2000;1;1390;Libre;1;Araba/Álava;País Vasco;16
2000;2;1444.1;Libre;1;Araba/Álava;País Vasco;16
2000;3;1512.3;Libre;1;Araba/Álava;País Vasco;16
2000;4;1554.6;Libre;1;Araba/Álava;País Vasco;16
2001;1;1601.6;Libre;1;Araba/Álava;País Vasco;16
2001;2;1636.9;Libre;1;Araba/Álava;País Vasco;16
2001;3;1662.8;Libre;1;Araba/Álava;País Vasco;16
2001;4;1712.2;Libre;1;Araba/Álava;País Vasco;16
2002;1;1761.6;Libre;1;Araba/Álava;País Vasco;16
2002;2;1815.7;Libre;1;Araba/Álava;País Vasco;16
2002;3;1905;Libre;1;Araba/Álava;País Vasco;16
2002;4;1853.3;Libre;1;Araba/Álava;País Vasco;16
2003;1;1921.5;Libre;1;Araba/Álava;País Vasco;16
2003;2;2006.2;Libre;1;Araba/Álava;País Vasco;16
2003;3;1975.6;Libre;1;Araba/Álava;País Vasco;16
2003;4;2010.9;Libre;1;Araba/Álava;País Vasco;16
2004;1;2154.3;Libre;1;Araba/Álava;País Vasco;16
2004;2;2177.9;Libre;1;Araba/Álava;País Vasco;16
2004;3;2248.4;Libre;1;Araba/Álava;País Vasco;16
2004;4;2260.2;Libre;1;Araba/Álava;País Vasco;16
2005;1;2351.9;Libre;1;Araba/Álava;País Vasco;16
2005;2;2344.8;Libre;1;Araba/Álava;País Vasco;16
2005;3;2445;Libre;1;Araba/Álava;País Vasco;16
2005;4;2410;Libre;1;Araba/Álava;País Vasco;16
2006;1;2485.9;Libre;1;Araba/Álava;País Vasco;16
2006;2;2573;Libre;1;Araba/Álava;País Vasco;16
2006;3;2518.9;Libre;1;Araba/Álava;País Vasco;16
2006;4;2491.4;Libre;1;Araba/Álava;País Vasco;16
2007;1;2495.4;Libre;1;Araba/Álava;País Vasco;16
2007;2;2533.6;Libre;1;Araba/Álava;País Vasco;16
2007;3;2542.4;Libre;1;Araba/Álava;País Vasco;16
2007;4;2495.3;Libre;1;Araba/Álava;País Vasco;16
2008;1;2506.6;Libre;1;Araba/Álava;País Vasco;16
2008;2;2503.5;Libre;1;Araba/Álava;País Vasco;16
2008;3;2441.3;Libre;1;Araba/Álava;País Vasco;16
2008;4;2418.9;Libre;1;Araba/Álava;País Vasco;16
2009;1;2380.1;Libre;1;Araba/Álava;País Vasco;16
2009;2;2332.5;Libre;1;Araba/Álava;País Vasco;16
2009;3;2267.3;Libre;1;Araba/Álava;País Vasco;16
2009;4;2243.7;Libre;1;Araba/Álava;País Vasco;16
2010;1;2297;Libre;1;Araba/Álava;País Vasco;16
2010;2;2297.8;Libre;1;Araba/Álava;País Vasco;16
2010;3;2237.6;Libre;1;Araba/Álava;País Vasco;16
2010;4;2204.7;Libre;1;Araba/Álava;País Vasco;16
2011;1;2116.7;Libre;1;Araba/Álava;País Vasco;16
2011;2;2161.2;Libre;1;Araba/Álava;País Vasco;16
2011;3;2230.4;Libre;1;Araba/Álava;País Vasco;16
2011;4;2299.5;Libre;1;Araba/Álava;País Vasco;16
2012;1;2265;Libre;1;Araba/Álava;País Vasco;16
2012;2;2269.5;Libre;1;Araba/Álava;País Vasco;16
2012;3;2090.2;Libre;1;Araba/Álava;País Vasco;16
2012;4;2186.3;Libre;1;Araba/Álava;País Vasco;16
2013;1;2122.9;Libre;1;Araba/Álava;País Vasco;16
2013;2;2088.9;Libre;1;Araba/Álava;País Vasco;16
2013;3;2072.2;Libre;1;Araba/Álava;País Vasco;16
2013;4;2049.4;Libre;1;Araba/Álava;País Vasco;16
2014;1;2033;Libre;1;Araba/Álava;País Vasco;16
2014;2;1990.3;Libre;1;Araba/Álava;País Vasco;16
2014;3;1966.4;Libre;1;Araba/Álava;País Vasco;16
2014;4;1982.1;Libre;1;Araba/Álava;País Vasco;16
2015;1;1938.3;Libre;1;Araba/Álava;País Vasco;16
2015;2;2029.1;Libre;1;Araba/Álava;País Vasco;16
2015;3;1970.3;Libre;1;Araba/Álava;País Vasco;16
2015;4;1967.3;Libre;1;Araba/Álava;País Vasco;16
2016;1;1916.1;Libre;1;Araba/Álava;País Vasco;16
2016;2;1925.4;Libre;1;Araba/Álava;País Vasco;16
2016;3;1911.1;Libre;1;Araba/Álava;País Vasco;16
2016;4;1860.8;Libre;1;Araba/Álava;País Vasco;16
2017;1;1931.1;Libre;1;Araba/Álava;País Vasco;16
2017;2;1905.1;Libre;1;Araba/Álava;País Vasco;16
2017;3;1910.5;Libre;1;Araba/Álava;País Vasco;16
2017;4;1940.6;Libre;1;Araba/Álava;País Vasco;16
2018;1;1902.9;Libre;1;Araba/Álava;País Vasco;16
2018;2;1911.7;Libre;1;Araba/Álava;País Vasco;16
2018;3;1901;Libre;1;Araba/Álava;País Vasco;16
2018;4;1941.5;Libre;1;Araba/Álava;País Vasco;16
2019;1;1993.1;Libre;1;Araba/Álava;País Vasco;16
2019;2;1966.8;Libre;1;Araba/Álava;País Vasco;16
2019;3;1914.1;Libre;1;Araba/Álava;País Vasco;16
2019;4;1964.2;Libre;1;Araba/Álava;País Vasco;16
2020;1;1947;Libre;1;Araba/Álava;País Vasco;16
2020;2;1949.1;Libre;1;Araba/Álava;País Vasco;16
2020;3;1921.9;Libre;1;Araba/Álava;País Vasco;16
2020;4;1966.4;Libre;1;Araba/Álava;País Vasco;16
2021;1;2017.1;Libre;1;Araba/Álava;País Vasco;16
2021;2;2010;Libre;1;Araba/Álava;País Vasco;16
2021;3;1975.4;Libre;1;Araba/Álava;País Vasco;16
2021;4;2036.7;Libre;1;Araba/Álava;País Vasco;16
2022;1;1985.2;Libre;1;Araba/Álava;País Vasco;16
2022;2;2048.8;Libre;1;Araba/Álava;País Vasco;16
2022;3;2046.4;Libre;1;Araba/Álava;País Vasco;16
2022;4;2035.2;Libre;1;Araba/Álava;País Vasco;16
2023;1;2070.5;Libre;1;Araba/Álava;País Vasco;16
2023;2;2078.3;Libre;1;Araba/Álava;País Vasco;16
2023;3;2092.3;Libre;1;Araba/Álava;País Vasco;16
2023;4;2108.4;Libre;1;Araba/Álava;País Vasco;16
2024;1;2095.7;Libre;1;Araba/Álava;País Vasco;16
2024;2;2112;Libre;1;Araba/Álava;País Vasco;16
2024;3;2141.4;Libre;1;Araba/Álava;País Vasco;16
2024;4;2183.2;Libre;1;Araba/Álava;País Vasco;16
2025;1;2250.6;Libre;1;Araba/Álava;País Vasco;16
2025;2;2350.5;Libre;1;Araba/Álava;País Vasco;16
2025;3;2338.8;Libre;1;Araba/Álava;País Vasco;16
2025;4;2404.8;Libre;1;Araba/Álava;País Vasco;16
2026;1;2500.8;Libre;1;Araba/Álava;País Vasco;16
2026;2;2531.3;Libre;1;Araba/Álava;País Vasco;16
2005;1;1139;Protegida;48;Bizkaia;País Vasco;16
2005;2;1168.3;Protegida;48;Bizkaia;País Vasco;16
2005;3;1143.1;Protegida;48;Bizkaia;País Vasco;16
2005;4;1139.5;Protegida;48;Bizkaia;País Vasco;16
2006;1;1109.2;Protegida;48;Bizkaia;País Vasco;16
2006;2;1094.7;Protegida;48;Bizkaia;País Vasco;16
2006;3;1083.7;Protegida;48;Bizkaia;País Vasco;16
2006;4;1036.3;Protegida;48;Bizkaia;País Vasco;16
2007;1;1136.2;Protegida;48;Bizkaia;País Vasco;16
2007;2;1167.3;Protegida;48;Bizkaia;País Vasco;16
2007;3;1168.9;Protegida;48;Bizkaia;País Vasco;16
2007;4;1188.2;Protegida;48;Bizkaia;País Vasco;16
2008;1;1207.3;Protegida;48;Bizkaia;País Vasco;16
2008;2;1217.3;Protegida;48;Bizkaia;País Vasco;16
2008;3;1235.22;Protegida;48;Bizkaia;País Vasco;16
2008;4;1238.1;Protegida;48;Bizkaia;País Vasco;16
2009;1;1171.6;Protegida;48;Bizkaia;País Vasco;16
2009;2;1163.6;Protegida;48;Bizkaia;País Vasco;16
2009;3;1163.6;Protegida;48;Bizkaia;País Vasco;16
2009;4;1179.4;Protegida;48;Bizkaia;País Vasco;16
2010;1;1196.1;Protegida;48;Bizkaia;País Vasco;16
2010;2;1218.1;Protegida;48;Bizkaia;País Vasco;16
2010;3;1228.7;Protegida;48;Bizkaia;País Vasco;16
2010;4;1255.1;Protegida;48;Bizkaia;País Vasco;16
2011;1;1254.4;Protegida;48;Bizkaia;País Vasco;16
2011;2;1221;Protegida;48;Bizkaia;País Vasco;16
2011;3;1178.6;Protegida;48;Bizkaia;País Vasco;16
2011;4;1144.8;Protegida;48;Bizkaia;País Vasco;16
2012;1;1147;Protegida;48;Bizkaia;País Vasco;16
2012;2;1142.3;Protegida;48;Bizkaia;País Vasco;16
2012;3;1113.1;Protegida;48;Bizkaia;País Vasco;16
2012;4;1108.7;Protegida;48;Bizkaia;País Vasco;16
2013;1;1118.9;Protegida;48;Bizkaia;País Vasco;16
2013;2;1110.9;Protegida;48;Bizkaia;País Vasco;16
2013;3;1115.3;Protegida;48;Bizkaia;País Vasco;16
2013;4;1089.7;Protegida;48;Bizkaia;País Vasco;16
2014;1;1105.4;Protegida;48;Bizkaia;País Vasco;16
2014;2;1122.5;Protegida;48;Bizkaia;País Vasco;16
2014;3;1112.7;Protegida;48;Bizkaia;País Vasco;16
2014;4;1132.2;Protegida;48;Bizkaia;País Vasco;16
2015;1;1124.6;Protegida;48;Bizkaia;País Vasco;16
2015;2;1139.2;Protegida;48;Bizkaia;País Vasco;16
2015;3;1134.4;Protegida;48;Bizkaia;País Vasco;16
2015;4;1150.5;Protegida;48;Bizkaia;País Vasco;16
2016;1;1163.9;Protegida;48;Bizkaia;País Vasco;16
2016;2;1155.1;Protegida;48;Bizkaia;País Vasco;16
2016;3;1153;Protegida;48;Bizkaia;País Vasco;16
2016;4;1145.1;Protegida;48;Bizkaia;País Vasco;16
2017;1;1143.6;Protegida;48;Bizkaia;País Vasco;16
2017;2;1127.1;Protegida;48;Bizkaia;País Vasco;16
2017;3;1142.4;Protegida;48;Bizkaia;País Vasco;16
2017;4;1128.1;Protegida;48;Bizkaia;País Vasco;16
2018;1;1126.7;Protegida;48;Bizkaia;País Vasco;16
2018;2;1117.2;Protegida;48;Bizkaia;País Vasco;16
2018;3;1156.2;Protegida;48;Bizkaia;País Vasco;16
2018;4;1176.8;Protegida;48;Bizkaia;País Vasco;16
2019;1;1167.7;Protegida;48;Bizkaia;País Vasco;16
2019;2;1157.6;Protegida;48;Bizkaia;País Vasco;16
2019;3;1150.1;Protegida;48;Bizkaia;País Vasco;16
2019;4;1142.3;Protegida;48;Bizkaia;País Vasco;16
2020;1;1150.1;Protegida;48;Bizkaia;País Vasco;16
2020;2;1134.5;Protegida;48;Bizkaia;País Vasco;16
2020;3;1120.9;Protegida;48;Bizkaia;País Vasco;16
2020;4;1108;Protegida;48;Bizkaia;País Vasco;16
2021;1;1127.8;Protegida;48;Bizkaia;País Vasco;16
2021;2;1128;Protegida;48;Bizkaia;País Vasco;16
2021;3;1119.1;Protegida;48;Bizkaia;País Vasco;16
2021;4;1147.1;Protegida;48;Bizkaia;País Vasco;16
2022;1;1117.3;Protegida;48;Bizkaia;País Vasco;16
2022;2;1121.8;Protegida;48;Bizkaia;País Vasco;16
2022;3;1114.6;Protegida;48;Bizkaia;País Vasco;16
2022;4;1100.2;Protegida;48;Bizkaia;País Vasco;16
2023;1;1108;Protegida;48;Bizkaia;País Vasco;16
2023;2;1128.9;Protegida;48;Bizkaia;País Vasco;16
2023;3;1125.3;Protegida;48;Bizkaia;País Vasco;16
2023;4;1127.4;Protegida;48;Bizkaia;País Vasco;16
2024;1;1122;Protegida;48;Bizkaia;País Vasco;16
2024;2;1123.3;Protegida;48;Bizkaia;País Vasco;16
2024;3;1117;Protegida;48;Bizkaia;País Vasco;16
2024;4;1118.3;Protegida;48;Bizkaia;País Vasco;16
2025;1;1111.5;Protegida;48;Bizkaia;País Vasco;16
2025;2;1130.2;Protegida;48;Bizkaia;País Vasco;16
2025;3;1145.1;Protegida;48;Bizkaia;País Vasco;16
2025;4;1168.6;Protegida;48;Bizkaia;País Vasco;16
2026;1;1204.8;Protegida;48;Bizkaia;País Vasco;16
2026;2;1246.6;Protegida;48;Bizkaia;País Vasco;16
1995;1;919.4;Libre;48;Bizkaia;País Vasco;16
1995;2;890;Libre;48;Bizkaia;País Vasco;16
1995;3;907.1;Libre;48;Bizkaia;País Vasco;16
1995;4;885.1;Libre;48;Bizkaia;País Vasco;16
1996;1;921.8;Libre;48;Bizkaia;País Vasco;16
1996;2;907.1;Libre;48;Bizkaia;País Vasco;16
1996;3;946.3;Libre;48;Bizkaia;País Vasco;16
1996;4;963.4;Libre;48;Bizkaia;País Vasco;16
1997;1;912;Libre;48;Bizkaia;País Vasco;16
1997;2;934;Libre;48;Bizkaia;País Vasco;16
1997;3;934;Libre;48;Bizkaia;País Vasco;16
1997;4;953.6;Libre;48;Bizkaia;País Vasco;16
1998;1;960.9;Libre;48;Bizkaia;País Vasco;16
1998;2;997.6;Libre;48;Bizkaia;País Vasco;16
1998;3;987.8;Libre;48;Bizkaia;País Vasco;16
1998;4;1051.4;Libre;48;Bizkaia;País Vasco;16
1999;1;1075.8;Libre;48;Bizkaia;País Vasco;16
1999;2;1122.3;Libre;48;Bizkaia;País Vasco;16
1999;3;1183.4;Libre;48;Bizkaia;País Vasco;16
1999;4;1229.9;Libre;48;Bizkaia;País Vasco;16
2000;1;1305.7;Libre;48;Bizkaia;País Vasco;16
2000;2;1361.9;Libre;48;Bizkaia;País Vasco;16
2000;3;1423;Libre;48;Bizkaia;País Vasco;16
2000;4;1457.3;Libre;48;Bizkaia;País Vasco;16
2001;1;1523.3;Libre;48;Bizkaia;País Vasco;16
2001;2;1613.8;Libre;48;Bizkaia;País Vasco;16
2001;3;1674.9;Libre;48;Bizkaia;País Vasco;16
2001;4;1679.8;Libre;48;Bizkaia;País Vasco;16
2002;1;1718.9;Libre;48;Bizkaia;País Vasco;16
2002;2;1784.9;Libre;48;Bizkaia;País Vasco;16
2002;3;1885.2;Libre;48;Bizkaia;País Vasco;16
2002;4;1939;Libre;48;Bizkaia;País Vasco;16
2003;1;2034.3;Libre;48;Bizkaia;País Vasco;16
2003;2;2095.5;Libre;48;Bizkaia;País Vasco;16
2003;3;2127.2;Libre;48;Bizkaia;País Vasco;16
2003;4;2117.5;Libre;48;Bizkaia;País Vasco;16
2004;1;2127.2;Libre;48;Bizkaia;País Vasco;16
2004;2;2229.9;Libre;48;Bizkaia;País Vasco;16
2004;3;2298.4;Libre;48;Bizkaia;País Vasco;16
2004;4;2393.8;Libre;48;Bizkaia;País Vasco;16
2005;1;2445.1;Libre;48;Bizkaia;País Vasco;16
2005;2;2491.6;Libre;48;Bizkaia;País Vasco;16
2005;3;2523.3;Libre;48;Bizkaia;País Vasco;16
2005;4;2601.5;Libre;48;Bizkaia;País Vasco;16
2006;1;2723.8;Libre;48;Bizkaia;País Vasco;16
2006;2;2772.7;Libre;48;Bizkaia;País Vasco;16
2006;3;2831.4;Libre;48;Bizkaia;País Vasco;16
2006;4;2863.2;Libre;48;Bizkaia;País Vasco;16
2007;1;2921.9;Libre;48;Bizkaia;País Vasco;16
2007;2;2978.1;Libre;48;Bizkaia;País Vasco;16
2007;3;3031.9;Libre;48;Bizkaia;País Vasco;16
2007;4;3082.8;Libre;48;Bizkaia;País Vasco;16
2008;1;3115.1;Libre;48;Bizkaia;País Vasco;16
2008;2;3071.7;Libre;48;Bizkaia;País Vasco;16
2008;3;3046.8;Libre;48;Bizkaia;País Vasco;16
2008;4;2948.8;Libre;48;Bizkaia;País Vasco;16
2009;1;2882.8;Libre;48;Bizkaia;País Vasco;16
2009;2;2807.8;Libre;48;Bizkaia;País Vasco;16
2009;3;2767.6;Libre;48;Bizkaia;País Vasco;16
2009;4;2694.1;Libre;48;Bizkaia;País Vasco;16
2010;1;2704.3;Libre;48;Bizkaia;País Vasco;16
2010;2;2677.4;Libre;48;Bizkaia;País Vasco;16
2010;3;2655.4;Libre;48;Bizkaia;País Vasco;16
2010;4;2685;Libre;48;Bizkaia;País Vasco;16
2011;1;2589.4;Libre;48;Bizkaia;País Vasco;16
2011;2;2586.8;Libre;48;Bizkaia;País Vasco;16
2011;3;2581.6;Libre;48;Bizkaia;País Vasco;16
2011;4;2560.9;Libre;48;Bizkaia;País Vasco;16
2012;1;2514.8;Libre;48;Bizkaia;País Vasco;16
2012;2;2464.5;Libre;48;Bizkaia;País Vasco;16
2012;3;2470.9;Libre;48;Bizkaia;País Vasco;16
2012;4;2503;Libre;48;Bizkaia;País Vasco;16
2013;1;2538;Libre;48;Bizkaia;País Vasco;16
2013;2;2568.5;Libre;48;Bizkaia;País Vasco;16
2013;3;2501.7;Libre;48;Bizkaia;País Vasco;16
2013;4;2419.6;Libre;48;Bizkaia;País Vasco;16
2014;1;2409.9;Libre;48;Bizkaia;País Vasco;16
2014;2;2402.7;Libre;48;Bizkaia;País Vasco;16
2014;3;2390.7;Libre;48;Bizkaia;País Vasco;16
2014;4;2369.2;Libre;48;Bizkaia;País Vasco;16
2015;1;2382.2;Libre;48;Bizkaia;País Vasco;16
2015;2;2398.9;Libre;48;Bizkaia;País Vasco;16
2015;3;2341.4;Libre;48;Bizkaia;País Vasco;16
2015;4;2326.1;Libre;48;Bizkaia;País Vasco;16
2016;1;2342;Libre;48;Bizkaia;País Vasco;16
2016;2;2363.7;Libre;48;Bizkaia;País Vasco;16
2016;3;2309.9;Libre;48;Bizkaia;País Vasco;16
2016;4;2336.1;Libre;48;Bizkaia;País Vasco;16
2017;1;2363.6;Libre;48;Bizkaia;País Vasco;16
2017;2;2350.5;Libre;48;Bizkaia;País Vasco;16
2017;3;2320.8;Libre;48;Bizkaia;País Vasco;16
2017;4;2335.2;Libre;48;Bizkaia;País Vasco;16
2018;1;2332.7;Libre;48;Bizkaia;País Vasco;16
2018;2;2323.1;Libre;48;Bizkaia;País Vasco;16
2018;3;2294.6;Libre;48;Bizkaia;País Vasco;16
2018;4;2311.9;Libre;48;Bizkaia;País Vasco;16
2019;1;2367.4;Libre;48;Bizkaia;País Vasco;16
2019;2;2324.4;Libre;48;Bizkaia;País Vasco;16
2019;3;2351.6;Libre;48;Bizkaia;País Vasco;16
2019;4;2392.1;Libre;48;Bizkaia;País Vasco;16
2020;1;2346.9;Libre;48;Bizkaia;País Vasco;16
2020;2;2349.7;Libre;48;Bizkaia;País Vasco;16
2020;3;2275.7;Libre;48;Bizkaia;País Vasco;16
2020;4;2328.2;Libre;48;Bizkaia;País Vasco;16
2021;1;2366.6;Libre;48;Bizkaia;País Vasco;16
2021;2;2363.5;Libre;48;Bizkaia;País Vasco;16
2021;3;2363.8;Libre;48;Bizkaia;País Vasco;16
2021;4;2391.5;Libre;48;Bizkaia;País Vasco;16
2022;1;2460.9;Libre;48;Bizkaia;País Vasco;16
2022;2;2452.6;Libre;48;Bizkaia;País Vasco;16
2022;3;2471.3;Libre;48;Bizkaia;País Vasco;16
2022;4;2444.6;Libre;48;Bizkaia;País Vasco;16
2023;1;2444.3;Libre;48;Bizkaia;País Vasco;16
2023;2;2494.1;Libre;48;Bizkaia;País Vasco;16
2023;3;2462.4;Libre;48;Bizkaia;País Vasco;16
2023;4;2498.1;Libre;48;Bizkaia;País Vasco;16
2024;1;2495.8;Libre;48;Bizkaia;País Vasco;16
2024;2;2546;Libre;48;Bizkaia;País Vasco;16
2024;3;2512.4;Libre;48;Bizkaia;País Vasco;16
2024;4;2552.1;Libre;48;Bizkaia;País Vasco;16
2025;1;2627.5;Libre;48;Bizkaia;País Vasco;16
2025;2;2728.8;Libre;48;Bizkaia;País Vasco;16
2025;3;2805.8;Libre;48;Bizkaia;País Vasco;16
2025;4;2894.6;Libre;48;Bizkaia;País Vasco;16
2026;1;2965.4;Libre;48;Bizkaia;País Vasco;16
2026;2;3024.7;Libre;48;Bizkaia;País Vasco;16
2005;2;944.2;Protegida;12;Castellón/Castelló;Comunitat Valenciana;10
2006;2;987.9;Protegida;12;Castellón/Castelló;Comunitat Valenciana;10
2007;2;1032.5;Protegida;12;Castellón/Castelló;Comunitat Valenciana;10
2008;2;1098;Protegida;12;Castellón/Castelló;Comunitat Valenciana;10
2009;2;1069.4;Protegida;12;Castellón/Castelló;Comunitat Valenciana;10
2010;2;1101.8;Protegida;12;Castellón/Castelló;Comunitat Valenciana;10
2011;2;1213.1;Protegida;12;Castellón/Castelló;Comunitat Valenciana;10
2012;2;1200.6;Protegida;12;Castellón/Castelló;Comunitat Valenciana;10
2013;2;1107.8;Protegida;12;Castellón/Castelló;Comunitat Valenciana;10
2014;2;1109.6;Protegida;12;Castellón/Castelló;Comunitat Valenciana;10
2015;2;1117.2;Protegida;12;Castellón/Castelló;Comunitat Valenciana;10
2016;2;1102.1;Protegida;12;Castellón/Castelló;Comunitat Valenciana;10
2017;2;1107.6;Protegida;12;Castellón/Castelló;Comunitat Valenciana;10
2018;2;1136;Protegida;12;Castellón/Castelló;Comunitat Valenciana;10
2019;2;1109.5;Protegida;12;Castellón/Castelló;Comunitat Valenciana;10
2020;2;1104.7;Protegida;12;Castellón/Castelló;Comunitat Valenciana;10
2021;2;1120.6;Protegida;12;Castellón/Castelló;Comunitat Valenciana;10
2022;2;1055.1;Protegida;12;Castellón/Castelló;Comunitat Valenciana;10
2023;2;1101.7;Protegida;12;Castellón/Castelló;Comunitat Valenciana;10
2024;2;1110.4;Protegida;12;Castellón/Castelló;Comunitat Valenciana;10
2025;2;1104.1;Protegida;12;Castellón/Castelló;Comunitat Valenciana;10
2026;2;1133.1;Protegida;12;Castellón/Castelló;Comunitat Valenciana;10
2005;1;946.5;Protegida;12;Castellón/Castelló;Comunitat Valenciana;10
2006;1;953.9;Protegida;12;Castellón/Castelló;Comunitat Valenciana;10
2007;1;1036.9;Protegida;12;Castellón/Castelló;Comunitat Valenciana;10
2008;1;1077.4;Protegida;12;Castellón/Castelló;Comunitat Valenciana;10
2009;1;1129;Protegida;12;Castellón/Castelló;Comunitat Valenciana;10
2010;1;1091.7;Protegida;12;Castellón/Castelló;Comunitat Valenciana;10
2011;1;1178.7;Protegida;12;Castellón/Castelló;Comunitat Valenciana;10
2012;1;1217.4;Protegida;12;Castellón/Castelló;Comunitat Valenciana;10
2013;1;1149;Protegida;12;Castellón/Castelló;Comunitat Valenciana;10
2014;1;1090.7;Protegida;12;Castellón/Castelló;Comunitat Valenciana;10
2015;1;1078.4;Protegida;12;Castellón/Castelló;Comunitat Valenciana;10
2016;1;1116.8;Protegida;12;Castellón/Castelló;Comunitat Valenciana;10
2017;1;1083.9;Protegida;12;Castellón/Castelló;Comunitat Valenciana;10
2018;1;1116.5;Protegida;12;Castellón/Castelló;Comunitat Valenciana;10
2019;1;1118.7;Protegida;12;Castellón/Castelló;Comunitat Valenciana;10
2020;1;1098.3;Protegida;12;Castellón/Castelló;Comunitat Valenciana;10
2021;1;1089.7;Protegida;12;Castellón/Castelló;Comunitat Valenciana;10
2022;1;1054.4;Protegida;12;Castellón/Castelló;Comunitat Valenciana;10
2023;1;1075.4;Protegida;12;Castellón/Castelló;Comunitat Valenciana;10
2024;1;1098.1;Protegida;12;Castellón/Castelló;Comunitat Valenciana;10
2025;1;1080.6;Protegida;12;Castellón/Castelló;Comunitat Valenciana;10
2005;3;955.5;Protegida;12;Castellón/Castelló;Comunitat Valenciana;10
2006;3;993.3;Protegida;12;Castellón/Castelló;Comunitat Valenciana;10
2007;3;1029.9;Protegida;12;Castellón/Castelló;Comunitat Valenciana;10
2008;3;1116.5;Protegida;12;Castellón/Castelló;Comunitat Valenciana;10
2009;3;1047.4;Protegida;12;Castellón/Castelló;Comunitat Valenciana;10
2010;3;1119.3;Protegida;12;Castellón/Castelló;Comunitat Valenciana;10
2011;3;1180.2;Protegida;12;Castellón/Castelló;Comunitat Valenciana;10
2013;3;1100;Protegida;12;Castellón/Castelló;Comunitat Valenciana;10
2014;3;1117.7;Protegida;12;Castellón/Castelló;Comunitat Valenciana;10
2015;3;1109.5;Protegida;12;Castellón/Castelló;Comunitat Valenciana;10
2016;3;1118.4;Protegida;12;Castellón/Castelló;Comunitat Valenciana;10
2017;3;1111.3;Protegida;12;Castellón/Castelló;Comunitat Valenciana;10
2018;3;1104.3;Protegida;12;Castellón/Castelló;Comunitat Valenciana;10
2019;3;1089.2;Protegida;12;Castellón/Castelló;Comunitat Valenciana;10
2020;3;1092.8;Protegida;12;Castellón/Castelló;Comunitat Valenciana;10
2021;3;1087.9;Protegida;12;Castellón/Castelló;Comunitat Valenciana;10
2022;3;1054;Protegida;12;Castellón/Castelló;Comunitat Valenciana;10
2023;3;1093.5;Protegida;12;Castellón/Castelló;Comunitat Valenciana;10
2024;3;1113.4;Protegida;12;Castellón/Castelló;Comunitat Valenciana;10
2025;3;1113;Protegida;12;Castellón/Castelló;Comunitat Valenciana;10
2005;4;971.4;Protegida;12;Castellón/Castelló;Comunitat Valenciana;10
2006;4;1006.7;Protegida;12;Castellón/Castelló;Comunitat Valenciana;10
2007;4;1059.1;Protegida;12;Castellón/Castelló;Comunitat Valenciana;10
2008;4;1143.7;Protegida;12;Castellón/Castelló;Comunitat Valenciana;10
2009;4;1080.6;Protegida;12;Castellón/Castelló;Comunitat Valenciana;10
2010;4;1134.5;Protegida;12;Castellón/Castelló;Comunitat Valenciana;10
2011;4;1197.4;Protegida;12;Castellón/Castelló;Comunitat Valenciana;10
2013;4;1098.3;Protegida;12;Castellón/Castelló;Comunitat Valenciana;10
2014;4;1116.3;Protegida;12;Castellón/Castelló;Comunitat Valenciana;10
2015;4;1084.1;Protegida;12;Castellón/Castelló;Comunitat Valenciana;10
2016;4;1109.4;Protegida;12;Castellón/Castelló;Comunitat Valenciana;10
2017;4;1102;Protegida;12;Castellón/Castelló;Comunitat Valenciana;10
2018;4;1123.4;Protegida;12;Castellón/Castelló;Comunitat Valenciana;10
2019;4;1093;Protegida;12;Castellón/Castelló;Comunitat Valenciana;10
2020;4;1104.1;Protegida;12;Castellón/Castelló;Comunitat Valenciana;10
2021;4;1059.4;Protegida;12;Castellón/Castelló;Comunitat Valenciana;10
2022;4;1086;Protegida;12;Castellón/Castelló;Comunitat Valenciana;10
2023;4;1110.1;Protegida;12;Castellón/Castelló;Comunitat Valenciana;10
2024;4;1093.2;Protegida;12;Castellón/Castelló;Comunitat Valenciana;10
2025;4;1121.1;Protegida;12;Castellón/Castelló;Comunitat Valenciana;10
1995;1;447.8;Libre;12;Castellón/Castelló;Comunitat Valenciana;10
1996;1;473.8;Libre;12;Castellón/Castelló;Comunitat Valenciana;10
1997;1;499.7;Libre;12;Castellón/Castelló;Comunitat Valenciana;10
1998;1;537.9;Libre;12;Castellón/Castelló;Comunitat Valenciana;10
1999;1;578.9;Libre;12;Castellón/Castelló;Comunitat Valenciana;10
2000;1;634.9;Libre;12;Castellón/Castelló;Comunitat Valenciana;10
2001;1;701.8;Libre;12;Castellón/Castelló;Comunitat Valenciana;10
2002;1;823.3;Libre;12;Castellón/Castelló;Comunitat Valenciana;10
2003;1;980.3;Libre;12;Castellón/Castelló;Comunitat Valenciana;10
2004;1;1185.1;Libre;12;Castellón/Castelló;Comunitat Valenciana;10
2005;1;1365.3;Libre;12;Castellón/Castelló;Comunitat Valenciana;10
2006;1;1619.2;Libre;12;Castellón/Castelló;Comunitat Valenciana;10
2007;1;1688.9;Libre;12;Castellón/Castelló;Comunitat Valenciana;10
2008;1;1723;Libre;12;Castellón/Castelló;Comunitat Valenciana;10
2009;1;1604.2;Libre;12;Castellón/Castelló;Comunitat Valenciana;10
2010;1;1536;Libre;12;Castellón/Castelló;Comunitat Valenciana;10
2011;1;1436.3;Libre;12;Castellón/Castelló;Comunitat Valenciana;10
2012;1;1362.1;Libre;12;Castellón/Castelló;Comunitat Valenciana;10
2013;1;1135.4;Libre;12;Castellón/Castelló;Comunitat Valenciana;10
2014;1;1052.7;Libre;12;Castellón/Castelló;Comunitat Valenciana;10
2015;1;1022.1;Libre;12;Castellón/Castelló;Comunitat Valenciana;10
2016;1;1067.1;Libre;12;Castellón/Castelló;Comunitat Valenciana;10
2017;1;1028.9;Libre;12;Castellón/Castelló;Comunitat Valenciana;10
2018;1;1033.7;Libre;12;Castellón/Castelló;Comunitat Valenciana;10
2019;1;1088.4;Libre;12;Castellón/Castelló;Comunitat Valenciana;10
2020;1;1040;Libre;12;Castellón/Castelló;Comunitat Valenciana;10
2021;1;1036.2;Libre;12;Castellón/Castelló;Comunitat Valenciana;10
2022;1;1090.1;Libre;12;Castellón/Castelló;Comunitat Valenciana;10
2023;1;1097.8;Libre;12;Castellón/Castelló;Comunitat Valenciana;10
2024;1;1149.1;Libre;12;Castellón/Castelló;Comunitat Valenciana;10
2025;1;1233.1;Libre;12;Castellón/Castelló;Comunitat Valenciana;10
2026;1;1445.4;Libre;12;Castellón/Castelló;Comunitat Valenciana;10
1995;2;435.5;Libre;12;Castellón/Castelló;Comunitat Valenciana;10
1996;2;487.4;Libre;12;Castellón/Castelló;Comunitat Valenciana;10
1997;2;505.2;Libre;12;Castellón/Castelló;Comunitat Valenciana;10
1998;2;540.7;Libre;12;Castellón/Castelló;Comunitat Valenciana;10
1999;2;604.8;Libre;12;Castellón/Castelló;Comunitat Valenciana;10
2000;2;704.5;Libre;12;Castellón/Castelló;Comunitat Valenciana;10
2001;2;748.2;Libre;12;Castellón/Castelló;Comunitat Valenciana;10
2002;2;894.3;Libre;12;Castellón/Castelló;Comunitat Valenciana;10
2003;2;1044.5;Libre;12;Castellón/Castelló;Comunitat Valenciana;10
2004;2;1231.5;Libre;12;Castellón/Castelló;Comunitat Valenciana;10
2005;2;1473.2;Libre;12;Castellón/Castelló;Comunitat Valenciana;10
2006;2;1646.6;Libre;12;Castellón/Castelló;Comunitat Valenciana;10
2007;2;1739.4;Libre;12;Castellón/Castelló;Comunitat Valenciana;10
2008;2;1761.2;Libre;12;Castellón/Castelló;Comunitat Valenciana;10
2009;2;1584.9;Libre;12;Castellón/Castelló;Comunitat Valenciana;10
2010;2;1495;Libre;12;Castellón/Castelló;Comunitat Valenciana;10
2011;2;1433.4;Libre;12;Castellón/Castelló;Comunitat Valenciana;10
2012;2;1303.5;Libre;12;Castellón/Castelló;Comunitat Valenciana;10
2013;2;1153.6;Libre;12;Castellón/Castelló;Comunitat Valenciana;10
2014;2;1062.2;Libre;12;Castellón/Castelló;Comunitat Valenciana;10
2015;2;1054;Libre;12;Castellón/Castelló;Comunitat Valenciana;10
2016;2;1062;Libre;12;Castellón/Castelló;Comunitat Valenciana;10
2017;2;1058.5;Libre;12;Castellón/Castelló;Comunitat Valenciana;10
2018;2;1033.4;Libre;12;Castellón/Castelló;Comunitat Valenciana;10
2019;2;1071.6;Libre;12;Castellón/Castelló;Comunitat Valenciana;10
2020;2;1030.5;Libre;12;Castellón/Castelló;Comunitat Valenciana;10
2021;2;1052.2;Libre;12;Castellón/Castelló;Comunitat Valenciana;10
2022;2;1084.9;Libre;12;Castellón/Castelló;Comunitat Valenciana;10
2023;2;1092.5;Libre;12;Castellón/Castelló;Comunitat Valenciana;10
2024;2;1147.7;Libre;12;Castellón/Castelló;Comunitat Valenciana;10
2025;2;1277.5;Libre;12;Castellón/Castelló;Comunitat Valenciana;10
2026;2;1464.5;Libre;12;Castellón/Castelló;Comunitat Valenciana;10
1995;3;477.9;Libre;12;Castellón/Castelló;Comunitat Valenciana;10
1996;3;499.7;Libre;12;Castellón/Castelló;Comunitat Valenciana;10
1997;3;507.9;Libre;12;Castellón/Castelló;Comunitat Valenciana;10
1998;3;544.8;Libre;12;Castellón/Castelló;Comunitat Valenciana;10
1999;3;603.5;Libre;12;Castellón/Castelló;Comunitat Valenciana;10
2000;3;694.9;Libre;12;Castellón/Castelló;Comunitat Valenciana;10
2001;3;767.3;Libre;12;Castellón/Castelló;Comunitat Valenciana;10
2002;3;927;Libre;12;Castellón/Castelló;Comunitat Valenciana;10
2003;3;1090.9;Libre;12;Castellón/Castelló;Comunitat Valenciana;10
2004;3;1272.5;Libre;12;Castellón/Castelló;Comunitat Valenciana;10
2005;3;1507.3;Libre;12;Castellón/Castelló;Comunitat Valenciana;10
2006;3;1645.2;Libre;12;Castellón/Castelló;Comunitat Valenciana;10
2007;3;1761.2;Libre;12;Castellón/Castelló;Comunitat Valenciana;10
2008;3;1733.3;Libre;12;Castellón/Castelló;Comunitat Valenciana;10
2009;3;1566.5;Libre;12;Castellón/Castelló;Comunitat Valenciana;10
2010;3;1500.9;Libre;12;Castellón/Castelló;Comunitat Valenciana;10
2011;3;1417.6;Libre;12;Castellón/Castelló;Comunitat Valenciana;10
2012;3;1205.7;Libre;12;Castellón/Castelló;Comunitat Valenciana;10
2013;3;1124.8;Libre;12;Castellón/Castelló;Comunitat Valenciana;10
2014;3;1043.7;Libre;12;Castellón/Castelló;Comunitat Valenciana;10
2015;3;1069.5;Libre;12;Castellón/Castelló;Comunitat Valenciana;10
2016;3;1027.1;Libre;12;Castellón/Castelló;Comunitat Valenciana;10
2017;3;1038.9;Libre;12;Castellón/Castelló;Comunitat Valenciana;10
2018;3;1043.3;Libre;12;Castellón/Castelló;Comunitat Valenciana;10
2019;3;1058.8;Libre;12;Castellón/Castelló;Comunitat Valenciana;10
2020;3;1052.2;Libre;12;Castellón/Castelló;Comunitat Valenciana;10
2021;3;1084.5;Libre;12;Castellón/Castelló;Comunitat Valenciana;10
2022;3;1064.4;Libre;12;Castellón/Castelló;Comunitat Valenciana;10
2023;3;1128.8;Libre;12;Castellón/Castelló;Comunitat Valenciana;10
2024;3;1183.2;Libre;12;Castellón/Castelló;Comunitat Valenciana;10
2025;3;1317.7;Libre;12;Castellón/Castelló;Comunitat Valenciana;10
1995;4;479.2;Libre;12;Castellón/Castelló;Comunitat Valenciana;10
1996;4;498.3;Libre;12;Castellón/Castelló;Comunitat Valenciana;10
1997;4;516.1;Libre;12;Castellón/Castelló;Comunitat Valenciana;10
1998;4;555.7;Libre;12;Castellón/Castelló;Comunitat Valenciana;10
1999;4;610.3;Libre;12;Castellón/Castelló;Comunitat Valenciana;10
2000;4;700.4;Libre;12;Castellón/Castelló;Comunitat Valenciana;10
2001;4;820.5;Libre;12;Castellón/Castelló;Comunitat Valenciana;10
2002;4;959.8;Libre;12;Castellón/Castelló;Comunitat Valenciana;10
2003;4;1122.3;Libre;12;Castellón/Castelló;Comunitat Valenciana;10
2004;4;1312.1;Libre;12;Castellón/Castelló;Comunitat Valenciana;10
2005;4;1554;Libre;12;Castellón/Castelló;Comunitat Valenciana;10
2006;4;1673.9;Libre;12;Castellón/Castelló;Comunitat Valenciana;10
2007;4;1744.9;Libre;12;Castellón/Castelló;Comunitat Valenciana;10
2008;4;1652;Libre;12;Castellón/Castelló;Comunitat Valenciana;10
2009;4;1541.4;Libre;12;Castellón/Castelló;Comunitat Valenciana;10
2010;4;1525.8;Libre;12;Castellón/Castelló;Comunitat Valenciana;10
2011;4;1377.2;Libre;12;Castellón/Castelló;Comunitat Valenciana;10
2012;4;1186.4;Libre;12;Castellón/Castelló;Comunitat Valenciana;10
2013;4;1084.3;Libre;12;Castellón/Castelló;Comunitat Valenciana;10
2014;4;1053.3;Libre;12;Castellón/Castelló;Comunitat Valenciana;10
2015;4;1064.6;Libre;12;Castellón/Castelló;Comunitat Valenciana;10
2016;4;1048.9;Libre;12;Castellón/Castelló;Comunitat Valenciana;10
2017;4;1041.2;Libre;12;Castellón/Castelló;Comunitat Valenciana;10
2018;4;1061.1;Libre;12;Castellón/Castelló;Comunitat Valenciana;10
2019;4;1066.6;Libre;12;Castellón/Castelló;Comunitat Valenciana;10
2020;4;1050.9;Libre;12;Castellón/Castelló;Comunitat Valenciana;10
2021;4;1105.5;Libre;12;Castellón/Castelló;Comunitat Valenciana;10
2022;4;1067.6;Libre;12;Castellón/Castelló;Comunitat Valenciana;10
2023;4;1129.2;Libre;12;Castellón/Castelló;Comunitat Valenciana;10
2024;4;1195.4;Libre;12;Castellón/Castelló;Comunitat Valenciana;10
2025;4;1367.1;Libre;12;Castellón/Castelló;Comunitat Valenciana;10
2005;1;863.8;Protegida;46;Valencia/València;Comunitat Valenciana;10
2006;1;930.5;Protegida;46;Valencia/València;Comunitat Valenciana;10
2007;1;1018.4;Protegida;46;Valencia/València;Comunitat Valenciana;10
2008;1;1114.8;Protegida;46;Valencia/València;Comunitat Valenciana;10
2009;1;1110.5;Protegida;46;Valencia/València;Comunitat Valenciana;10
2010;1;1110.9;Protegida;46;Valencia/València;Comunitat Valenciana;10
2011;1;1167.5;Protegida;46;Valencia/València;Comunitat Valenciana;10
2012;1;1121.6;Protegida;46;Valencia/València;Comunitat Valenciana;10
2013;1;1093;Protegida;46;Valencia/València;Comunitat Valenciana;10
2014;1;1090;Protegida;46;Valencia/València;Comunitat Valenciana;10
2015;1;1091.8;Protegida;46;Valencia/València;Comunitat Valenciana;10
2016;1;1097;Protegida;46;Valencia/València;Comunitat Valenciana;10
2017;1;1105.9;Protegida;46;Valencia/València;Comunitat Valenciana;10
2018;1;1083.8;Protegida;46;Valencia/València;Comunitat Valenciana;10
2019;1;1093.1;Protegida;46;Valencia/València;Comunitat Valenciana;10
2020;1;1094.5;Protegida;46;Valencia/València;Comunitat Valenciana;10
2021;1;1100.3;Protegida;46;Valencia/València;Comunitat Valenciana;10
2022;1;1085.2;Protegida;46;Valencia/València;Comunitat Valenciana;10
2023;1;1103.7;Protegida;46;Valencia/València;Comunitat Valenciana;10
2024;1;1104.9;Protegida;46;Valencia/València;Comunitat Valenciana;10
2025;1;1087.1;Protegida;46;Valencia/València;Comunitat Valenciana;10
2026;1;1158;Protegida;46;Valencia/València;Comunitat Valenciana;10
2005;2;866;Protegida;46;Valencia/València;Comunitat Valenciana;10
2006;2;973.8;Protegida;46;Valencia/València;Comunitat Valenciana;10
2007;2;1035.6;Protegida;46;Valencia/València;Comunitat Valenciana;10
2008;2;1101;Protegida;46;Valencia/València;Comunitat Valenciana;10
2009;2;1106.5;Protegida;46;Valencia/València;Comunitat Valenciana;10
2010;2;1137.3;Protegida;46;Valencia/València;Comunitat Valenciana;10
2011;2;1158.5;Protegida;46;Valencia/València;Comunitat Valenciana;10
2012;2;1122.4;Protegida;46;Valencia/València;Comunitat Valenciana;10
2013;2;1072.9;Protegida;46;Valencia/València;Comunitat Valenciana;10
2014;2;1082.9;Protegida;46;Valencia/València;Comunitat Valenciana;10
2015;2;1085.7;Protegida;46;Valencia/València;Comunitat Valenciana;10
2016;2;1089.3;Protegida;46;Valencia/València;Comunitat Valenciana;10
2017;2;1097.7;Protegida;46;Valencia/València;Comunitat Valenciana;10
2018;2;1099.4;Protegida;46;Valencia/València;Comunitat Valenciana;10
2019;2;1083.1;Protegida;46;Valencia/València;Comunitat Valenciana;10
2020;2;1102;Protegida;46;Valencia/València;Comunitat Valenciana;10
2021;2;1103.7;Protegida;46;Valencia/València;Comunitat Valenciana;10
2022;2;1094.4;Protegida;46;Valencia/València;Comunitat Valenciana;10
2023;2;1118;Protegida;46;Valencia/València;Comunitat Valenciana;10
2024;2;1104.7;Protegida;46;Valencia/València;Comunitat Valenciana;10
2025;2;1110.4;Protegida;46;Valencia/València;Comunitat Valenciana;10
2026;2;1193.8;Protegida;46;Valencia/València;Comunitat Valenciana;10
2005;3;884;Protegida;46;Valencia/València;Comunitat Valenciana;10
2006;3;993.8;Protegida;46;Valencia/València;Comunitat Valenciana;10
2007;3;1049.6;Protegida;46;Valencia/València;Comunitat Valenciana;10
2008;3;1115.9;Protegida;46;Valencia/València;Comunitat Valenciana;10
2009;3;1117.5;Protegida;46;Valencia/València;Comunitat Valenciana;10
2010;3;1139.1;Protegida;46;Valencia/València;Comunitat Valenciana;10
2011;3;1166.4;Protegida;46;Valencia/València;Comunitat Valenciana;10
2012;3;1107.1;Protegida;46;Valencia/València;Comunitat Valenciana;10
2013;3;1058;Protegida;46;Valencia/València;Comunitat Valenciana;10
2014;3;1080.2;Protegida;46;Valencia/València;Comunitat Valenciana;10
2015;3;1092.2;Protegida;46;Valencia/València;Comunitat Valenciana;10
2016;3;1106.7;Protegida;46;Valencia/València;Comunitat Valenciana;10
2017;3;1101.6;Protegida;46;Valencia/València;Comunitat Valenciana;10
2018;3;1088.3;Protegida;46;Valencia/València;Comunitat Valenciana;10
2019;3;1093;Protegida;46;Valencia/València;Comunitat Valenciana;10
2020;3;1093.1;Protegida;46;Valencia/València;Comunitat Valenciana;10
2021;3;1102.1;Protegida;46;Valencia/València;Comunitat Valenciana;10
2022;3;1097.5;Protegida;46;Valencia/València;Comunitat Valenciana;10
2023;3;1099.1;Protegida;46;Valencia/València;Comunitat Valenciana;10
2024;3;1101.9;Protegida;46;Valencia/València;Comunitat Valenciana;10
2025;3;1119;Protegida;46;Valencia/València;Comunitat Valenciana;10
2005;4;913.6;Protegida;46;Valencia/València;Comunitat Valenciana;10
2006;4;973.8;Protegida;46;Valencia/València;Comunitat Valenciana;10
2007;4;1082;Protegida;46;Valencia/València;Comunitat Valenciana;10
2008;4;1137.4;Protegida;46;Valencia/València;Comunitat Valenciana;10
2009;4;1100.7;Protegida;46;Valencia/València;Comunitat Valenciana;10
2010;4;1167;Protegida;46;Valencia/València;Comunitat Valenciana;10
2011;4;1150.6;Protegida;46;Valencia/València;Comunitat Valenciana;10
2012;4;1078.3;Protegida;46;Valencia/València;Comunitat Valenciana;10
2013;4;1099.4;Protegida;46;Valencia/València;Comunitat Valenciana;10
2014;4;1082.7;Protegida;46;Valencia/València;Comunitat Valenciana;10
2015;4;1079;Protegida;46;Valencia/València;Comunitat Valenciana;10
2016;4;1116.2;Protegida;46;Valencia/València;Comunitat Valenciana;10
2017;4;1087.9;Protegida;46;Valencia/València;Comunitat Valenciana;10
2018;4;1089.8;Protegida;46;Valencia/València;Comunitat Valenciana;10
2019;4;1096.3;Protegida;46;Valencia/València;Comunitat Valenciana;10
2020;4;1099.3;Protegida;46;Valencia/València;Comunitat Valenciana;10
2021;4;1090.6;Protegida;46;Valencia/València;Comunitat Valenciana;10
2022;4;1100.8;Protegida;46;Valencia/València;Comunitat Valenciana;10
2023;4;1100.9;Protegida;46;Valencia/València;Comunitat Valenciana;10
2024;4;1098.8;Protegida;46;Valencia/València;Comunitat Valenciana;10
2025;4;1128.3;Protegida;46;Valencia/València;Comunitat Valenciana;10
1995;4;469.7;Libre;46;Valencia/València;Comunitat Valenciana;10
1996;4;489.5;Libre;46;Valencia/València;Comunitat Valenciana;10
1997;4;515.4;Libre;46;Valencia/València;Comunitat Valenciana;10
1998;4;553.7;Libre;46;Valencia/València;Comunitat Valenciana;10
1999;4;622.9;Libre;46;Valencia/València;Comunitat Valenciana;10
2000;4;695.9;Libre;46;Valencia/València;Comunitat Valenciana;10
2001;4;779.9;Libre;46;Valencia/València;Comunitat Valenciana;10
2002;4;885;Libre;46;Valencia/València;Comunitat Valenciana;10
2003;4;997.5;Libre;46;Valencia/València;Comunitat Valenciana;10
2004;4;1179.1;Libre;46;Valencia/València;Comunitat Valenciana;10
2005;4;1360.1;Libre;46;Valencia/València;Comunitat Valenciana;10
2006;4;1504.2;Libre;46;Valencia/València;Comunitat Valenciana;10
2007;4;1579.6;Libre;46;Valencia/València;Comunitat Valenciana;10
2008;4;1601.2;Libre;46;Valencia/València;Comunitat Valenciana;10
2009;4;1484.9;Libre;46;Valencia/València;Comunitat Valenciana;10
2010;4;1408.7;Libre;46;Valencia/València;Comunitat Valenciana;10
2011;4;1295;Libre;46;Valencia/València;Comunitat Valenciana;10
2012;4;1100.8;Libre;46;Valencia/València;Comunitat Valenciana;10
2013;4;1073.5;Libre;46;Valencia/València;Comunitat Valenciana;10
2014;4;1075.9;Libre;46;Valencia/València;Comunitat Valenciana;10
2015;4;1085.4;Libre;46;Valencia/València;Comunitat Valenciana;10
2016;4;1095.4;Libre;46;Valencia/València;Comunitat Valenciana;10
2017;4;1092.7;Libre;46;Valencia/València;Comunitat Valenciana;10
2018;4;1149.3;Libre;46;Valencia/València;Comunitat Valenciana;10
2019;4;1196.5;Libre;46;Valencia/València;Comunitat Valenciana;10
2020;4;1193;Libre;46;Valencia/València;Comunitat Valenciana;10
2021;4;1271.2;Libre;46;Valencia/València;Comunitat Valenciana;10
2022;4;1308.8;Libre;46;Valencia/València;Comunitat Valenciana;10
2023;4;1427.6;Libre;46;Valencia/València;Comunitat Valenciana;10
2024;4;1568.2;Libre;46;Valencia/València;Comunitat Valenciana;10
2025;4;1832;Libre;46;Valencia/València;Comunitat Valenciana;10
1995;3;472.2;Libre;46;Valencia/València;Comunitat Valenciana;10
1996;3;495.6;Libre;46;Valencia/València;Comunitat Valenciana;10
1997;3;510.5;Libre;46;Valencia/València;Comunitat Valenciana;10
1998;3;545.1;Libre;46;Valencia/València;Comunitat Valenciana;10
1999;3;606.9;Libre;46;Valencia/València;Comunitat Valenciana;10
2000;3;674.9;Libre;46;Valencia/València;Comunitat Valenciana;10
2001;3;776.2;Libre;46;Valencia/València;Comunitat Valenciana;10
2002;3;870.1;Libre;46;Valencia/València;Comunitat Valenciana;10
2003;3;975.2;Libre;46;Valencia/València;Comunitat Valenciana;10
2004;3;1130.9;Libre;46;Valencia/València;Comunitat Valenciana;10
2005;3;1304;Libre;46;Valencia/València;Comunitat Valenciana;10
2006;3;1472.1;Libre;46;Valencia/València;Comunitat Valenciana;10
2007;3;1547.5;Libre;46;Valencia/València;Comunitat Valenciana;10
2008;3;1624.1;Libre;46;Valencia/València;Comunitat Valenciana;10
2009;3;1511.6;Libre;46;Valencia/València;Comunitat Valenciana;10
2010;3;1400.1;Libre;46;Valencia/València;Comunitat Valenciana;10
2011;3;1332.3;Libre;46;Valencia/València;Comunitat Valenciana;10
2012;3;1149.1;Libre;46;Valencia/València;Comunitat Valenciana;10
2013;3;1089.8;Libre;46;Valencia/València;Comunitat Valenciana;10
2014;3;1061.4;Libre;46;Valencia/València;Comunitat Valenciana;10
2015;3;1074.5;Libre;46;Valencia/València;Comunitat Valenciana;10
2016;3;1117.1;Libre;46;Valencia/València;Comunitat Valenciana;10
2017;3;1084.6;Libre;46;Valencia/València;Comunitat Valenciana;10
2018;3;1113;Libre;46;Valencia/València;Comunitat Valenciana;10
2019;3;1172.3;Libre;46;Valencia/València;Comunitat Valenciana;10
2020;3;1179.7;Libre;46;Valencia/València;Comunitat Valenciana;10
2021;3;1220;Libre;46;Valencia/València;Comunitat Valenciana;10
2022;3;1288.9;Libre;46;Valencia/València;Comunitat Valenciana;10
2023;3;1376.6;Libre;46;Valencia/València;Comunitat Valenciana;10
2024;3;1517.7;Libre;46;Valencia/València;Comunitat Valenciana;10
2025;3;1757.7;Libre;46;Valencia/València;Comunitat Valenciana;10
1995;2;459.8;Libre;46;Valencia/València;Comunitat Valenciana;10
1996;2;487;Libre;46;Valencia/València;Comunitat Valenciana;10
1997;2;505.5;Libre;46;Valencia/València;Comunitat Valenciana;10
1998;2;536.4;Libre;46;Valencia/València;Comunitat Valenciana;10
1999;2;603.2;Libre;46;Valencia/València;Comunitat Valenciana;10
2000;2;657.6;Libre;46;Valencia/València;Comunitat Valenciana;10
2001;2;742.8;Libre;46;Valencia/València;Comunitat Valenciana;10
2002;2;830.6;Libre;46;Valencia/València;Comunitat Valenciana;10
2003;2;955.4;Libre;46;Valencia/València;Comunitat Valenciana;10
2004;2;1060.5;Libre;46;Valencia/València;Comunitat Valenciana;10
2005;2;1292.9;Libre;46;Valencia/València;Comunitat Valenciana;10
2006;2;1458.5;Libre;46;Valencia/València;Comunitat Valenciana;10
2007;2;1564.8;Libre;46;Valencia/València;Comunitat Valenciana;10
2008;2;1638.9;Libre;46;Valencia/València;Comunitat Valenciana;10
2009;2;1533;Libre;46;Valencia/València;Comunitat Valenciana;10
2010;2;1423.6;Libre;46;Valencia/València;Comunitat Valenciana;10
2011;2;1306.2;Libre;46;Valencia/València;Comunitat Valenciana;10
2012;2;1187.1;Libre;46;Valencia/València;Comunitat Valenciana;10
2013;2;1099.7;Libre;46;Valencia/València;Comunitat Valenciana;10
2014;2;1072.6;Libre;46;Valencia/València;Comunitat Valenciana;10
2015;2;1066.9;Libre;46;Valencia/València;Comunitat Valenciana;10
2016;2;1096.2;Libre;46;Valencia/València;Comunitat Valenciana;10
2017;2;1081.9;Libre;46;Valencia/València;Comunitat Valenciana;10
2018;2;1130.9;Libre;46;Valencia/València;Comunitat Valenciana;10
2019;2;1182.4;Libre;46;Valencia/València;Comunitat Valenciana;10
2020;2;1150.5;Libre;46;Valencia/València;Comunitat Valenciana;10
2021;2;1227.1;Libre;46;Valencia/València;Comunitat Valenciana;10
2022;2;1300.9;Libre;46;Valencia/València;Comunitat Valenciana;10
2023;2;1361.6;Libre;46;Valencia/València;Comunitat Valenciana;10
2024;2;1481.6;Libre;46;Valencia/València;Comunitat Valenciana;10
2025;2;1683.7;Libre;46;Valencia/València;Comunitat Valenciana;10
2026;2;1980.1;Libre;46;Valencia/València;Comunitat Valenciana;10
1995;1;466;Libre;46;Valencia/València;Comunitat Valenciana;10
1996;1;485.7;Libre;46;Valencia/València;Comunitat Valenciana;10
1997;1;500.6;Libre;46;Valencia/València;Comunitat Valenciana;10
1998;1;521.6;Libre;46;Valencia/València;Comunitat Valenciana;10
1999;1;577.2;Libre;46;Valencia/València;Comunitat Valenciana;10
2000;1;656.3;Libre;46;Valencia/València;Comunitat Valenciana;10
2001;1;707;Libre;46;Valencia/València;Comunitat Valenciana;10
2002;1;800.9;Libre;46;Valencia/València;Comunitat Valenciana;10
2003;1;923.3;Libre;46;Valencia/València;Comunitat Valenciana;10
2004;1;1020.9;Libre;46;Valencia/València;Comunitat Valenciana;10
2005;1;1236;Libre;46;Valencia/València;Comunitat Valenciana;10
2006;1;1411.5;Libre;46;Valencia/València;Comunitat Valenciana;10
2007;1;1535.1;Libre;46;Valencia/València;Comunitat Valenciana;10
2008;1;1634;Libre;46;Valencia/València;Comunitat Valenciana;10
2009;1;1561.1;Libre;46;Valencia/València;Comunitat Valenciana;10
2010;1;1447.3;Libre;46;Valencia/València;Comunitat Valenciana;10
2011;1;1352.2;Libre;46;Valencia/València;Comunitat Valenciana;10
2012;1;1225.1;Libre;46;Valencia/València;Comunitat Valenciana;10
2013;1;1106.3;Libre;46;Valencia/València;Comunitat Valenciana;10
2014;1;1052.7;Libre;46;Valencia/València;Comunitat Valenciana;10
2015;1;1058.4;Libre;46;Valencia/València;Comunitat Valenciana;10
2016;1;1089.3;Libre;46;Valencia/València;Comunitat Valenciana;10
2017;1;1099.2;Libre;46;Valencia/València;Comunitat Valenciana;10
2018;1;1116.6;Libre;46;Valencia/València;Comunitat Valenciana;10
2019;1;1177.5;Libre;46;Valencia/València;Comunitat Valenciana;10
2020;1;1184.4;Libre;46;Valencia/València;Comunitat Valenciana;10
2021;1;1196.3;Libre;46;Valencia/València;Comunitat Valenciana;10
2022;1;1298.6;Libre;46;Valencia/València;Comunitat Valenciana;10
2023;1;1353.2;Libre;46;Valencia/València;Comunitat Valenciana;10
2024;1;1449.9;Libre;46;Valencia/València;Comunitat Valenciana;10
2025;1;1625.3;Libre;46;Valencia/València;Comunitat Valenciana;10
2026;1;1930.6;Libre;46;Valencia/València;Comunitat Valenciana;10
2005;1;857.2;Protegida;3;Alicante/Alacant;Comunitat Valenciana;10
2005;2;866.5;Protegida;3;Alicante/Alacant;Comunitat Valenciana;10
2005;3;905.5;Protegida;3;Alicante/Alacant;Comunitat Valenciana;10
2005;4;929.8;Protegida;3;Alicante/Alacant;Comunitat Valenciana;10
2006;1;914.5;Protegida;3;Alicante/Alacant;Comunitat Valenciana;10
2006;2;966.9;Protegida;3;Alicante/Alacant;Comunitat Valenciana;10
2006;3;965.9;Protegida;3;Alicante/Alacant;Comunitat Valenciana;10
2006;4;976.1;Protegida;3;Alicante/Alacant;Comunitat Valenciana;10
2007;1;998.1;Protegida;3;Alicante/Alacant;Comunitat Valenciana;10
2007;2;1025.5;Protegida;3;Alicante/Alacant;Comunitat Valenciana;10
2007;3;1051.7;Protegida;3;Alicante/Alacant;Comunitat Valenciana;10
2007;4;1075.6;Protegida;3;Alicante/Alacant;Comunitat Valenciana;10
2008;1;1101.1;Protegida;3;Alicante/Alacant;Comunitat Valenciana;10
2008;2;1096.4;Protegida;3;Alicante/Alacant;Comunitat Valenciana;10
2008;3;1119.6;Protegida;3;Alicante/Alacant;Comunitat Valenciana;10
2008;4;1091.9;Protegida;3;Alicante/Alacant;Comunitat Valenciana;10
2009;1;1099.1;Protegida;3;Alicante/Alacant;Comunitat Valenciana;10
2009;2;1109.4;Protegida;3;Alicante/Alacant;Comunitat Valenciana;10
2009;3;1120.8;Protegida;3;Alicante/Alacant;Comunitat Valenciana;10
2009;4;1130.6;Protegida;3;Alicante/Alacant;Comunitat Valenciana;10
2010;1;1163.6;Protegida;3;Alicante/Alacant;Comunitat Valenciana;10
2010;2;1173.1;Protegida;3;Alicante/Alacant;Comunitat Valenciana;10
2010;3;1186.8;Protegida;3;Alicante/Alacant;Comunitat Valenciana;10
2010;4;1176.9;Protegida;3;Alicante/Alacant;Comunitat Valenciana;10
2011;1;1110.5;Protegida;3;Alicante/Alacant;Comunitat Valenciana;10
2011;2;1111.9;Protegida;3;Alicante/Alacant;Comunitat Valenciana;10
2011;3;1087;Protegida;3;Alicante/Alacant;Comunitat Valenciana;10
2011;4;1085.1;Protegida;3;Alicante/Alacant;Comunitat Valenciana;10
2012;1;1057.8;Protegida;3;Alicante/Alacant;Comunitat Valenciana;10
2012;2;1092;Protegida;3;Alicante/Alacant;Comunitat Valenciana;10
2012;3;1141;Protegida;3;Alicante/Alacant;Comunitat Valenciana;10
2012;4;1108.3;Protegida;3;Alicante/Alacant;Comunitat Valenciana;10
2013;1;1043.4;Protegida;3;Alicante/Alacant;Comunitat Valenciana;10
2013;2;1060.4;Protegida;3;Alicante/Alacant;Comunitat Valenciana;10
2013;3;1039.3;Protegida;3;Alicante/Alacant;Comunitat Valenciana;10
2013;4;1077.7;Protegida;3;Alicante/Alacant;Comunitat Valenciana;10
2014;1;1104.9;Protegida;3;Alicante/Alacant;Comunitat Valenciana;10
2014;2;1089.9;Protegida;3;Alicante/Alacant;Comunitat Valenciana;10
2014;3;1089.9;Protegida;3;Alicante/Alacant;Comunitat Valenciana;10
2014;4;1093.7;Protegida;3;Alicante/Alacant;Comunitat Valenciana;10
2015;1;1094;Protegida;3;Alicante/Alacant;Comunitat Valenciana;10
2015;2;1093.9;Protegida;3;Alicante/Alacant;Comunitat Valenciana;10
2015;3;1110.2;Protegida;3;Alicante/Alacant;Comunitat Valenciana;10
2015;4;1077.1;Protegida;3;Alicante/Alacant;Comunitat Valenciana;10
2016;1;1091.6;Protegida;3;Alicante/Alacant;Comunitat Valenciana;10
2016;2;1111.3;Protegida;3;Alicante/Alacant;Comunitat Valenciana;10
2016;3;1091.2;Protegida;3;Alicante/Alacant;Comunitat Valenciana;10
2016;4;1106.1;Protegida;3;Alicante/Alacant;Comunitat Valenciana;10
2017;1;1120.1;Protegida;3;Alicante/Alacant;Comunitat Valenciana;10
2017;2;1096.6;Protegida;3;Alicante/Alacant;Comunitat Valenciana;10
2017;3;1084.4;Protegida;3;Alicante/Alacant;Comunitat Valenciana;10
2017;4;1085.5;Protegida;3;Alicante/Alacant;Comunitat Valenciana;10
2018;1;1099.9;Protegida;3;Alicante/Alacant;Comunitat Valenciana;10
2018;2;1099.4;Protegida;3;Alicante/Alacant;Comunitat Valenciana;10
2018;3;1105.9;Protegida;3;Alicante/Alacant;Comunitat Valenciana;10
2018;4;1097.3;Protegida;3;Alicante/Alacant;Comunitat Valenciana;10
2019;1;1086.8;Protegida;3;Alicante/Alacant;Comunitat Valenciana;10
2019;2;1083.5;Protegida;3;Alicante/Alacant;Comunitat Valenciana;10
2019;3;1077.9;Protegida;3;Alicante/Alacant;Comunitat Valenciana;10
2019;4;1079.9;Protegida;3;Alicante/Alacant;Comunitat Valenciana;10
2020;1;1099.3;Protegida;3;Alicante/Alacant;Comunitat Valenciana;10
2020;2;1094.5;Protegida;3;Alicante/Alacant;Comunitat Valenciana;10
2020;3;1095.7;Protegida;3;Alicante/Alacant;Comunitat Valenciana;10
2020;4;1101.7;Protegida;3;Alicante/Alacant;Comunitat Valenciana;10
2021;1;1106.5;Protegida;3;Alicante/Alacant;Comunitat Valenciana;10
2021;2;1102.4;Protegida;3;Alicante/Alacant;Comunitat Valenciana;10
2021;3;1105.9;Protegida;3;Alicante/Alacant;Comunitat Valenciana;10
2021;4;1109.3;Protegida;3;Alicante/Alacant;Comunitat Valenciana;10
2022;1;1128.5;Protegida;3;Alicante/Alacant;Comunitat Valenciana;10
2022;2;1113.7;Protegida;3;Alicante/Alacant;Comunitat Valenciana;10
2022;3;1105.9;Protegida;3;Alicante/Alacant;Comunitat Valenciana;10
2022;4;1123.4;Protegida;3;Alicante/Alacant;Comunitat Valenciana;10
2023;1;1129.7;Protegida;3;Alicante/Alacant;Comunitat Valenciana;10
2023;2;1125.5;Protegida;3;Alicante/Alacant;Comunitat Valenciana;10
2023;3;1115.7;Protegida;3;Alicante/Alacant;Comunitat Valenciana;10
2023;4;1112.7;Protegida;3;Alicante/Alacant;Comunitat Valenciana;10
2024;1;1120.2;Protegida;3;Alicante/Alacant;Comunitat Valenciana;10
2024;2;1118.7;Protegida;3;Alicante/Alacant;Comunitat Valenciana;10
2024;3;1115.2;Protegida;3;Alicante/Alacant;Comunitat Valenciana;10
2024;4;1123.1;Protegida;3;Alicante/Alacant;Comunitat Valenciana;10
2025;1;1102.1;Protegida;3;Alicante/Alacant;Comunitat Valenciana;10
2025;2;1125;Protegida;3;Alicante/Alacant;Comunitat Valenciana;10
2025;3;1132.9;Protegida;3;Alicante/Alacant;Comunitat Valenciana;10
2025;4;1140.5;Protegida;3;Alicante/Alacant;Comunitat Valenciana;10
2026;1;1146.5;Protegida;3;Alicante/Alacant;Comunitat Valenciana;10
2026;2;1173.9;Protegida;3;Alicante/Alacant;Comunitat Valenciana;10
1995;1;477;Libre;3;Alicante/Alacant;Comunitat Valenciana;10
1995;2;480;Libre;3;Alicante/Alacant;Comunitat Valenciana;10
1995;3;475.5;Libre;3;Alicante/Alacant;Comunitat Valenciana;10
1995;4;471;Libre;3;Alicante/Alacant;Comunitat Valenciana;10
1996;1;469.5;Libre;3;Alicante/Alacant;Comunitat Valenciana;10
1996;2;502.4;Libre;3;Alicante/Alacant;Comunitat Valenciana;10
1996;3;497.9;Libre;3;Alicante/Alacant;Comunitat Valenciana;10
1996;4;499.4;Libre;3;Alicante/Alacant;Comunitat Valenciana;10
1997;1;506.9;Libre;3;Alicante/Alacant;Comunitat Valenciana;10
1997;2;509.9;Libre;3;Alicante/Alacant;Comunitat Valenciana;10
1997;3;518.8;Libre;3;Alicante/Alacant;Comunitat Valenciana;10
1997;4;512.9;Libre;3;Alicante/Alacant;Comunitat Valenciana;10
1998;1;530.8;Libre;3;Alicante/Alacant;Comunitat Valenciana;10
1998;2;562.2;Libre;3;Alicante/Alacant;Comunitat Valenciana;10
1998;3;586.1;Libre;3;Alicante/Alacant;Comunitat Valenciana;10
1998;4;581.6;Libre;3;Alicante/Alacant;Comunitat Valenciana;10
1999;1;608.5;Libre;3;Alicante/Alacant;Comunitat Valenciana;10
1999;2;641.4;Libre;3;Alicante/Alacant;Comunitat Valenciana;10
1999;3;659.4;Libre;3;Alicante/Alacant;Comunitat Valenciana;10
1999;4;662.4;Libre;3;Alicante/Alacant;Comunitat Valenciana;10
2000;1;699.8;Libre;3;Alicante/Alacant;Comunitat Valenciana;10
2000;2;731.2;Libre;3;Alicante/Alacant;Comunitat Valenciana;10
2000;3;759.6;Libre;3;Alicante/Alacant;Comunitat Valenciana;10
2000;4;780.5;Libre;3;Alicante/Alacant;Comunitat Valenciana;10
2001;1;792.5;Libre;3;Alicante/Alacant;Comunitat Valenciana;10
2001;2;853.8;Libre;3;Alicante/Alacant;Comunitat Valenciana;10
2001;3;870.2;Libre;3;Alicante/Alacant;Comunitat Valenciana;10
2001;4;937.5;Libre;3;Alicante/Alacant;Comunitat Valenciana;10
2002;1;949.5;Libre;3;Alicante/Alacant;Comunitat Valenciana;10
2002;2;988.3;Libre;3;Alicante/Alacant;Comunitat Valenciana;10
2002;3;1070.6;Libre;3;Alicante/Alacant;Comunitat Valenciana;10
2002;4;1099;Libre;3;Alicante/Alacant;Comunitat Valenciana;10
2003;1;1136.4;Libre;3;Alicante/Alacant;Comunitat Valenciana;10
2003;2;1187.2;Libre;3;Alicante/Alacant;Comunitat Valenciana;10
2003;3;1226.1;Libre;3;Alicante/Alacant;Comunitat Valenciana;10
2003;4;1260.5;Libre;3;Alicante/Alacant;Comunitat Valenciana;10
2004;1;1285.9;Libre;3;Alicante/Alacant;Comunitat Valenciana;10
2004;2;1365.1;Libre;3;Alicante/Alacant;Comunitat Valenciana;10
2004;3;1418.9;Libre;3;Alicante/Alacant;Comunitat Valenciana;10
2004;4;1421.9;Libre;3;Alicante/Alacant;Comunitat Valenciana;10
2005;1;1495.2;Libre;3;Alicante/Alacant;Comunitat Valenciana;10
2005;2;1590.9;Libre;3;Alicante/Alacant;Comunitat Valenciana;10
2005;3;1623.8;Libre;3;Alicante/Alacant;Comunitat Valenciana;10
2005;4;1614.1;Libre;3;Alicante/Alacant;Comunitat Valenciana;10
2006;1;1671.6;Libre;3;Alicante/Alacant;Comunitat Valenciana;10
2006;2;1701.5;Libre;3;Alicante/Alacant;Comunitat Valenciana;10
2006;3;1695.6;Libre;3;Alicante/Alacant;Comunitat Valenciana;10
2006;4;1697.1;Libre;3;Alicante/Alacant;Comunitat Valenciana;10
2007;1;1722.5;Libre;3;Alicante/Alacant;Comunitat Valenciana;10
2007;2;1737.4;Libre;3;Alicante/Alacant;Comunitat Valenciana;10
2007;3;1731.4;Libre;3;Alicante/Alacant;Comunitat Valenciana;10
2007;4;1753.9;Libre;3;Alicante/Alacant;Comunitat Valenciana;10
2008;1;1740.4;Libre;3;Alicante/Alacant;Comunitat Valenciana;10
2008;2;1764.3;Libre;3;Alicante/Alacant;Comunitat Valenciana;10
2008;3;1706;Libre;3;Alicante/Alacant;Comunitat Valenciana;10
2008;4;1677.6;Libre;3;Alicante/Alacant;Comunitat Valenciana;10
2009;1;1580.4;Libre;3;Alicante/Alacant;Comunitat Valenciana;10
2009;2;1547.2;Libre;3;Alicante/Alacant;Comunitat Valenciana;10
2009;3;1555;Libre;3;Alicante/Alacant;Comunitat Valenciana;10
2009;4;1493.7;Libre;3;Alicante/Alacant;Comunitat Valenciana;10
2010;1;1465.3;Libre;3;Alicante/Alacant;Comunitat Valenciana;10
2010;2;1463.8;Libre;3;Alicante/Alacant;Comunitat Valenciana;10
2010;3;1423.4;Libre;3;Alicante/Alacant;Comunitat Valenciana;10
2010;4;1408.5;Libre;3;Alicante/Alacant;Comunitat Valenciana;10
2011;1;1392;Libre;3;Alicante/Alacant;Comunitat Valenciana;10
2011;2;1351.6;Libre;3;Alicante/Alacant;Comunitat Valenciana;10
2011;3;1371.9;Libre;3;Alicante/Alacant;Comunitat Valenciana;10
2011;4;1381.5;Libre;3;Alicante/Alacant;Comunitat Valenciana;10
2012;1;1301.4;Libre;3;Alicante/Alacant;Comunitat Valenciana;10
2012;2;1263.9;Libre;3;Alicante/Alacant;Comunitat Valenciana;10
2012;3;1283.3;Libre;3;Alicante/Alacant;Comunitat Valenciana;10
2012;4;1202.5;Libre;3;Alicante/Alacant;Comunitat Valenciana;10
2013;1;1204.7;Libre;3;Alicante/Alacant;Comunitat Valenciana;10
2013;2;1207.1;Libre;3;Alicante/Alacant;Comunitat Valenciana;10
2013;3;1242.1;Libre;3;Alicante/Alacant;Comunitat Valenciana;10
2013;4;1208.6;Libre;3;Alicante/Alacant;Comunitat Valenciana;10
2014;1;1206.1;Libre;3;Alicante/Alacant;Comunitat Valenciana;10
2014;2;1206;Libre;3;Alicante/Alacant;Comunitat Valenciana;10
2014;3;1196.9;Libre;3;Alicante/Alacant;Comunitat Valenciana;10
2014;4;1222.1;Libre;3;Alicante/Alacant;Comunitat Valenciana;10
2015;1;1216;Libre;3;Alicante/Alacant;Comunitat Valenciana;10
2015;2;1237.9;Libre;3;Alicante/Alacant;Comunitat Valenciana;10
2015;3;1223.8;Libre;3;Alicante/Alacant;Comunitat Valenciana;10
2015;4;1240.4;Libre;3;Alicante/Alacant;Comunitat Valenciana;10
2016;1;1228.7;Libre;3;Alicante/Alacant;Comunitat Valenciana;10
2016;2;1224.2;Libre;3;Alicante/Alacant;Comunitat Valenciana;10
2016;3;1240.6;Libre;3;Alicante/Alacant;Comunitat Valenciana;10
2016;4;1233.3;Libre;3;Alicante/Alacant;Comunitat Valenciana;10
2017;1;1250.1;Libre;3;Alicante/Alacant;Comunitat Valenciana;10
2017;2;1239.1;Libre;3;Alicante/Alacant;Comunitat Valenciana;10
2017;3;1231.1;Libre;3;Alicante/Alacant;Comunitat Valenciana;10
2017;4;1252.9;Libre;3;Alicante/Alacant;Comunitat Valenciana;10
2018;1;1274.4;Libre;3;Alicante/Alacant;Comunitat Valenciana;10
2018;2;1270.2;Libre;3;Alicante/Alacant;Comunitat Valenciana;10
2018;3;1253.8;Libre;3;Alicante/Alacant;Comunitat Valenciana;10
2018;4;1289.9;Libre;3;Alicante/Alacant;Comunitat Valenciana;10
2019;1;1312.3;Libre;3;Alicante/Alacant;Comunitat Valenciana;10
2019;2;1314.8;Libre;3;Alicante/Alacant;Comunitat Valenciana;10
2019;3;1307;Libre;3;Alicante/Alacant;Comunitat Valenciana;10
2019;4;1314.6;Libre;3;Alicante/Alacant;Comunitat Valenciana;10
2020;1;1294.9;Libre;3;Alicante/Alacant;Comunitat Valenciana;10
2020;2;1261.6;Libre;3;Alicante/Alacant;Comunitat Valenciana;10
2020;3;1282.8;Libre;3;Alicante/Alacant;Comunitat Valenciana;10
2020;4;1291.9;Libre;3;Alicante/Alacant;Comunitat Valenciana;10
2021;1;1299;Libre;3;Alicante/Alacant;Comunitat Valenciana;10
2021;2;1320.6;Libre;3;Alicante/Alacant;Comunitat Valenciana;10
2021;3;1341.3;Libre;3;Alicante/Alacant;Comunitat Valenciana;10
2021;4;1375.1;Libre;3;Alicante/Alacant;Comunitat Valenciana;10
2022;1;1411.4;Libre;3;Alicante/Alacant;Comunitat Valenciana;10
2022;2;1400.9;Libre;3;Alicante/Alacant;Comunitat Valenciana;10
2022;3;1411.8;Libre;3;Alicante/Alacant;Comunitat Valenciana;10
2022;4;1402;Libre;3;Alicante/Alacant;Comunitat Valenciana;10
2023;1;1453.7;Libre;3;Alicante/Alacant;Comunitat Valenciana;10
2023;2;1463.8;Libre;3;Alicante/Alacant;Comunitat Valenciana;10
2023;3;1503.1;Libre;3;Alicante/Alacant;Comunitat Valenciana;10
2023;4;1532.3;Libre;3;Alicante/Alacant;Comunitat Valenciana;10
2024;1;1560.4;Libre;3;Alicante/Alacant;Comunitat Valenciana;10
2024;2;1559.9;Libre;3;Alicante/Alacant;Comunitat Valenciana;10
2024;3;1608;Libre;3;Alicante/Alacant;Comunitat Valenciana;10
2024;4;1657.1;Libre;3;Alicante/Alacant;Comunitat Valenciana;10
2025;1;1721.9;Libre;3;Alicante/Alacant;Comunitat Valenciana;10
2025;2;1771.3;Libre;3;Alicante/Alacant;Comunitat Valenciana;10
2025;3;1829.5;Libre;3;Alicante/Alacant;Comunitat Valenciana;10
2025;4;1902.9;Libre;3;Alicante/Alacant;Comunitat Valenciana;10
2026;1;1991.7;Libre;3;Alicante/Alacant;Comunitat Valenciana;10
2026;2;2020.7;Libre;3;Alicante/Alacant;Comunitat Valenciana;10
2005;1;811.4;Protegida;32;Ourense;Galicia;12
2005;2;814.7;Protegida;32;Ourense;Galicia;12
2005;3;841.3;Protegida;32;Ourense;Galicia;12
2005;4;843.9;Protegida;32;Ourense;Galicia;12
2006;1;852.6;Protegida;32;Ourense;Galicia;12
2006;2;902.5;Protegida;32;Ourense;Galicia;12
2006;3;948.4;Protegida;32;Ourense;Galicia;12
2006;4;915.8;Protegida;32;Ourense;Galicia;12
2007;1;926.7;Protegida;32;Ourense;Galicia;12
2007;2;946.6;Protegida;32;Ourense;Galicia;12
2007;3;972.3;Protegida;32;Ourense;Galicia;12
2007;4;973.3;Protegida;32;Ourense;Galicia;12
2008;1;1003.9;Protegida;32;Ourense;Galicia;12
2008;2;1005.9;Protegida;32;Ourense;Galicia;12
2008;3;1019.7;Protegida;32;Ourense;Galicia;12
2008;4;1007.6;Protegida;32;Ourense;Galicia;12
2009;1;992.6;Protegida;32;Ourense;Galicia;12
2009;2;993.5;Protegida;32;Ourense;Galicia;12
2009;3;1009.3;Protegida;32;Ourense;Galicia;12
2009;4;1009.4;Protegida;32;Ourense;Galicia;12
2010;1;991.7;Protegida;32;Ourense;Galicia;12
2010;2;1009.5;Protegida;32;Ourense;Galicia;12
2010;3;990.3;Protegida;32;Ourense;Galicia;12
2010;4;986.2;Protegida;32;Ourense;Galicia;12
2011;1;1006.6;Protegida;32;Ourense;Galicia;12
2011;2;1033;Protegida;32;Ourense;Galicia;12
2011;3;1017.1;Protegida;32;Ourense;Galicia;12
2011;4;1053.8;Protegida;32;Ourense;Galicia;12
2015;2;908.3;Protegida;32;Ourense;Galicia;12
2015;4;912.3;Protegida;32;Ourense;Galicia;12
2017;1;893.1;Protegida;32;Ourense;Galicia;12
2017;2;907;Protegida;32;Ourense;Galicia;12
2017;4;927.3;Protegida;32;Ourense;Galicia;12
2018;1;905.5;Protegida;32;Ourense;Galicia;12
2018;2;922;Protegida;32;Ourense;Galicia;12
2018;4;906.8;Protegida;32;Ourense;Galicia;12
2019;1;883.6;Protegida;32;Ourense;Galicia;12
2019;2;887.4;Protegida;32;Ourense;Galicia;12
2019;4;922.3;Protegida;32;Ourense;Galicia;12
2020;1;944.5;Protegida;32;Ourense;Galicia;12
2020;3;891.2;Protegida;32;Ourense;Galicia;12
2020;4;870.5;Protegida;32;Ourense;Galicia;12
2021;1;886.9;Protegida;32;Ourense;Galicia;12
2022;1;940.3;Protegida;32;Ourense;Galicia;12
2022;3;952.1;Protegida;32;Ourense;Galicia;12
2023;1;1011.4;Protegida;32;Ourense;Galicia;12
2023;2;982.2;Protegida;32;Ourense;Galicia;12
2023;4;1000.4;Protegida;32;Ourense;Galicia;12
2024;4;1026.3;Protegida;32;Ourense;Galicia;12
2025;1;1018;Protegida;32;Ourense;Galicia;12
1995;1;596.4;Libre;32;Ourense;Galicia;12
1995;2;539;Libre;32;Ourense;Galicia;12
1995;3;612.7;Libre;32;Ourense;Galicia;12
1995;4;591.6;Libre;32;Ourense;Galicia;12
1996;1;637.6;Libre;32;Ourense;Galicia;12
1996;2;565.8;Libre;32;Ourense;Galicia;12
1996;3;561.9;Libre;32;Ourense;Galicia;12
1996;4;552.4;Libre;32;Ourense;Galicia;12
1997;1;595.4;Libre;32;Ourense;Galicia;12
1997;2;600.2;Libre;32;Ourense;Galicia;12
1997;3;626.1;Libre;32;Ourense;Galicia;12
1997;4;626.1;Libre;32;Ourense;Galicia;12
1998;1;623.2;Libre;32;Ourense;Galicia;12
1998;2;642.3;Libre;32;Ourense;Galicia;12
1998;3;644.3;Libre;32;Ourense;Galicia;12
1998;4;650;Libre;32;Ourense;Galicia;12
1999;1;651.9;Libre;32;Ourense;Galicia;12
1999;2;651.9;Libre;32;Ourense;Galicia;12
1999;3;672;Libre;32;Ourense;Galicia;12
1999;4;655.8;Libre;32;Ourense;Galicia;12
2000;1;693.1;Libre;32;Ourense;Galicia;12
2000;2;696.9;Libre;32;Ourense;Galicia;12
2000;3;702.7;Libre;32;Ourense;Galicia;12
2000;4;732.3;Libre;32;Ourense;Galicia;12
2001;1;778.3;Libre;32;Ourense;Galicia;12
2001;2;718.9;Libre;32;Ourense;Galicia;12
2001;3;734.2;Libre;32;Ourense;Galicia;12
2001;4;782.1;Libre;32;Ourense;Galicia;12
2002;1;801.3;Libre;32;Ourense;Galicia;12
2002;2;775.4;Libre;32;Ourense;Galicia;12
2002;3;803.2;Libre;32;Ourense;Galicia;12
2002;4;848.2;Libre;32;Ourense;Galicia;12
2003;1;801.3;Libre;32;Ourense;Galicia;12
2003;2;834.8;Libre;32;Ourense;Galicia;12
2003;3;825.2;Libre;32;Ourense;Galicia;12
2003;4;878.8;Libre;32;Ourense;Galicia;12
2004;1;848.2;Libre;32;Ourense;Galicia;12
2004;2;834.8;Libre;32;Ourense;Galicia;12
2004;3;889.3;Libre;32;Ourense;Galicia;12
2004;4;907.5;Libre;32;Ourense;Galicia;12
2005;1;957.3;Libre;32;Ourense;Galicia;12
2005;2;913.3;Libre;32;Ourense;Galicia;12
2005;3;940.9;Libre;32;Ourense;Galicia;12
2005;4;970.1;Libre;32;Ourense;Galicia;12
2006;1;990.8;Libre;32;Ourense;Galicia;12
2006;2;1060.7;Libre;32;Ourense;Galicia;12
2006;3;1083.7;Libre;32;Ourense;Galicia;12
2006;4;1081.7;Libre;32;Ourense;Galicia;12
2007;1;1098;Libre;32;Ourense;Galicia;12
2007;2;1107.6;Libre;32;Ourense;Galicia;12
2007;3;1104.7;Libre;32;Ourense;Galicia;12
2007;4;1118.1;Libre;32;Ourense;Galicia;12
2008;1;1139.2;Libre;32;Ourense;Galicia;12
2008;2;1167.9;Libre;32;Ourense;Galicia;12
2008;3;1170.8;Libre;32;Ourense;Galicia;12
2008;4;1122.4;Libre;32;Ourense;Galicia;12
2009;1;1096.1;Libre;32;Ourense;Galicia;12
2009;2;1089;Libre;32;Ourense;Galicia;12
2009;3;1076.5;Libre;32;Ourense;Galicia;12
2009;4;1127;Libre;32;Ourense;Galicia;12
2010;1;1133.4;Libre;32;Ourense;Galicia;12
2010;2;1160.9;Libre;32;Ourense;Galicia;12
2010;3;1172.4;Libre;32;Ourense;Galicia;12
2010;4;1202.1;Libre;32;Ourense;Galicia;12
2011;1;1144.6;Libre;32;Ourense;Galicia;12
2011;2;1129.7;Libre;32;Ourense;Galicia;12
2011;3;1085.4;Libre;32;Ourense;Galicia;12
2011;4;1115.8;Libre;32;Ourense;Galicia;12
2012;1;1064.5;Libre;32;Ourense;Galicia;12
2012;2;1018.7;Libre;32;Ourense;Galicia;12
2012;3;0;Libre;32;Ourense;Galicia;12
2012;4;1024.7;Libre;32;Ourense;Galicia;12
2013;1;997;Libre;32;Ourense;Galicia;12
2013;2;992;Libre;32;Ourense;Galicia;12
2013;3;966.2;Libre;32;Ourense;Galicia;12
2013;4;948.8;Libre;32;Ourense;Galicia;12
2014;1;960.6;Libre;32;Ourense;Galicia;12
2014;2;930.1;Libre;32;Ourense;Galicia;12
2014;3;964.7;Libre;32;Ourense;Galicia;12
2014;4;942;Libre;32;Ourense;Galicia;12
2015;1;961.4;Libre;32;Ourense;Galicia;12
2015;2;945.8;Libre;32;Ourense;Galicia;12
2015;3;957.2;Libre;32;Ourense;Galicia;12
2015;4;983;Libre;32;Ourense;Galicia;12
2016;1;948.7;Libre;32;Ourense;Galicia;12
2016;2;949.8;Libre;32;Ourense;Galicia;12
2016;3;944.8;Libre;32;Ourense;Galicia;12
2016;4;953.8;Libre;32;Ourense;Galicia;12
2017;1;917.8;Libre;32;Ourense;Galicia;12
2017;2;946.9;Libre;32;Ourense;Galicia;12
2017;3;952.3;Libre;32;Ourense;Galicia;12
2017;4;937.3;Libre;32;Ourense;Galicia;12
2018;1;953.2;Libre;32;Ourense;Galicia;12
2018;2;950.6;Libre;32;Ourense;Galicia;12
2018;3;918.1;Libre;32;Ourense;Galicia;12
2018;4;928.7;Libre;32;Ourense;Galicia;12
2019;1;957.4;Libre;32;Ourense;Galicia;12
2019;2;955.7;Libre;32;Ourense;Galicia;12
2019;3;934.6;Libre;32;Ourense;Galicia;12
2019;4;954.5;Libre;32;Ourense;Galicia;12
2020;1;942.8;Libre;32;Ourense;Galicia;12
2020;2;917;Libre;32;Ourense;Galicia;12
2020;3;914.9;Libre;32;Ourense;Galicia;12
2020;4;920.5;Libre;32;Ourense;Galicia;12
2021;1;898.7;Libre;32;Ourense;Galicia;12
2021;2;891.3;Libre;32;Ourense;Galicia;12
2021;3;890.6;Libre;32;Ourense;Galicia;12
2021;4;906.6;Libre;32;Ourense;Galicia;12
2022;1;919.2;Libre;32;Ourense;Galicia;12
2022;2;929;Libre;32;Ourense;Galicia;12
2022;3;932.6;Libre;32;Ourense;Galicia;12
2022;4;931.4;Libre;32;Ourense;Galicia;12
2023;1;960.3;Libre;32;Ourense;Galicia;12
2023;2;962.1;Libre;32;Ourense;Galicia;12
2023;3;938.7;Libre;32;Ourense;Galicia;12
2023;4;929.1;Libre;32;Ourense;Galicia;12
2024;1;936.4;Libre;32;Ourense;Galicia;12
2024;2;944.4;Libre;32;Ourense;Galicia;12
2024;3;973.1;Libre;32;Ourense;Galicia;12
2024;4;966.7;Libre;32;Ourense;Galicia;12
2025;1;977.1;Libre;32;Ourense;Galicia;12
2025;2;1013.6;Libre;32;Ourense;Galicia;12
2025;3;1025.2;Libre;32;Ourense;Galicia;12
2025;4;1063.1;Libre;32;Ourense;Galicia;12
2026;1;1109.7;Libre;32;Ourense;Galicia;12
2026;2;1070.3;Libre;32;Ourense;Galicia;12
2005;1;778.2;Protegida;27;Lugo;Galicia;12
2005;2;774.9;Protegida;27;Lugo;Galicia;12
2005;3;766.8;Protegida;27;Lugo;Galicia;12
2005;4;807.9;Protegida;27;Lugo;Galicia;12
2006;1;854.7;Protegida;27;Lugo;Galicia;12
2006;2;875.5;Protegida;27;Lugo;Galicia;12
2006;3;917;Protegida;27;Lugo;Galicia;12
2006;4;932.1;Protegida;27;Lugo;Galicia;12
2007;1;936;Protegida;27;Lugo;Galicia;12
2007;2;916.2;Protegida;27;Lugo;Galicia;12
2007;3;902.5;Protegida;27;Lugo;Galicia;12
2007;4;944.2;Protegida;27;Lugo;Galicia;12
2008;1;963.8;Protegida;27;Lugo;Galicia;12
2008;2;951.9;Protegida;27;Lugo;Galicia;12
2008;3;941;Protegida;27;Lugo;Galicia;12
2008;4;943.6;Protegida;27;Lugo;Galicia;12
2009;1;945.8;Protegida;27;Lugo;Galicia;12
2009;2;902;Protegida;27;Lugo;Galicia;12
2009;3;904.9;Protegida;27;Lugo;Galicia;12
2009;4;915.6;Protegida;27;Lugo;Galicia;12
2010;1;892.4;Protegida;27;Lugo;Galicia;12
2010;2;901.7;Protegida;27;Lugo;Galicia;12
2010;3;929.8;Protegida;27;Lugo;Galicia;12
2010;4;955;Protegida;27;Lugo;Galicia;12
2011;1;982.2;Protegida;27;Lugo;Galicia;12
2011;2;955.5;Protegida;27;Lugo;Galicia;12
2011;3;931.6;Protegida;27;Lugo;Galicia;12
2011;4;936.5;Protegida;27;Lugo;Galicia;12
2012;1;911.5;Protegida;27;Lugo;Galicia;12
2013;4;896.1;Protegida;27;Lugo;Galicia;12
2014;1;901.5;Protegida;27;Lugo;Galicia;12
2014;2;911.7;Protegida;27;Lugo;Galicia;12
2014;3;891.2;Protegida;27;Lugo;Galicia;12
2014;4;888.2;Protegida;27;Lugo;Galicia;12
2015;1;896.6;Protegida;27;Lugo;Galicia;12
2015;2;903;Protegida;27;Lugo;Galicia;12
2015;3;875.1;Protegida;27;Lugo;Galicia;12
2015;4;858.1;Protegida;27;Lugo;Galicia;12
2016;1;867.3;Protegida;27;Lugo;Galicia;12
2016;2;874.8;Protegida;27;Lugo;Galicia;12
2016;3;883.8;Protegida;27;Lugo;Galicia;12
2016;4;901;Protegida;27;Lugo;Galicia;12
2017;1;913.8;Protegida;27;Lugo;Galicia;12
2017;2;931.5;Protegida;27;Lugo;Galicia;12
2017;3;897.6;Protegida;27;Lugo;Galicia;12
2017;4;894.5;Protegida;27;Lugo;Galicia;12
2018;1;882.2;Protegida;27;Lugo;Galicia;12
2018;2;864.1;Protegida;27;Lugo;Galicia;12
2018;3;885.3;Protegida;27;Lugo;Galicia;12
2018;4;868.5;Protegida;27;Lugo;Galicia;12
2019;1;884.5;Protegida;27;Lugo;Galicia;12
2019;2;901.6;Protegida;27;Lugo;Galicia;12
2019;3;889.7;Protegida;27;Lugo;Galicia;12
2019;4;875.2;Protegida;27;Lugo;Galicia;12
2020;1;851.2;Protegida;27;Lugo;Galicia;12
2020;2;875;Protegida;27;Lugo;Galicia;12
2020;3;854.1;Protegida;27;Lugo;Galicia;12
2020;4;872.3;Protegida;27;Lugo;Galicia;12
2021;1;870;Protegida;27;Lugo;Galicia;12
2021;2;878.3;Protegida;27;Lugo;Galicia;12
2021;3;871.2;Protegida;27;Lugo;Galicia;12
2021;4;895.5;Protegida;27;Lugo;Galicia;12
2022;1;920.2;Protegida;27;Lugo;Galicia;12
2022;2;938.5;Protegida;27;Lugo;Galicia;12
2022;3;943.5;Protegida;27;Lugo;Galicia;12
2022;4;948.6;Protegida;27;Lugo;Galicia;12
2023;1;979.9;Protegida;27;Lugo;Galicia;12
2023;2;1001;Protegida;27;Lugo;Galicia;12
2023;3;1026.4;Protegida;27;Lugo;Galicia;12
2023;4;998.7;Protegida;27;Lugo;Galicia;12
2024;1;1016.4;Protegida;27;Lugo;Galicia;12
2024;2;991.3;Protegida;27;Lugo;Galicia;12
2024;3;974;Protegida;27;Lugo;Galicia;12
2024;4;997.8;Protegida;27;Lugo;Galicia;12
2025;1;1000.1;Protegida;27;Lugo;Galicia;12
2025;2;988;Protegida;27;Lugo;Galicia;12
2025;3;1003.4;Protegida;27;Lugo;Galicia;12
2025;4;1000.3;Protegida;27;Lugo;Galicia;12
2026;1;1030.1;Protegida;27;Lugo;Galicia;12
2026;2;1023.8;Protegida;27;Lugo;Galicia;12
1995;1;454;Libre;27;Lugo;Galicia;12
1995;2;459.8;Libre;27;Lugo;Galicia;12
1995;3;430.5;Libre;27;Lugo;Galicia;12
1995;4;456.5;Libre;27;Lugo;Galicia;12
1996;1;474.9;Libre;27;Lugo;Galicia;12
1996;2;493.3;Libre;27;Lugo;Galicia;12
1996;3;457.3;Libre;27;Lugo;Galicia;12
1996;4;460.7;Libre;27;Lugo;Galicia;12
1997;1;495.9;Libre;27;Lugo;Galicia;12
1997;2;468.2;Libre;27;Lugo;Galicia;12
1997;3;456.5;Libre;27;Lugo;Galicia;12
1997;4;471.6;Libre;27;Lugo;Galicia;12
1998;1;474.1;Libre;27;Lugo;Galicia;12
1998;2;469.9;Libre;27;Lugo;Galicia;12
1998;3;485;Libre;27;Lugo;Galicia;12
1998;4;486.6;Libre;27;Lugo;Galicia;12
1999;1;493.3;Libre;27;Lugo;Galicia;12
1999;2;507.6;Libre;27;Lugo;Galicia;12
1999;3;527.7;Libre;27;Lugo;Galicia;12
1999;4;526;Libre;27;Lugo;Galicia;12
2000;1;523.5;Libre;27;Lugo;Galicia;12
2000;2;529.4;Libre;27;Lugo;Galicia;12
2000;3;542.8;Libre;27;Lugo;Galicia;12
2000;4;562;Libre;27;Lugo;Galicia;12
2001;1;550.3;Libre;27;Lugo;Galicia;12
2001;2;567.1;Libre;27;Lugo;Galicia;12
2001;3;561.2;Libre;27;Lugo;Galicia;12
2001;4;564.5;Libre;27;Lugo;Galicia;12
2002;1;567.9;Libre;27;Lugo;Galicia;12
2002;2;605.6;Libre;27;Lugo;Galicia;12
2002;3;604.7;Libre;27;Lugo;Galicia;12
2002;4;609.8;Libre;27;Lugo;Galicia;12
2003;1;614;Libre;27;Lugo;Galicia;12
2003;2;620.7;Libre;27;Lugo;Galicia;12
2003;3;627.4;Libre;27;Lugo;Galicia;12
2003;4;679.3;Libre;27;Lugo;Galicia;12
2004;1;714.5;Libre;27;Lugo;Galicia;12
2004;2;703.6;Libre;27;Lugo;Galicia;12
2004;3;785.7;Libre;27;Lugo;Galicia;12
2004;4;768.1;Libre;27;Lugo;Galicia;12
2005;1;837.6;Libre;27;Lugo;Galicia;12
2005;2;770.6;Libre;27;Lugo;Galicia;12
2005;3;813.3;Libre;27;Lugo;Galicia;12
2005;4;909.3;Libre;27;Lugo;Galicia;12
2006;1;986.7;Libre;27;Lugo;Galicia;12
2006;2;1060.4;Libre;27;Lugo;Galicia;12
2006;3;1064.6;Libre;27;Lugo;Galicia;12
2006;4;1077.2;Libre;27;Lugo;Galicia;12
2007;1;1086.4;Libre;27;Lugo;Galicia;12
2007;2;1128.2;Libre;27;Lugo;Galicia;12
2007;3;1118.2;Libre;27;Lugo;Galicia;12
2007;4;1136.6;Libre;27;Lugo;Galicia;12
2008;1;1149.2;Libre;27;Lugo;Galicia;12
2008;2;1148.3;Libre;27;Lugo;Galicia;12
2008;3;1121.5;Libre;27;Lugo;Galicia;12
2008;4;1089.7;Libre;27;Lugo;Galicia;12
2009;1;1087.2;Libre;27;Lugo;Galicia;12
2009;2;1073.1;Libre;27;Lugo;Galicia;12
2009;3;1026.9;Libre;27;Lugo;Galicia;12
2009;4;1002.6;Libre;27;Lugo;Galicia;12
2010;1;1018.6;Libre;27;Lugo;Galicia;12
2010;2;1061.6;Libre;27;Lugo;Galicia;12
2010;3;1059.6;Libre;27;Lugo;Galicia;12
2010;4;1075.6;Libre;27;Lugo;Galicia;12
2011;1;1043.6;Libre;27;Lugo;Galicia;12
2011;2;1101;Libre;27;Lugo;Galicia;12
2011;3;1054.8;Libre;27;Lugo;Galicia;12
2011;4;1048.5;Libre;27;Lugo;Galicia;12
2012;1;988.6;Libre;27;Lugo;Galicia;12
2012;2;966.9;Libre;27;Lugo;Galicia;12
2012;3;890.5;Libre;27;Lugo;Galicia;12
2012;4;874.5;Libre;27;Lugo;Galicia;12
2013;1;906;Libre;27;Lugo;Galicia;12
2013;2;912.3;Libre;27;Lugo;Galicia;12
2013;3;874.9;Libre;27;Lugo;Galicia;12
2013;4;844.3;Libre;27;Lugo;Galicia;12
2014;1;813.8;Libre;27;Lugo;Galicia;12
2014;2;812.2;Libre;27;Lugo;Galicia;12
2014;3;820.7;Libre;27;Lugo;Galicia;12
2014;4;810;Libre;27;Lugo;Galicia;12
2015;1;815.8;Libre;27;Lugo;Galicia;12
2015;2;849.1;Libre;27;Lugo;Galicia;12
2015;3;825.3;Libre;27;Lugo;Galicia;12
2015;4;827.4;Libre;27;Lugo;Galicia;12
2016;1;851.7;Libre;27;Lugo;Galicia;12
2016;2;877.7;Libre;27;Lugo;Galicia;12
2016;3;856.5;Libre;27;Lugo;Galicia;12
2016;4;840.6;Libre;27;Lugo;Galicia;12
2017;1;835.7;Libre;27;Lugo;Galicia;12
2017;2;852.5;Libre;27;Lugo;Galicia;12
2017;3;856;Libre;27;Lugo;Galicia;12
2017;4;860.7;Libre;27;Lugo;Galicia;12
2018;1;871.2;Libre;27;Lugo;Galicia;12
2018;2;876.1;Libre;27;Lugo;Galicia;12
2018;3;891.8;Libre;27;Lugo;Galicia;12
2018;4;859.6;Libre;27;Lugo;Galicia;12
2019;1;832.5;Libre;27;Lugo;Galicia;12
2019;2;850.3;Libre;27;Lugo;Galicia;12
2019;3;870.8;Libre;27;Lugo;Galicia;12
2019;4;844.9;Libre;27;Lugo;Galicia;12
2020;1;840;Libre;27;Lugo;Galicia;12
2020;2;838.3;Libre;27;Lugo;Galicia;12
2020;3;854.2;Libre;27;Lugo;Galicia;12
2020;4;869.9;Libre;27;Lugo;Galicia;12
2021;1;854;Libre;27;Lugo;Galicia;12
2021;2;876;Libre;27;Lugo;Galicia;12
2021;3;880.7;Libre;27;Lugo;Galicia;12
2021;4;892;Libre;27;Lugo;Galicia;12
2022;1;887.3;Libre;27;Lugo;Galicia;12
2022;2;911.5;Libre;27;Lugo;Galicia;12
2022;3;900.6;Libre;27;Lugo;Galicia;12
2022;4;881.7;Libre;27;Lugo;Galicia;12
2023;1;915.5;Libre;27;Lugo;Galicia;12
2023;2;928.3;Libre;27;Lugo;Galicia;12
2023;3;961.9;Libre;27;Lugo;Galicia;12
2023;4;948.4;Libre;27;Lugo;Galicia;12
2024;1;970.9;Libre;27;Lugo;Galicia;12
2024;2;955.9;Libre;27;Lugo;Galicia;12
2024;3;986.9;Libre;27;Lugo;Galicia;12
2024;4;996.4;Libre;27;Lugo;Galicia;12
2025;1;1027.7;Libre;27;Lugo;Galicia;12
2025;2;1075;Libre;27;Lugo;Galicia;12
2025;3;1084.4;Libre;27;Lugo;Galicia;12
2025;4;1100.6;Libre;27;Lugo;Galicia;12
2026;1;1146.4;Libre;27;Lugo;Galicia;12
2026;2;1173.4;Libre;27;Lugo;Galicia;12
2005;1;825.9;Protegida;15;Coruña, A;Galicia;12
2005;2;821.7;Protegida;15;Coruña, A;Galicia;12
2005;3;845;Protegida;15;Coruña, A;Galicia;12
2005;4;887.8;Protegida;15;Coruña, A;Galicia;12
2006;1;897.6;Protegida;15;Coruña, A;Galicia;12
2006;2;938.2;Protegida;15;Coruña, A;Galicia;12
2006;3;944.3;Protegida;15;Coruña, A;Galicia;12
2006;4;950.7;Protegida;15;Coruña, A;Galicia;12
2007;1;967.6;Protegida;15;Coruña, A;Galicia;12
2007;2;991.2;Protegida;15;Coruña, A;Galicia;12
2007;3;1011.4;Protegida;15;Coruña, A;Galicia;12
2007;4;1047.9;Protegida;15;Coruña, A;Galicia;12
2008;1;1049;Protegida;15;Coruña, A;Galicia;12
2008;2;1085.4;Protegida;15;Coruña, A;Galicia;12
2008;3;1104.54;Protegida;15;Coruña, A;Galicia;12
2008;4;1089.6;Protegida;15;Coruña, A;Galicia;12
2009;1;1080.7;Protegida;15;Coruña, A;Galicia;12
2009;2;1078.3;Protegida;15;Coruña, A;Galicia;12
2009;3;1071.3;Protegida;15;Coruña, A;Galicia;12
2009;4;1065.8;Protegida;15;Coruña, A;Galicia;12
2010;1;1085.7;Protegida;15;Coruña, A;Galicia;12
2010;2;1094.3;Protegida;15;Coruña, A;Galicia;12
2010;3;1076.2;Protegida;15;Coruña, A;Galicia;12
2010;4;1088.1;Protegida;15;Coruña, A;Galicia;12
2011;1;1115.3;Protegida;15;Coruña, A;Galicia;12
2011;2;1126.2;Protegida;15;Coruña, A;Galicia;12
2011;3;1127.8;Protegida;15;Coruña, A;Galicia;12
2011;4;1160.7;Protegida;15;Coruña, A;Galicia;12
2012;1;1180.9;Protegida;15;Coruña, A;Galicia;12
2012;2;1190.9;Protegida;15;Coruña, A;Galicia;12
2012;4;1138.9;Protegida;15;Coruña, A;Galicia;12
2013;1;1103.2;Protegida;15;Coruña, A;Galicia;12
2013;2;1059.8;Protegida;15;Coruña, A;Galicia;12
2013;3;1028.2;Protegida;15;Coruña, A;Galicia;12
2013;4;1012.3;Protegida;15;Coruña, A;Galicia;12
2014;1;1017.7;Protegida;15;Coruña, A;Galicia;12
2014;2;992.5;Protegida;15;Coruña, A;Galicia;12
2014;3;971.1;Protegida;15;Coruña, A;Galicia;12
2014;4;978.7;Protegida;15;Coruña, A;Galicia;12
2015;1;961.1;Protegida;15;Coruña, A;Galicia;12
2015;2;937.9;Protegida;15;Coruña, A;Galicia;12
2015;3;952.2;Protegida;15;Coruña, A;Galicia;12
2015;4;949.6;Protegida;15;Coruña, A;Galicia;12
2016;1;978.6;Protegida;15;Coruña, A;Galicia;12
2016;2;976.5;Protegida;15;Coruña, A;Galicia;12
2016;3;968.6;Protegida;15;Coruña, A;Galicia;12
2016;4;991.2;Protegida;15;Coruña, A;Galicia;12
2017;1;999.1;Protegida;15;Coruña, A;Galicia;12
2017;2;990.1;Protegida;15;Coruña, A;Galicia;12
2017;3;1002.3;Protegida;15;Coruña, A;Galicia;12
2017;4;981.2;Protegida;15;Coruña, A;Galicia;12
2018;1;988.1;Protegida;15;Coruña, A;Galicia;12
2018;2;964.6;Protegida;15;Coruña, A;Galicia;12
2018;3;987.7;Protegida;15;Coruña, A;Galicia;12
2018;4;980;Protegida;15;Coruña, A;Galicia;12
2019;1;967.8;Protegida;15;Coruña, A;Galicia;12
2019;2;958.4;Protegida;15;Coruña, A;Galicia;12
2019;3;972.5;Protegida;15;Coruña, A;Galicia;12
2019;4;968;Protegida;15;Coruña, A;Galicia;12
2020;1;967.1;Protegida;15;Coruña, A;Galicia;12
2020;2;990.5;Protegida;15;Coruña, A;Galicia;12
2020;3;984.6;Protegida;15;Coruña, A;Galicia;12
2020;4;985.4;Protegida;15;Coruña, A;Galicia;12
2021;1;993.3;Protegida;15;Coruña, A;Galicia;12
2021;2;986.8;Protegida;15;Coruña, A;Galicia;12
2021;3;1014.9;Protegida;15;Coruña, A;Galicia;12
2021;4;1039.4;Protegida;15;Coruña, A;Galicia;12
2022;1;1055.7;Protegida;15;Coruña, A;Galicia;12
2022;2;1070.5;Protegida;15;Coruña, A;Galicia;12
2022;3;1078.7;Protegida;15;Coruña, A;Galicia;12
2022;4;1105.5;Protegida;15;Coruña, A;Galicia;12
2023;1;1108.2;Protegida;15;Coruña, A;Galicia;12
2023;2;1139.3;Protegida;15;Coruña, A;Galicia;12
2023;3;1122.4;Protegida;15;Coruña, A;Galicia;12
2023;4;1140.9;Protegida;15;Coruña, A;Galicia;12
2024;1;1133;Protegida;15;Coruña, A;Galicia;12
2024;2;1115.4;Protegida;15;Coruña, A;Galicia;12
2024;3;1122.1;Protegida;15;Coruña, A;Galicia;12
2024;4;1122.8;Protegida;15;Coruña, A;Galicia;12
2025;1;1117;Protegida;15;Coruña, A;Galicia;12
2025;2;1135.1;Protegida;15;Coruña, A;Galicia;12
2025;3;1138.1;Protegida;15;Coruña, A;Galicia;12
2025;4;1136.8;Protegida;15;Coruña, A;Galicia;12
2026;1;1162.1;Protegida;15;Coruña, A;Galicia;12
2026;2;1207;Protegida;15;Coruña, A;Galicia;12
1995;1;650.9;Libre;15;Coruña, A;Galicia;12
1995;2;713.8;Libre;15;Coruña, A;Galicia;12
1995;3;659.1;Libre;15;Coruña, A;Galicia;12
1995;4;689.3;Libre;15;Coruña, A;Galicia;12
1996;1;662.5;Libre;15;Coruña, A;Galicia;12
1996;2;687;Libre;15;Coruña, A;Galicia;12
1996;3;681.2;Libre;15;Coruña, A;Galicia;12
1996;4;713.8;Libre;15;Coruña, A;Galicia;12
1997;1;663.7;Libre;15;Coruña, A;Galicia;12
1997;2;650.9;Libre;15;Coruña, A;Galicia;12
1997;3;657.9;Libre;15;Coruña, A;Galicia;12
1997;4;690.5;Libre;15;Coruña, A;Galicia;12
1998;1;711.4;Libre;15;Coruña, A;Galicia;12
1998;2;708;Libre;15;Coruña, A;Galicia;12
1998;3;713.8;Libre;15;Coruña, A;Galicia;12
1998;4;723.1;Libre;15;Coruña, A;Galicia;12
1999;1;698.6;Libre;15;Coruña, A;Galicia;12
1999;2;695.1;Libre;15;Coruña, A;Galicia;12
1999;3;704.5;Libre;15;Coruña, A;Galicia;12
1999;4;709.1;Libre;15;Coruña, A;Galicia;12
2000;1;725.4;Libre;15;Coruña, A;Galicia;12
2000;2;745.2;Libre;15;Coruña, A;Galicia;12
2000;3;767.3;Libre;15;Coruña, A;Galicia;12
2000;4;791.8;Libre;15;Coruña, A;Galicia;12
2001;1;806.9;Libre;15;Coruña, A;Galicia;12
2001;2;803.4;Libre;15;Coruña, A;Galicia;12
2001;3;813.9;Libre;15;Coruña, A;Galicia;12
2001;4;819.7;Libre;15;Coruña, A;Galicia;12
2002;1;790.6;Libre;15;Coruña, A;Galicia;12
2002;2;827.9;Libre;15;Coruña, A;Galicia;12
2002;3;888.4;Libre;15;Coruña, A;Galicia;12
2002;4;909.4;Libre;15;Coruña, A;Galicia;12
2003;1;939.7;Libre;15;Coruña, A;Galicia;12
2003;2;946.7;Libre;15;Coruña, A;Galicia;12
2003;3;983.9;Libre;15;Coruña, A;Galicia;12
2003;4;1023.5;Libre;15;Coruña, A;Galicia;12
2004;1;1036.3;Libre;15;Coruña, A;Galicia;12
2004;2;1077.1;Libre;15;Coruña, A;Galicia;12
2004;3;1130.6;Libre;15;Coruña, A;Galicia;12
2004;4;1157.4;Libre;15;Coruña, A;Galicia;12
2005;1;1164.4;Libre;15;Coruña, A;Galicia;12
2005;2;1200.5;Libre;15;Coruña, A;Galicia;12
2005;3;1233.1;Libre;15;Coruña, A;Galicia;12
2005;4;1270.1;Libre;15;Coruña, A;Galicia;12
2006;1;1297.1;Libre;15;Coruña, A;Galicia;12
2006;2;1397.3;Libre;15;Coruña, A;Galicia;12
2006;3;1429.9;Libre;15;Coruña, A;Galicia;12
2006;4;1460.5;Libre;15;Coruña, A;Galicia;12
2007;1;1481.1;Libre;15;Coruña, A;Galicia;12
2007;2;1519.5;Libre;15;Coruña, A;Galicia;12
2007;3;1506.7;Libre;15;Coruña, A;Galicia;12
2007;4;1546.5;Libre;15;Coruña, A;Galicia;12
2008;1;1578.8;Libre;15;Coruña, A;Galicia;12
2008;2;1589.4;Libre;15;Coruña, A;Galicia;12
2008;3;1563.1;Libre;15;Coruña, A;Galicia;12
2008;4;1497.1;Libre;15;Coruña, A;Galicia;12
2009;1;1488.1;Libre;15;Coruña, A;Galicia;12
2009;2;1427.6;Libre;15;Coruña, A;Galicia;12
2009;3;1383.3;Libre;15;Coruña, A;Galicia;12
2009;4;1432.2;Libre;15;Coruña, A;Galicia;12
2010;1;1433.4;Libre;15;Coruña, A;Galicia;12
2010;2;1453.2;Libre;15;Coruña, A;Galicia;12
2010;3;1427.2;Libre;15;Coruña, A;Galicia;12
2010;4;1473.3;Libre;15;Coruña, A;Galicia;12
2011;1;1426.7;Libre;15;Coruña, A;Galicia;12
2011;2;1413.9;Libre;15;Coruña, A;Galicia;12
2011;3;1395.5;Libre;15;Coruña, A;Galicia;12
2011;4;1371.8;Libre;15;Coruña, A;Galicia;12
2012;1;1322.4;Libre;15;Coruña, A;Galicia;12
2012;2;1360.7;Libre;15;Coruña, A;Galicia;12
2012;3;1326.7;Libre;15;Coruña, A;Galicia;12
2012;4;1247.1;Libre;15;Coruña, A;Galicia;12
2013;1;1220.9;Libre;15;Coruña, A;Galicia;12
2013;2;1228.2;Libre;15;Coruña, A;Galicia;12
2013;3;1191.4;Libre;15;Coruña, A;Galicia;12
2013;4;1216.4;Libre;15;Coruña, A;Galicia;12
2014;1;1203.7;Libre;15;Coruña, A;Galicia;12
2014;2;1177.9;Libre;15;Coruña, A;Galicia;12
2014;3;1165.3;Libre;15;Coruña, A;Galicia;12
2014;4;1192.3;Libre;15;Coruña, A;Galicia;12
2015;1;1179.9;Libre;15;Coruña, A;Galicia;12
2015;2;1188.9;Libre;15;Coruña, A;Galicia;12
2015;3;1203.1;Libre;15;Coruña, A;Galicia;12
2015;4;1208.3;Libre;15;Coruña, A;Galicia;12
2016;1;1239.1;Libre;15;Coruña, A;Galicia;12
2016;2;1210.9;Libre;15;Coruña, A;Galicia;12
2016;3;1221.9;Libre;15;Coruña, A;Galicia;12
2016;4;1210.6;Libre;15;Coruña, A;Galicia;12
2017;1;1216.9;Libre;15;Coruña, A;Galicia;12
2017;2;1225.9;Libre;15;Coruña, A;Galicia;12
2017;3;1231.5;Libre;15;Coruña, A;Galicia;12
2017;4;1217;Libre;15;Coruña, A;Galicia;12
2018;1;1221.9;Libre;15;Coruña, A;Galicia;12
2018;2;1224.4;Libre;15;Coruña, A;Galicia;12
2018;3;1197.6;Libre;15;Coruña, A;Galicia;12
2018;4;1225.4;Libre;15;Coruña, A;Galicia;12
2019;1;1224;Libre;15;Coruña, A;Galicia;12
2019;2;1242.3;Libre;15;Coruña, A;Galicia;12
2019;3;1228.6;Libre;15;Coruña, A;Galicia;12
2019;4;1246.9;Libre;15;Coruña, A;Galicia;12
2020;1;1235.9;Libre;15;Coruña, A;Galicia;12
2020;2;1235.9;Libre;15;Coruña, A;Galicia;12
2020;3;1248.5;Libre;15;Coruña, A;Galicia;12
2020;4;1256.9;Libre;15;Coruña, A;Galicia;12
2021;1;1261.1;Libre;15;Coruña, A;Galicia;12
2021;2;1256;Libre;15;Coruña, A;Galicia;12
2021;3;1275;Libre;15;Coruña, A;Galicia;12
2021;4;1267.9;Libre;15;Coruña, A;Galicia;12
2022;1;1271.7;Libre;15;Coruña, A;Galicia;12
2022;2;1300.1;Libre;15;Coruña, A;Galicia;12
2022;3;1313.6;Libre;15;Coruña, A;Galicia;12
2022;4;1308;Libre;15;Coruña, A;Galicia;12
2023;1;1334.7;Libre;15;Coruña, A;Galicia;12
2023;2;1344.1;Libre;15;Coruña, A;Galicia;12
2023;3;1347;Libre;15;Coruña, A;Galicia;12
2023;4;1360.1;Libre;15;Coruña, A;Galicia;12
2024;1;1386.7;Libre;15;Coruña, A;Galicia;12
2024;2;1398.6;Libre;15;Coruña, A;Galicia;12
2024;3;1445.3;Libre;15;Coruña, A;Galicia;12
2024;4;1448.8;Libre;15;Coruña, A;Galicia;12
2025;1;1503.3;Libre;15;Coruña, A;Galicia;12
2025;2;1562.8;Libre;15;Coruña, A;Galicia;12
2025;3;1589.4;Libre;15;Coruña, A;Galicia;12
2025;4;1631.6;Libre;15;Coruña, A;Galicia;12
2026;1;1710.7;Libre;15;Coruña, A;Galicia;12
2026;2;1749.5;Libre;15;Coruña, A;Galicia;12
2005;1;891;Protegida;36;Pontevedra;Galicia;12
2005;2;882.5;Protegida;36;Pontevedra;Galicia;12
2005;3;937.8;Protegida;36;Pontevedra;Galicia;12
2005;4;960.5;Protegida;36;Pontevedra;Galicia;12
2006;1;1004.1;Protegida;36;Pontevedra;Galicia;12
2006;2;1048.7;Protegida;36;Pontevedra;Galicia;12
2006;3;986.8;Protegida;36;Pontevedra;Galicia;12
2006;4;1007.9;Protegida;36;Pontevedra;Galicia;12
2007;1;993.3;Protegida;36;Pontevedra;Galicia;12
2007;2;1019.2;Protegida;36;Pontevedra;Galicia;12
2007;3;1032;Protegida;36;Pontevedra;Galicia;12
2007;4;1031.2;Protegida;36;Pontevedra;Galicia;12
2008;1;1051.6;Protegida;36;Pontevedra;Galicia;12
2008;2;1073.2;Protegida;36;Pontevedra;Galicia;12
2008;3;1069.6;Protegida;36;Pontevedra;Galicia;12
2008;4;1092;Protegida;36;Pontevedra;Galicia;12
2009;1;1084.3;Protegida;36;Pontevedra;Galicia;12
2009;2;1052.7;Protegida;36;Pontevedra;Galicia;12
2009;3;1066.3;Protegida;36;Pontevedra;Galicia;12
2009;4;1068.6;Protegida;36;Pontevedra;Galicia;12
2010;1;1065.3;Protegida;36;Pontevedra;Galicia;12
2010;2;1093.1;Protegida;36;Pontevedra;Galicia;12
2010;3;1099.8;Protegida;36;Pontevedra;Galicia;12
2010;4;1117.6;Protegida;36;Pontevedra;Galicia;12
2011;1;1096.6;Protegida;36;Pontevedra;Galicia;12
2011;2;1090;Protegida;36;Pontevedra;Galicia;12
2011;3;1074.7;Protegida;36;Pontevedra;Galicia;12
2011;4;1080.7;Protegida;36;Pontevedra;Galicia;12
2012;1;1114.4;Protegida;36;Pontevedra;Galicia;12
2012;2;1084.9;Protegida;36;Pontevedra;Galicia;12
2013;1;975;Protegida;36;Pontevedra;Galicia;12
2013;2;970.7;Protegida;36;Pontevedra;Galicia;12
2013;4;957.7;Protegida;36;Pontevedra;Galicia;12
2014;1;940.6;Protegida;36;Pontevedra;Galicia;12
2014;2;922.1;Protegida;36;Pontevedra;Galicia;12
2014;3;922.5;Protegida;36;Pontevedra;Galicia;12
2014;4;936.6;Protegida;36;Pontevedra;Galicia;12
2015;1;919.1;Protegida;36;Pontevedra;Galicia;12
2015;2;893.6;Protegida;36;Pontevedra;Galicia;12
2015;3;925.7;Protegida;36;Pontevedra;Galicia;12
2015;4;932.5;Protegida;36;Pontevedra;Galicia;12
2016;1;917.5;Protegida;36;Pontevedra;Galicia;12
2016;2;952.1;Protegida;36;Pontevedra;Galicia;12
2016;3;941.1;Protegida;36;Pontevedra;Galicia;12
2016;4;960.8;Protegida;36;Pontevedra;Galicia;12
2017;1;960.7;Protegida;36;Pontevedra;Galicia;12
2017;2;957.6;Protegida;36;Pontevedra;Galicia;12
2017;3;951.5;Protegida;36;Pontevedra;Galicia;12
2017;4;967.3;Protegida;36;Pontevedra;Galicia;12
2018;1;942;Protegida;36;Pontevedra;Galicia;12
2018;2;947;Protegida;36;Pontevedra;Galicia;12
2018;3;935.1;Protegida;36;Pontevedra;Galicia;12
2018;4;929.3;Protegida;36;Pontevedra;Galicia;12
2019;1;933.5;Protegida;36;Pontevedra;Galicia;12
2019;2;936.2;Protegida;36;Pontevedra;Galicia;12
2019;3;953.7;Protegida;36;Pontevedra;Galicia;12
2019;4;951.7;Protegida;36;Pontevedra;Galicia;12
2020;1;929.5;Protegida;36;Pontevedra;Galicia;12
2020;2;954;Protegida;36;Pontevedra;Galicia;12
2020;3;970.7;Protegida;36;Pontevedra;Galicia;12
2020;4;958.3;Protegida;36;Pontevedra;Galicia;12
2021;1;988.4;Protegida;36;Pontevedra;Galicia;12
2021;2;974.4;Protegida;36;Pontevedra;Galicia;12
2021;3;1000.4;Protegida;36;Pontevedra;Galicia;12
2021;4;1030.7;Protegida;36;Pontevedra;Galicia;12
2022;1;1037.8;Protegida;36;Pontevedra;Galicia;12
2022;2;1030.8;Protegida;36;Pontevedra;Galicia;12
2022;3;1041.1;Protegida;36;Pontevedra;Galicia;12
2022;4;1077.2;Protegida;36;Pontevedra;Galicia;12
2023;1;1064.8;Protegida;36;Pontevedra;Galicia;12
2023;2;1094.1;Protegida;36;Pontevedra;Galicia;12
2023;3;1078.9;Protegida;36;Pontevedra;Galicia;12
2023;4;1098.2;Protegida;36;Pontevedra;Galicia;12
2024;1;1081.4;Protegida;36;Pontevedra;Galicia;12
2024;2;1106.6;Protegida;36;Pontevedra;Galicia;12
2024;3;1088.9;Protegida;36;Pontevedra;Galicia;12
2024;4;1104.9;Protegida;36;Pontevedra;Galicia;12
2025;1;1099.7;Protegida;36;Pontevedra;Galicia;12
2025;2;1118.2;Protegida;36;Pontevedra;Galicia;12
2025;3;1111.6;Protegida;36;Pontevedra;Galicia;12
2025;4;1098.3;Protegida;36;Pontevedra;Galicia;12
2026;1;1131.8;Protegida;36;Pontevedra;Galicia;12
2026;2;1131.6;Protegida;36;Pontevedra;Galicia;12
1995;1;575.5;Libre;36;Pontevedra;Galicia;12
1995;2;583;Libre;36;Pontevedra;Galicia;12
1995;3;595.4;Libre;36;Pontevedra;Galicia;12
1995;4;596.7;Libre;36;Pontevedra;Galicia;12
1996;1;571.7;Libre;36;Pontevedra;Galicia;12
1996;2;560.5;Libre;36;Pontevedra;Galicia;12
1996;3;571.7;Libre;36;Pontevedra;Galicia;12
1996;4;591.7;Libre;36;Pontevedra;Galicia;12
1997;1;587.9;Libre;36;Pontevedra;Galicia;12
1997;2;616.7;Libre;36;Pontevedra;Galicia;12
1997;3;604.2;Libre;36;Pontevedra;Galicia;12
1997;4;591.7;Libre;36;Pontevedra;Galicia;12
1998;1;600.4;Libre;36;Pontevedra;Galicia;12
1998;2;621.7;Libre;36;Pontevedra;Galicia;12
1998;3;630.4;Libre;36;Pontevedra;Galicia;12
1998;4;645.4;Libre;36;Pontevedra;Galicia;12
1999;1;655.4;Libre;36;Pontevedra;Galicia;12
1999;2;656.6;Libre;36;Pontevedra;Galicia;12
1999;3;667.8;Libre;36;Pontevedra;Galicia;12
1999;4;680.3;Libre;36;Pontevedra;Galicia;12
2000;1;692.8;Libre;36;Pontevedra;Galicia;12
2000;2;727.8;Libre;36;Pontevedra;Galicia;12
2000;3;754;Libre;36;Pontevedra;Galicia;12
2000;4;749;Libre;36;Pontevedra;Galicia;12
2001;1;770.2;Libre;36;Pontevedra;Galicia;12
2001;2;793.9;Libre;36;Pontevedra;Galicia;12
2001;3;827.6;Libre;36;Pontevedra;Galicia;12
2001;4;838.9;Libre;36;Pontevedra;Galicia;12
2002;1;840.1;Libre;36;Pontevedra;Galicia;12
2002;2;911.3;Libre;36;Pontevedra;Galicia;12
2002;3;950;Libre;36;Pontevedra;Galicia;12
2002;4;951.2;Libre;36;Pontevedra;Galicia;12
2003;1;953.7;Libre;36;Pontevedra;Galicia;12
2003;2;971.2;Libre;36;Pontevedra;Galicia;12
2003;3;1041.1;Libre;36;Pontevedra;Galicia;12
2003;4;1058.6;Libre;36;Pontevedra;Galicia;12
2004;1;1084.8;Libre;36;Pontevedra;Galicia;12
2004;2;1114.7;Libre;36;Pontevedra;Galicia;12
2004;3;1182.1;Libre;36;Pontevedra;Galicia;12
2004;4;1194.6;Libre;36;Pontevedra;Galicia;12
2005;1;1248.3;Libre;36;Pontevedra;Galicia;12
2005;2;1314.5;Libre;36;Pontevedra;Galicia;12
2005;3;1398.1;Libre;36;Pontevedra;Galicia;12
2005;4;1428.9;Libre;36;Pontevedra;Galicia;12
2006;1;1468;Libre;36;Pontevedra;Galicia;12
2006;2;1561.6;Libre;36;Pontevedra;Galicia;12
2006;3;1589.1;Libre;36;Pontevedra;Galicia;12
2006;4;1607.8;Libre;36;Pontevedra;Galicia;12
2007;1;1631.5;Libre;36;Pontevedra;Galicia;12
2007;2;1682.7;Libre;36;Pontevedra;Galicia;12
2007;3;1710.2;Libre;36;Pontevedra;Galicia;12
2007;4;1731.4;Libre;36;Pontevedra;Galicia;12
2008;1;1755.9;Libre;36;Pontevedra;Galicia;12
2008;2;1680;Libre;36;Pontevedra;Galicia;12
2008;3;1725.1;Libre;36;Pontevedra;Galicia;12
2008;4;1660.5;Libre;36;Pontevedra;Galicia;12
2009;1;1619;Libre;36;Pontevedra;Galicia;12
2009;2;1610.4;Libre;36;Pontevedra;Galicia;12
2009;3;1681.5;Libre;36;Pontevedra;Galicia;12
2009;4;1666.5;Libre;36;Pontevedra;Galicia;12
2010;1;1591.6;Libre;36;Pontevedra;Galicia;12
2010;2;1580.4;Libre;36;Pontevedra;Galicia;12
2010;3;1589.1;Libre;36;Pontevedra;Galicia;12
2010;4;1601.6;Libre;36;Pontevedra;Galicia;12
2011;1;1522.9;Libre;36;Pontevedra;Galicia;12
2011;2;1455.9;Libre;36;Pontevedra;Galicia;12
2011;3;1495.1;Libre;36;Pontevedra;Galicia;12
2011;4;1454.7;Libre;36;Pontevedra;Galicia;12
2012;1;1361.1;Libre;36;Pontevedra;Galicia;12
2012;2;1312.1;Libre;36;Pontevedra;Galicia;12
2012;3;1268.8;Libre;36;Pontevedra;Galicia;12
2012;4;1230.7;Libre;36;Pontevedra;Galicia;12
2013;1;1262.7;Libre;36;Pontevedra;Galicia;12
2013;2;1255.1;Libre;36;Pontevedra;Galicia;12
2013;3;1278.9;Libre;36;Pontevedra;Galicia;12
2013;4;1278.9;Libre;36;Pontevedra;Galicia;12
2014;1;1264;Libre;36;Pontevedra;Galicia;12
2014;2;1250.1;Libre;36;Pontevedra;Galicia;12
2014;3;1233.1;Libre;36;Pontevedra;Galicia;12
2014;4;1235.8;Libre;36;Pontevedra;Galicia;12
2015;1;1209.6;Libre;36;Pontevedra;Galicia;12
2015;2;1226.6;Libre;36;Pontevedra;Galicia;12
2015;3;1214.4;Libre;36;Pontevedra;Galicia;12
2015;4;1216.7;Libre;36;Pontevedra;Galicia;12
2016;1;1222.6;Libre;36;Pontevedra;Galicia;12
2016;2;1242.9;Libre;36;Pontevedra;Galicia;12
2016;3;1209.9;Libre;36;Pontevedra;Galicia;12
2016;4;1242.2;Libre;36;Pontevedra;Galicia;12
2017;1;1225.9;Libre;36;Pontevedra;Galicia;12
2017;2;1216.2;Libre;36;Pontevedra;Galicia;12
2017;3;1245.1;Libre;36;Pontevedra;Galicia;12
2017;4;1228.8;Libre;36;Pontevedra;Galicia;12
2018;1;1223.6;Libre;36;Pontevedra;Galicia;12
2018;2;1248.1;Libre;36;Pontevedra;Galicia;12
2018;3;1229.5;Libre;36;Pontevedra;Galicia;12
2018;4;1254.3;Libre;36;Pontevedra;Galicia;12
2019;1;1252.8;Libre;36;Pontevedra;Galicia;12
2019;2;1262.8;Libre;36;Pontevedra;Galicia;12
2019;3;1264.4;Libre;36;Pontevedra;Galicia;12
2019;4;1269.7;Libre;36;Pontevedra;Galicia;12
2020;1;1268.9;Libre;36;Pontevedra;Galicia;12
2020;2;1243.6;Libre;36;Pontevedra;Galicia;12
2020;3;1271.1;Libre;36;Pontevedra;Galicia;12
2020;4;1265.4;Libre;36;Pontevedra;Galicia;12
2021;1;1288.8;Libre;36;Pontevedra;Galicia;12
2021;2;1276.7;Libre;36;Pontevedra;Galicia;12
2021;3;1270.2;Libre;36;Pontevedra;Galicia;12
2021;4;1302.9;Libre;36;Pontevedra;Galicia;12
2022;1;1331.4;Libre;36;Pontevedra;Galicia;12
2022;2;1368.1;Libre;36;Pontevedra;Galicia;12
2022;3;1360.6;Libre;36;Pontevedra;Galicia;12
2022;4;1344.2;Libre;36;Pontevedra;Galicia;12
2023;1;1376.6;Libre;36;Pontevedra;Galicia;12
2023;2;1380;Libre;36;Pontevedra;Galicia;12
2023;3;1404.2;Libre;36;Pontevedra;Galicia;12
2023;4;1423.3;Libre;36;Pontevedra;Galicia;12
2024;1;1457.7;Libre;36;Pontevedra;Galicia;12
2024;2;1464;Libre;36;Pontevedra;Galicia;12
2024;3;1506.9;Libre;36;Pontevedra;Galicia;12
2024;4;1517.8;Libre;36;Pontevedra;Galicia;12
2025;1;1564.8;Libre;36;Pontevedra;Galicia;12
2025;2;1620.2;Libre;36;Pontevedra;Galicia;12
2025;3;1660.4;Libre;36;Pontevedra;Galicia;12
2025;4;1701.8;Libre;36;Pontevedra;Galicia;12
2026;1;1784.5;Libre;36;Pontevedra;Galicia;12
2026;2;1825.8;Libre;36;Pontevedra;Galicia;12
2005;1;1058.7;Protegida;17;Girona;Cataluña;9
2006;1;1068.5;Protegida;17;Girona;Cataluña;9
2007;1;1094.5;Protegida;17;Girona;Cataluña;9
2008;1;1184.8;Protegida;17;Girona;Cataluña;9
2009;1;1112.8;Protegida;17;Girona;Cataluña;9
2010;1;1108.4;Protegida;17;Girona;Cataluña;9
2011;1;1174.7;Protegida;17;Girona;Cataluña;9
2012;1;1191.1;Protegida;17;Girona;Cataluña;9
2014;1;1207.4;Protegida;17;Girona;Cataluña;9
2015;1;1195.1;Protegida;17;Girona;Cataluña;9
2016;1;1212.2;Protegida;17;Girona;Cataluña;9
2017;1;1239.4;Protegida;17;Girona;Cataluña;9
2018;1;1232.2;Protegida;17;Girona;Cataluña;9
2019;1;1203.5;Protegida;17;Girona;Cataluña;9
2020;1;1230.9;Protegida;17;Girona;Cataluña;9
2021;1;1204.5;Protegida;17;Girona;Cataluña;9
2022;1;1177.9;Protegida;17;Girona;Cataluña;9
2023;1;1244.3;Protegida;17;Girona;Cataluña;9
2024;1;1204.6;Protegida;17;Girona;Cataluña;9
2025;1;1207.8;Protegida;17;Girona;Cataluña;9
2026;1;1269.8;Protegida;17;Girona;Cataluña;9
2005;2;1039.1;Protegida;17;Girona;Cataluña;9
2006;2;1030.2;Protegida;17;Girona;Cataluña;9
2007;2;1119.1;Protegida;17;Girona;Cataluña;9
2008;2;1169.8;Protegida;17;Girona;Cataluña;9
2009;2;1102.4;Protegida;17;Girona;Cataluña;9
2010;2;1135.3;Protegida;17;Girona;Cataluña;9
2011;2;1207.7;Protegida;17;Girona;Cataluña;9
2013;2;1222.7;Protegida;17;Girona;Cataluña;9
2014;2;1235.7;Protegida;17;Girona;Cataluña;9
2015;2;1190.3;Protegida;17;Girona;Cataluña;9
2016;2;1208.5;Protegida;17;Girona;Cataluña;9
2017;2;1239.9;Protegida;17;Girona;Cataluña;9
2018;2;1208.5;Protegida;17;Girona;Cataluña;9
2019;2;1208;Protegida;17;Girona;Cataluña;9
2020;2;1241.2;Protegida;17;Girona;Cataluña;9
2021;2;1198.5;Protegida;17;Girona;Cataluña;9
2022;2;1201.3;Protegida;17;Girona;Cataluña;9
2023;2;1217.9;Protegida;17;Girona;Cataluña;9
2024;2;1199.7;Protegida;17;Girona;Cataluña;9
2025;2;1229.2;Protegida;17;Girona;Cataluña;9
2026;2;1272;Protegida;17;Girona;Cataluña;9
2005;3;1079.1;Protegida;17;Girona;Cataluña;9
2006;3;1119.9;Protegida;17;Girona;Cataluña;9
2007;3;1124.3;Protegida;17;Girona;Cataluña;9
2008;3;1174;Protegida;17;Girona;Cataluña;9
2009;3;1102.4;Protegida;17;Girona;Cataluña;9
2010;3;1119.4;Protegida;17;Girona;Cataluña;9
2011;3;1190.4;Protegida;17;Girona;Cataluña;9
2014;3;1225.6;Protegida;17;Girona;Cataluña;9
2015;3;1194.2;Protegida;17;Girona;Cataluña;9
2016;3;1185.3;Protegida;17;Girona;Cataluña;9
2017;3;1228.9;Protegida;17;Girona;Cataluña;9
2018;3;1195.2;Protegida;17;Girona;Cataluña;9
2019;3;1222;Protegida;17;Girona;Cataluña;9
2020;3;1227.1;Protegida;17;Girona;Cataluña;9
2021;3;1206.1;Protegida;17;Girona;Cataluña;9
2022;3;1215.5;Protegida;17;Girona;Cataluña;9
2023;3;1211.4;Protegida;17;Girona;Cataluña;9
2024;3;1198.1;Protegida;17;Girona;Cataluña;9
2025;3;1234.1;Protegida;17;Girona;Cataluña;9
2005;4;1080.6;Protegida;17;Girona;Cataluña;9
2006;4;1091.1;Protegida;17;Girona;Cataluña;9
2007;4;1157.2;Protegida;17;Girona;Cataluña;9
2008;4;1174;Protegida;17;Girona;Cataluña;9
2009;4;1098;Protegida;17;Girona;Cataluña;9
2010;4;1149;Protegida;17;Girona;Cataluña;9
2011;4;1203.8;Protegida;17;Girona;Cataluña;9
2014;4;1220.1;Protegida;17;Girona;Cataluña;9
2015;4;1200.7;Protegida;17;Girona;Cataluña;9
2016;4;1197;Protegida;17;Girona;Cataluña;9
2017;4;1218.3;Protegida;17;Girona;Cataluña;9
2018;4;1211.4;Protegida;17;Girona;Cataluña;9
2019;4;1218.8;Protegida;17;Girona;Cataluña;9
2020;4;1221.8;Protegida;17;Girona;Cataluña;9
2021;4;1200.2;Protegida;17;Girona;Cataluña;9
2022;4;1207.1;Protegida;17;Girona;Cataluña;9
2023;4;1228.5;Protegida;17;Girona;Cataluña;9
2024;4;1199.7;Protegida;17;Girona;Cataluña;9
2025;4;1243.2;Protegida;17;Girona;Cataluña;9
1995;4;581.4;Libre;17;Girona;Cataluña;9
1996;4;607.7;Libre;17;Girona;Cataluña;9
1997;4;630.8;Libre;17;Girona;Cataluña;9
1998;4;667;Libre;17;Girona;Cataluña;9
1999;4;754.3;Libre;17;Girona;Cataluña;9
2000;4;861.3;Libre;17;Girona;Cataluña;9
2001;4;961.8;Libre;17;Girona;Cataluña;9
2002;4;1154.5;Libre;17;Girona;Cataluña;9
2003;4;1329;Libre;17;Girona;Cataluña;9
2004;4;1597.5;Libre;17;Girona;Cataluña;9
2005;4;1814.1;Libre;17;Girona;Cataluña;9
2006;4;2054.4;Libre;17;Girona;Cataluña;9
2007;4;2152.5;Libre;17;Girona;Cataluña;9
2008;4;2139.3;Libre;17;Girona;Cataluña;9
2009;4;2038.5;Libre;17;Girona;Cataluña;9
2010;4;1950;Libre;17;Girona;Cataluña;9
2011;4;1851.6;Libre;17;Girona;Cataluña;9
2012;4;1625.4;Libre;17;Girona;Cataluña;9
2013;4;1450;Libre;17;Girona;Cataluña;9
2014;4;1439.7;Libre;17;Girona;Cataluña;9
2015;4;1492.4;Libre;17;Girona;Cataluña;9
2016;4;1492.7;Libre;17;Girona;Cataluña;9
2017;4;1523.6;Libre;17;Girona;Cataluña;9
2018;4;1533.2;Libre;17;Girona;Cataluña;9
2019;4;1550.6;Libre;17;Girona;Cataluña;9
2020;4;1534.9;Libre;17;Girona;Cataluña;9
2021;4;1639.4;Libre;17;Girona;Cataluña;9
2022;4;1671.4;Libre;17;Girona;Cataluña;9
2023;4;1775.9;Libre;17;Girona;Cataluña;9
2024;4;1886.9;Libre;17;Girona;Cataluña;9
2025;4;2083.1;Libre;17;Girona;Cataluña;9
1995;3;583;Libre;17;Girona;Cataluña;9
1996;3;611;Libre;17;Girona;Cataluña;9
1997;3;625.8;Libre;17;Girona;Cataluña;9
1998;3;668.6;Libre;17;Girona;Cataluña;9
1999;3;736.2;Libre;17;Girona;Cataluña;9
2000;3;839.9;Libre;17;Girona;Cataluña;9
2001;3;940.4;Libre;17;Girona;Cataluña;9
2002;3;1115;Libre;17;Girona;Cataluña;9
2003;3;1281.3;Libre;17;Girona;Cataluña;9
2004;3;1531.6;Libre;17;Girona;Cataluña;9
2005;3;1780.3;Libre;17;Girona;Cataluña;9
2006;3;2022.7;Libre;17;Girona;Cataluña;9
2007;3;2136;Libre;17;Girona;Cataluña;9
2008;3;2160.7;Libre;17;Girona;Cataluña;9
2009;3;2005.5;Libre;17;Girona;Cataluña;9
2010;3;1971.5;Libre;17;Girona;Cataluña;9
2011;3;1891.3;Libre;17;Girona;Cataluña;9
2012;3;1655.2;Libre;17;Girona;Cataluña;9
2013;3;1494.8;Libre;17;Girona;Cataluña;9
2014;3;1426.3;Libre;17;Girona;Cataluña;9
2015;3;1461.4;Libre;17;Girona;Cataluña;9
2016;3;1457.9;Libre;17;Girona;Cataluña;9
2017;3;1504;Libre;17;Girona;Cataluña;9
2018;3;1483.1;Libre;17;Girona;Cataluña;9
2019;3;1522.3;Libre;17;Girona;Cataluña;9
2020;3;1536.1;Libre;17;Girona;Cataluña;9
2021;3;1584.8;Libre;17;Girona;Cataluña;9
2022;3;1667.4;Libre;17;Girona;Cataluña;9
2023;3;1762.8;Libre;17;Girona;Cataluña;9
2024;3;1828.1;Libre;17;Girona;Cataluña;9
2025;3;1992;Libre;17;Girona;Cataluña;9
1995;2;584.6;Libre;17;Girona;Cataluña;9
1996;2;594.5;Libre;17;Girona;Cataluña;9
1997;2;622.5;Libre;17;Girona;Cataluña;9
1998;2;658.8;Libre;17;Girona;Cataluña;9
1999;2;736.2;Libre;17;Girona;Cataluña;9
2000;2;815.2;Libre;17;Girona;Cataluña;9
2001;2;928.9;Libre;17;Girona;Cataluña;9
2002;2;1052.4;Libre;17;Girona;Cataluña;9
2003;2;1261.5;Libre;17;Girona;Cataluña;9
2004;2;1465.7;Libre;17;Girona;Cataluña;9
2005;2;1735.8;Libre;17;Girona;Cataluña;9
2006;2;1979.6;Libre;17;Girona;Cataluña;9
2007;2;2119.6;Libre;17;Girona;Cataluña;9
2008;2;2197;Libre;17;Girona;Cataluña;9
2009;2;2029.4;Libre;17;Girona;Cataluña;9
2010;2;2002.6;Libre;17;Girona;Cataluña;9
2011;2;1845.2;Libre;17;Girona;Cataluña;9
2012;2;1706.4;Libre;17;Girona;Cataluña;9
2013;2;1493.3;Libre;17;Girona;Cataluña;9
2014;2;1442.3;Libre;17;Girona;Cataluña;9
2015;2;1452.2;Libre;17;Girona;Cataluña;9
2016;2;1465.5;Libre;17;Girona;Cataluña;9
2017;2;1493.2;Libre;17;Girona;Cataluña;9
2018;2;1492.4;Libre;17;Girona;Cataluña;9
2019;2;1525.3;Libre;17;Girona;Cataluña;9
2020;2;1500.7;Libre;17;Girona;Cataluña;9
2021;2;1580.7;Libre;17;Girona;Cataluña;9
2022;2;1686;Libre;17;Girona;Cataluña;9
2023;2;1751.5;Libre;17;Girona;Cataluña;9
2024;2;1833.6;Libre;17;Girona;Cataluña;9
2025;2;1968.3;Libre;17;Girona;Cataluña;9
2026;2;2162.8;Libre;17;Girona;Cataluña;9
1995;1;581.4;Libre;17;Girona;Cataluña;9
1996;1;596.2;Libre;17;Girona;Cataluña;9
1997;1;612.6;Libre;17;Girona;Cataluña;9
1998;1;640.6;Libre;17;Girona;Cataluña;9
1999;1;701.6;Libre;17;Girona;Cataluña;9
2000;1;783.9;Libre;17;Girona;Cataluña;9
2001;1;902.5;Libre;17;Girona;Cataluña;9
2002;1;998;Libre;17;Girona;Cataluña;9
2003;1;1198.9;Libre;17;Girona;Cataluña;9
2004;1;1366.9;Libre;17;Girona;Cataluña;9
2005;1;1646.9;Libre;17;Girona;Cataluña;9
2006;1;1906.8;Libre;17;Girona;Cataluña;9
2007;1;2089.6;Libre;17;Girona;Cataluña;9
2008;1;2185.3;Libre;17;Girona;Cataluña;9
2009;1;2096.5;Libre;17;Girona;Cataluña;9
2010;1;2025.7;Libre;17;Girona;Cataluña;9
2011;1;1916.1;Libre;17;Girona;Cataluña;9
2012;1;1777.5;Libre;17;Girona;Cataluña;9
2013;1;1560.4;Libre;17;Girona;Cataluña;9
2014;1;1435.5;Libre;17;Girona;Cataluña;9
2015;1;1422.9;Libre;17;Girona;Cataluña;9
2016;1;1471.2;Libre;17;Girona;Cataluña;9
2017;1;1509.6;Libre;17;Girona;Cataluña;9
2018;1;1518;Libre;17;Girona;Cataluña;9
2019;1;1533.2;Libre;17;Girona;Cataluña;9
2020;1;1548.1;Libre;17;Girona;Cataluña;9
2021;1;1527.8;Libre;17;Girona;Cataluña;9
2022;1;1689.6;Libre;17;Girona;Cataluña;9
2023;1;1724.9;Libre;17;Girona;Cataluña;9
2024;1;1800.8;Libre;17;Girona;Cataluña;9
2025;1;1943.3;Libre;17;Girona;Cataluña;9
2026;1;2152.8;Libre;17;Girona;Cataluña;9
2005;1;1158.1;Protegida;25;Lleida;Cataluña;9
2006;1;1143.7;Protegida;25;Lleida;Cataluña;9
2007;1;1134.5;Protegida;25;Lleida;Cataluña;9
2008;1;1162.3;Protegida;25;Lleida;Cataluña;9
2009;1;1129.2;Protegida;25;Lleida;Cataluña;9
2010;1;1106.7;Protegida;25;Lleida;Cataluña;9
2011;1;1179.4;Protegida;25;Lleida;Cataluña;9
2013;1;1166.3;Protegida;25;Lleida;Cataluña;9
2014;1;1149.2;Protegida;25;Lleida;Cataluña;9
2015;1;1173.3;Protegida;25;Lleida;Cataluña;9
2016;1;1182.8;Protegida;25;Lleida;Cataluña;9
2017;1;1254;Protegida;25;Lleida;Cataluña;9
2018;1;1184.7;Protegida;25;Lleida;Cataluña;9
2019;1;1163.1;Protegida;25;Lleida;Cataluña;9
2020;1;1162.1;Protegida;25;Lleida;Cataluña;9
2021;1;1205.8;Protegida;25;Lleida;Cataluña;9
2022;1;1199.7;Protegida;25;Lleida;Cataluña;9
2023;1;1210.6;Protegida;25;Lleida;Cataluña;9
2024;1;1193.9;Protegida;25;Lleida;Cataluña;9
2025;1;1206.7;Protegida;25;Lleida;Cataluña;9
2026;1;1254.8;Protegida;25;Lleida;Cataluña;9
2005;2;1139.8;Protegida;25;Lleida;Cataluña;9
2006;2;1176;Protegida;25;Lleida;Cataluña;9
2007;2;1139.2;Protegida;25;Lleida;Cataluña;9
2008;2;1165.8;Protegida;25;Lleida;Cataluña;9
2009;2;1116.9;Protegida;25;Lleida;Cataluña;9
2010;2;1121.7;Protegida;25;Lleida;Cataluña;9
2011;2;1204.9;Protegida;25;Lleida;Cataluña;9
2013;2;1143.9;Protegida;25;Lleida;Cataluña;9
2014;2;1158;Protegida;25;Lleida;Cataluña;9
2015;2;1179.7;Protegida;25;Lleida;Cataluña;9
2016;2;1191.6;Protegida;25;Lleida;Cataluña;9
2017;2;1249.5;Protegida;25;Lleida;Cataluña;9
2018;2;1152.4;Protegida;25;Lleida;Cataluña;9
2019;2;1154.3;Protegida;25;Lleida;Cataluña;9
2020;2;1185.3;Protegida;25;Lleida;Cataluña;9
2021;2;1196.4;Protegida;25;Lleida;Cataluña;9
2022;2;1218.9;Protegida;25;Lleida;Cataluña;9
2023;2;1194.7;Protegida;25;Lleida;Cataluña;9
2024;2;1205.6;Protegida;25;Lleida;Cataluña;9
2025;2;1220.1;Protegida;25;Lleida;Cataluña;9
2026;2;1241.3;Protegida;25;Lleida;Cataluña;9
2005;3;1135.2;Protegida;25;Lleida;Cataluña;9
2006;3;1110.3;Protegida;25;Lleida;Cataluña;9
2007;3;1142.6;Protegida;25;Lleida;Cataluña;9
2008;3;1174.8;Protegida;25;Lleida;Cataluña;9
2009;3;1115.3;Protegida;25;Lleida;Cataluña;9
2010;3;1149.7;Protegida;25;Lleida;Cataluña;9
2011;3;1177.7;Protegida;25;Lleida;Cataluña;9
2014;3;1193.9;Protegida;25;Lleida;Cataluña;9
2015;3;1182.2;Protegida;25;Lleida;Cataluña;9
2016;3;1219.5;Protegida;25;Lleida;Cataluña;9
2017;3;1226.2;Protegida;25;Lleida;Cataluña;9
2018;3;1191.6;Protegida;25;Lleida;Cataluña;9
2019;3;1125.6;Protegida;25;Lleida;Cataluña;9
2020;3;1198.1;Protegida;25;Lleida;Cataluña;9
2021;3;1201.7;Protegida;25;Lleida;Cataluña;9
2022;3;1193.1;Protegida;25;Lleida;Cataluña;9
2023;3;1185;Protegida;25;Lleida;Cataluña;9
2024;3;1205.2;Protegida;25;Lleida;Cataluña;9
2025;3;1239.1;Protegida;25;Lleida;Cataluña;9
2005;4;1173.7;Protegida;25;Lleida;Cataluña;9
2006;4;1174.1;Protegida;25;Lleida;Cataluña;9
2007;4;1124.6;Protegida;25;Lleida;Cataluña;9
2008;4;1164;Protegida;25;Lleida;Cataluña;9
2009;4;1121.2;Protegida;25;Lleida;Cataluña;9
2010;4;1136.2;Protegida;25;Lleida;Cataluña;9
2013;4;1111.3;Protegida;25;Lleida;Cataluña;9
2014;4;1197.3;Protegida;25;Lleida;Cataluña;9
2015;4;1215.5;Protegida;25;Lleida;Cataluña;9
2016;4;1241.2;Protegida;25;Lleida;Cataluña;9
2017;4;1217.7;Protegida;25;Lleida;Cataluña;9
2018;4;1193.4;Protegida;25;Lleida;Cataluña;9
2019;4;1141;Protegida;25;Lleida;Cataluña;9
2020;4;1199.2;Protegida;25;Lleida;Cataluña;9
2021;4;1188.6;Protegida;25;Lleida;Cataluña;9
2022;4;1214.1;Protegida;25;Lleida;Cataluña;9
2023;4;1202.7;Protegida;25;Lleida;Cataluña;9
2024;4;1200.9;Protegida;25;Lleida;Cataluña;9
2025;4;1235.4;Protegida;25;Lleida;Cataluña;9
1995;4;490.5;Libre;25;Lleida;Cataluña;9
1996;4;503.7;Libre;25;Lleida;Cataluña;9
1997;4;509.2;Libre;25;Lleida;Cataluña;9
1998;4;544.4;Libre;25;Lleida;Cataluña;9
1999;4;616.9;Libre;25;Lleida;Cataluña;9
2000;4;678.5;Libre;25;Lleida;Cataluña;9
2001;4;758.8;Libre;25;Lleida;Cataluña;9
2002;4;851.2;Libre;25;Lleida;Cataluña;9
2003;4;1004;Libre;25;Lleida;Cataluña;9
2004;4;1099.7;Libre;25;Lleida;Cataluña;9
2005;4;1181.3;Libre;25;Lleida;Cataluña;9
2006;4;1348.1;Libre;25;Lleida;Cataluña;9
2007;4;1445;Libre;25;Lleida;Cataluña;9
2008;4;1440.6;Libre;25;Lleida;Cataluña;9
2009;4;1355.9;Libre;25;Lleida;Cataluña;9
2010;4;1326.2;Libre;25;Lleida;Cataluña;9
2011;4;1278.3;Libre;25;Lleida;Cataluña;9
2012;4;1098.1;Libre;25;Lleida;Cataluña;9
2013;4;1021.9;Libre;25;Lleida;Cataluña;9
2014;4;978.2;Libre;25;Lleida;Cataluña;9
2015;4;1034.4;Libre;25;Lleida;Cataluña;9
2016;4;1023.6;Libre;25;Lleida;Cataluña;9
2017;4;1044.9;Libre;25;Lleida;Cataluña;9
2018;4;1058.1;Libre;25;Lleida;Cataluña;9
2019;4;1028.5;Libre;25;Lleida;Cataluña;9
2020;4;973.9;Libre;25;Lleida;Cataluña;9
2021;4;1036.7;Libre;25;Lleida;Cataluña;9
2022;4;1057.7;Libre;25;Lleida;Cataluña;9
2023;4;1099.73;Libre;25;Lleida;Cataluña;9
2024;4;1145.2;Libre;25;Lleida;Cataluña;9
2025;4;1212.6;Libre;25;Lleida;Cataluña;9
1995;3;498.2;Libre;25;Lleida;Cataluña;9
1996;3;504.8;Libre;25;Lleida;Cataluña;9
1997;3;510.3;Libre;25;Lleida;Cataluña;9
1998;3;547.7;Libre;25;Lleida;Cataluña;9
1999;3;604.8;Libre;25;Lleida;Cataluña;9
2000;3;658.7;Libre;25;Lleida;Cataluña;9
2001;3;726.9;Libre;25;Lleida;Cataluña;9
2002;3;816;Libre;25;Lleida;Cataluña;9
2003;3;928.1;Libre;25;Lleida;Cataluña;9
2004;3;1075.5;Libre;25;Lleida;Cataluña;9
2005;3;1152.5;Libre;25;Lleida;Cataluña;9
2006;3;1315.2;Libre;25;Lleida;Cataluña;9
2007;3;1429.6;Libre;25;Lleida;Cataluña;9
2008;3;1443.9;Libre;25;Lleida;Cataluña;9
2009;3;1320.7;Libre;25;Lleida;Cataluña;9
2010;3;1329.5;Libre;25;Lleida;Cataluña;9
2011;3;1266.1;Libre;25;Lleida;Cataluña;9
2012;3;1122.8;Libre;25;Lleida;Cataluña;9
2013;3;984.5;Libre;25;Lleida;Cataluña;9
2014;3;987.8;Libre;25;Lleida;Cataluña;9
2015;3;996.8;Libre;25;Lleida;Cataluña;9
2016;3;1009.4;Libre;25;Lleida;Cataluña;9
2017;3;1029.1;Libre;25;Lleida;Cataluña;9
2018;3;1023.5;Libre;25;Lleida;Cataluña;9
2019;3;1023.5;Libre;25;Lleida;Cataluña;9
2020;3;987.3;Libre;25;Lleida;Cataluña;9
2021;3;995.1;Libre;25;Lleida;Cataluña;9
2022;3;1032;Libre;25;Lleida;Cataluña;9
2023;3;1071.64;Libre;25;Lleida;Cataluña;9
2024;3;1106.56;Libre;25;Lleida;Cataluña;9
2025;3;1163.8;Libre;25;Lleida;Cataluña;9
1995;2;485;Libre;25;Lleida;Cataluña;9
1996;2;508.1;Libre;25;Lleida;Cataluña;9
1997;2;512.5;Libre;25;Lleida;Cataluña;9
1998;2;521.3;Libre;25;Lleida;Cataluña;9
1999;2;594.9;Libre;25;Lleida;Cataluña;9
2000;2;643.3;Libre;25;Lleida;Cataluña;9
2001;2;713.7;Libre;25;Lleida;Cataluña;9
2002;2;803.9;Libre;25;Lleida;Cataluña;9
2003;2;917.1;Libre;25;Lleida;Cataluña;9
2004;2;1026;Libre;25;Lleida;Cataluña;9
2005;2;1117.3;Libre;25;Lleida;Cataluña;9
2006;2;1294.3;Libre;25;Lleida;Cataluña;9
2007;2;1385.6;Libre;25;Lleida;Cataluña;9
2008;2;1452.7;Libre;25;Lleida;Cataluña;9
2009;2;1344.6;Libre;25;Lleida;Cataluña;9
2010;2;1328.4;Libre;25;Lleida;Cataluña;9
2011;2;1231.6;Libre;25;Lleida;Cataluña;9
2012;2;1167.1;Libre;25;Lleida;Cataluña;9
2013;2;1000.5;Libre;25;Lleida;Cataluña;9
2014;2;974.1;Libre;25;Lleida;Cataluña;9
2015;2;1015.9;Libre;25;Lleida;Cataluña;9
2016;2;1025.9;Libre;25;Lleida;Cataluña;9
2017;2;1008.2;Libre;25;Lleida;Cataluña;9
2018;2;1059.3;Libre;25;Lleida;Cataluña;9
2019;2;1000.9;Libre;25;Lleida;Cataluña;9
2020;2;996;Libre;25;Lleida;Cataluña;9
2021;2;1028.4;Libre;25;Lleida;Cataluña;9
2022;2;1057.9;Libre;25;Lleida;Cataluña;9
2023;2;1055.64;Libre;25;Lleida;Cataluña;9
2024;2;1127.18;Libre;25;Lleida;Cataluña;9
2025;2;1195.7;Libre;25;Lleida;Cataluña;9
2026;2;1276.5;Libre;25;Lleida;Cataluña;9
1995;1;492.7;Libre;25;Lleida;Cataluña;9
1996;1;500.4;Libre;25;Lleida;Cataluña;9
1997;1;518;Libre;25;Lleida;Cataluña;9
1998;1;523.5;Libre;25;Lleida;Cataluña;9
1999;1;571.8;Libre;25;Lleida;Cataluña;9
2000;1;634.5;Libre;25;Lleida;Cataluña;9
2001;1;687.3;Libre;25;Lleida;Cataluña;9
2002;1;770.9;Libre;25;Lleida;Cataluña;9
2003;1;856.7;Libre;25;Lleida;Cataluña;9
2004;1;1049.1;Libre;25;Lleida;Cataluña;9
2005;1;1099.7;Libre;25;Lleida;Cataluña;9
2006;1;1231.7;Libre;25;Lleida;Cataluña;9
2007;1;1360;Libre;25;Lleida;Cataluña;9
2008;1;1425.2;Libre;25;Lleida;Cataluña;9
2009;1;1406.5;Libre;25;Lleida;Cataluña;9
2010;1;1348.2;Libre;25;Lleida;Cataluña;9
2011;1;1250.4;Libre;25;Lleida;Cataluña;9
2012;1;1220.8;Libre;25;Lleida;Cataluña;9
2013;1;1050.9;Libre;25;Lleida;Cataluña;9
2014;1;985.5;Libre;25;Lleida;Cataluña;9
2015;1;1008.5;Libre;25;Lleida;Cataluña;9
2016;1;1025.6;Libre;25;Lleida;Cataluña;9
2017;1;1021.9;Libre;25;Lleida;Cataluña;9
2018;1;1033.9;Libre;25;Lleida;Cataluña;9
2019;1;1023.8;Libre;25;Lleida;Cataluña;9
2020;1;995.6;Libre;25;Lleida;Cataluña;9
2021;1;999;Libre;25;Lleida;Cataluña;9
2022;1;1065.1;Libre;25;Lleida;Cataluña;9
2023;1;1078.2;Libre;25;Lleida;Cataluña;9
2024;1;1118.54;Libre;25;Lleida;Cataluña;9
2025;1;1189.6;Libre;25;Lleida;Cataluña;9
2026;1;1282.2;Libre;25;Lleida;Cataluña;9
2005;4;1146.4;Protegida;43;Tarragona;Cataluña;9
2006;4;1127.8;Protegida;43;Tarragona;Cataluña;9
2007;4;1165.7;Protegida;43;Tarragona;Cataluña;9
2008;4;1208.1;Protegida;43;Tarragona;Cataluña;9
2009;4;1213.5;Protegida;43;Tarragona;Cataluña;9
2010;4;1219.4;Protegida;43;Tarragona;Cataluña;9
2011;4;1198;Protegida;43;Tarragona;Cataluña;9
2013;4;1213.1;Protegida;43;Tarragona;Cataluña;9
2014;4;1206.1;Protegida;43;Tarragona;Cataluña;9
2015;4;1182;Protegida;43;Tarragona;Cataluña;9
2016;4;1200.3;Protegida;43;Tarragona;Cataluña;9
2017;4;1180.3;Protegida;43;Tarragona;Cataluña;9
2018;4;1221.1;Protegida;43;Tarragona;Cataluña;9
2019;4;1172.6;Protegida;43;Tarragona;Cataluña;9
2020;4;1193;Protegida;43;Tarragona;Cataluña;9
2021;4;1223.9;Protegida;43;Tarragona;Cataluña;9
2022;4;1218.6;Protegida;43;Tarragona;Cataluña;9
2023;4;1204.5;Protegida;43;Tarragona;Cataluña;9
2024;4;1196.1;Protegida;43;Tarragona;Cataluña;9
2025;4;1247.5;Protegida;43;Tarragona;Cataluña;9
2005;3;1145.8;Protegida;43;Tarragona;Cataluña;9
2006;3;1118.7;Protegida;43;Tarragona;Cataluña;9
2007;3;1139.4;Protegida;43;Tarragona;Cataluña;9
2008;3;1208.42;Protegida;43;Tarragona;Cataluña;9
2009;3;1207.3;Protegida;43;Tarragona;Cataluña;9
2010;3;1220.5;Protegida;43;Tarragona;Cataluña;9
2011;3;1186.8;Protegida;43;Tarragona;Cataluña;9
2013;3;1212.5;Protegida;43;Tarragona;Cataluña;9
2014;3;1234.7;Protegida;43;Tarragona;Cataluña;9
2015;3;1199.8;Protegida;43;Tarragona;Cataluña;9
2016;3;1200.4;Protegida;43;Tarragona;Cataluña;9
2017;3;1198.7;Protegida;43;Tarragona;Cataluña;9
2018;3;1211.4;Protegida;43;Tarragona;Cataluña;9
2019;3;1169.6;Protegida;43;Tarragona;Cataluña;9
2020;3;1198.6;Protegida;43;Tarragona;Cataluña;9
2021;3;1210.7;Protegida;43;Tarragona;Cataluña;9
2022;3;1206.3;Protegida;43;Tarragona;Cataluña;9
2023;3;1203.5;Protegida;43;Tarragona;Cataluña;9
2024;3;1195.9;Protegida;43;Tarragona;Cataluña;9
2025;3;1229.3;Protegida;43;Tarragona;Cataluña;9
2005;2;1137.2;Protegida;43;Tarragona;Cataluña;9
2006;2;1149.1;Protegida;43;Tarragona;Cataluña;9
2007;2;1120.4;Protegida;43;Tarragona;Cataluña;9
2008;2;1201.8;Protegida;43;Tarragona;Cataluña;9
2009;2;1183.8;Protegida;43;Tarragona;Cataluña;9
2010;2;1211;Protegida;43;Tarragona;Cataluña;9
2011;2;1208.5;Protegida;43;Tarragona;Cataluña;9
2012;2;1233.8;Protegida;43;Tarragona;Cataluña;9
2013;2;1234.9;Protegida;43;Tarragona;Cataluña;9
2014;2;1213.6;Protegida;43;Tarragona;Cataluña;9
2015;2;1188.2;Protegida;43;Tarragona;Cataluña;9
2016;2;1175.9;Protegida;43;Tarragona;Cataluña;9
2017;2;1187.1;Protegida;43;Tarragona;Cataluña;9
2018;2;1201.7;Protegida;43;Tarragona;Cataluña;9
2019;2;1183;Protegida;43;Tarragona;Cataluña;9
2020;2;1187;Protegida;43;Tarragona;Cataluña;9
2021;2;1205.5;Protegida;43;Tarragona;Cataluña;9
2022;2;1208.6;Protegida;43;Tarragona;Cataluña;9
2023;2;1213.5;Protegida;43;Tarragona;Cataluña;9
2024;2;1196;Protegida;43;Tarragona;Cataluña;9
2025;2;1224.6;Protegida;43;Tarragona;Cataluña;9
2026;2;1260.8;Protegida;43;Tarragona;Cataluña;9
2005;1;1116;Protegida;43;Tarragona;Cataluña;9
2006;1;1161.1;Protegida;43;Tarragona;Cataluña;9
2007;1;1132.6;Protegida;43;Tarragona;Cataluña;9
2008;1;1191.7;Protegida;43;Tarragona;Cataluña;9
2009;1;1195.6;Protegida;43;Tarragona;Cataluña;9
2010;1;1204.7;Protegida;43;Tarragona;Cataluña;9
2011;1;1196;Protegida;43;Tarragona;Cataluña;9
2012;1;1214.1;Protegida;43;Tarragona;Cataluña;9
2013;1;1228.5;Protegida;43;Tarragona;Cataluña;9
2014;1;1211;Protegida;43;Tarragona;Cataluña;9
2015;1;1197.8;Protegida;43;Tarragona;Cataluña;9
2016;1;1194.7;Protegida;43;Tarragona;Cataluña;9
2017;1;1212.6;Protegida;43;Tarragona;Cataluña;9
2018;1;1204.8;Protegida;43;Tarragona;Cataluña;9
2019;1;1193.8;Protegida;43;Tarragona;Cataluña;9
2020;1;1176.6;Protegida;43;Tarragona;Cataluña;9
2021;1;1212;Protegida;43;Tarragona;Cataluña;9
2022;1;1230.1;Protegida;43;Tarragona;Cataluña;9
2023;1;1206.5;Protegida;43;Tarragona;Cataluña;9
2024;1;1200.1;Protegida;43;Tarragona;Cataluña;9
2025;1;1206.2;Protegida;43;Tarragona;Cataluña;9
2026;1;1255.5;Protegida;43;Tarragona;Cataluña;9
1995;4;494.8;Libre;43;Tarragona;Cataluña;9
1996;4;505.6;Libre;43;Tarragona;Cataluña;9
1997;4;527.2;Libre;43;Tarragona;Cataluña;9
1998;4;567.2;Libre;43;Tarragona;Cataluña;9
1999;4;628.9;Libre;43;Tarragona;Cataluña;9
2000;4;706;Libre;43;Tarragona;Cataluña;9
2001;4;807.7;Libre;43;Tarragona;Cataluña;9
2002;4;989.6;Libre;43;Tarragona;Cataluña;9
2003;4;1219.2;Libre;43;Tarragona;Cataluña;9
2004;4;1518.3;Libre;43;Tarragona;Cataluña;9
2005;4;1651;Libre;43;Tarragona;Cataluña;9
2006;4;1796.6;Libre;43;Tarragona;Cataluña;9
2007;4;1903.6;Libre;43;Tarragona;Cataluña;9
2008;4;1892.8;Libre;43;Tarragona;Cataluña;9
2009;4;1764.9;Libre;43;Tarragona;Cataluña;9
2010;4;1704.8;Libre;43;Tarragona;Cataluña;9
2011;4;1609.6;Libre;43;Tarragona;Cataluña;9
2012;4;1380.9;Libre;43;Tarragona;Cataluña;9
2013;4;1244;Libre;43;Tarragona;Cataluña;9
2014;4;1233.3;Libre;43;Tarragona;Cataluña;9
2015;4;1230.9;Libre;43;Tarragona;Cataluña;9
2016;4;1227.6;Libre;43;Tarragona;Cataluña;9
2017;4;1241.8;Libre;43;Tarragona;Cataluña;9
2018;4;1280.4;Libre;43;Tarragona;Cataluña;9
2019;4;1280.4;Libre;43;Tarragona;Cataluña;9
2020;4;1270.1;Libre;43;Tarragona;Cataluña;9
2021;4;1358.4;Libre;43;Tarragona;Cataluña;9
2022;4;1361.2;Libre;43;Tarragona;Cataluña;9
2023;4;1443.8;Libre;43;Tarragona;Cataluña;9
2024;4;1528.7;Libre;43;Tarragona;Cataluña;9
2025;4;1726.8;Libre;43;Tarragona;Cataluña;9
1995;3;482.5;Libre;43;Tarragona;Cataluña;9
1996;3;507.1;Libre;43;Tarragona;Cataluña;9
1997;3;501;Libre;43;Tarragona;Cataluña;9
1998;3;556.4;Libre;43;Tarragona;Cataluña;9
1999;3;621.2;Libre;43;Tarragona;Cataluña;9
2000;3;713.7;Libre;43;Tarragona;Cataluña;9
2001;3;807.7;Libre;43;Tarragona;Cataluña;9
2002;3;954.1;Libre;43;Tarragona;Cataluña;9
2003;3;1174.5;Libre;43;Tarragona;Cataluña;9
2004;3;1459.7;Libre;43;Tarragona;Cataluña;9
2005;3;1609.2;Libre;43;Tarragona;Cataluña;9
2006;3;1764.9;Libre;43;Tarragona;Cataluña;9
2007;3;1891.3;Libre;43;Tarragona;Cataluña;9
2008;3;1953;Libre;43;Tarragona;Cataluña;9
2009;3;1790.6;Libre;43;Tarragona;Cataluña;9
2010;3;1746.4;Libre;43;Tarragona;Cataluña;9
2011;3;1587.4;Libre;43;Tarragona;Cataluña;9
2012;3;1419.2;Libre;43;Tarragona;Cataluña;9
2013;3;1264.2;Libre;43;Tarragona;Cataluña;9
2014;3;1226.4;Libre;43;Tarragona;Cataluña;9
2015;3;1226.1;Libre;43;Tarragona;Cataluña;9
2016;3;1224.6;Libre;43;Tarragona;Cataluña;9
2017;3;1253.6;Libre;43;Tarragona;Cataluña;9
2018;3;1254.2;Libre;43;Tarragona;Cataluña;9
2019;3;1278.8;Libre;43;Tarragona;Cataluña;9
2020;3;1259.8;Libre;43;Tarragona;Cataluña;9
2021;3;1321.9;Libre;43;Tarragona;Cataluña;9
2022;3;1344.1;Libre;43;Tarragona;Cataluña;9
2023;3;1402.2;Libre;43;Tarragona;Cataluña;9
2024;3;1487.4;Libre;43;Tarragona;Cataluña;9
2025;3;1651.2;Libre;43;Tarragona;Cataluña;9
1995;2;514.8;Libre;43;Tarragona;Cataluña;9
1996;2;499.4;Libre;43;Tarragona;Cataluña;9
1997;2;505.6;Libre;43;Tarragona;Cataluña;9
1998;2;521;Libre;43;Tarragona;Cataluña;9
1999;2;601.1;Libre;43;Tarragona;Cataluña;9
2000;2;673.6;Libre;43;Tarragona;Cataluña;9
2001;2;776.9;Libre;43;Tarragona;Cataluña;9
2002;2;906.3;Libre;43;Tarragona;Cataluña;9
2003;2;1092.9;Libre;43;Tarragona;Cataluña;9
2004;2;1411.9;Libre;43;Tarragona;Cataluña;9
2005;2;1607.7;Libre;43;Tarragona;Cataluña;9
2006;2;1726.4;Libre;43;Tarragona;Cataluña;9
2007;2;1875.9;Libre;43;Tarragona;Cataluña;9
2008;2;1968.4;Libre;43;Tarragona;Cataluña;9
2009;2;1785.4;Libre;43;Tarragona;Cataluña;9
2010;2;1761.8;Libre;43;Tarragona;Cataluña;9
2011;2;1686.7;Libre;43;Tarragona;Cataluña;9
2012;2;1478.3;Libre;43;Tarragona;Cataluña;9
2013;2;1291.3;Libre;43;Tarragona;Cataluña;9
2014;2;1239.7;Libre;43;Tarragona;Cataluña;9
2015;2;1243.1;Libre;43;Tarragona;Cataluña;9
2016;2;1239.4;Libre;43;Tarragona;Cataluña;9
2017;2;1241.7;Libre;43;Tarragona;Cataluña;9
2018;2;1250.1;Libre;43;Tarragona;Cataluña;9
2019;2;1288.7;Libre;43;Tarragona;Cataluña;9
2020;2;1221.4;Libre;43;Tarragona;Cataluña;9
2021;2;1298.5;Libre;43;Tarragona;Cataluña;9
2022;2;1380.9;Libre;43;Tarragona;Cataluña;9
2023;2;1376.1;Libre;43;Tarragona;Cataluña;9
2024;2;1472.4;Libre;43;Tarragona;Cataluña;9
2025;2;1608.9;Libre;43;Tarragona;Cataluña;9
2026;2;1817.9;Libre;43;Tarragona;Cataluña;9
1995;1;497.9;Libre;43;Tarragona;Cataluña;9
1996;1;514.8;Libre;43;Tarragona;Cataluña;9
1997;1;494.8;Libre;43;Tarragona;Cataluña;9
1998;1;513.3;Libre;43;Tarragona;Cataluña;9
1999;1;578;Libre;43;Tarragona;Cataluña;9
2000;1;659.7;Libre;43;Tarragona;Cataluña;9
2001;1;741.4;Libre;43;Tarragona;Cataluña;9
2002;1;863.2;Libre;43;Tarragona;Cataluña;9
2003;1;1009.6;Libre;43;Tarragona;Cataluña;9
2004;1;1305.6;Libre;43;Tarragona;Cataluña;9
2005;1;1541.4;Libre;43;Tarragona;Cataluña;9
2006;1;1674;Libre;43;Tarragona;Cataluña;9
2007;1;1838.9;Libre;43;Tarragona;Cataluña;9
2008;1;1951.4;Libre;43;Tarragona;Cataluña;9
2009;1;1831.2;Libre;43;Tarragona;Cataluña;9
2010;1;1760.3;Libre;43;Tarragona;Cataluña;9
2011;1;1681.7;Libre;43;Tarragona;Cataluña;9
2012;1;1516.2;Libre;43;Tarragona;Cataluña;9
2013;1;1336.7;Libre;43;Tarragona;Cataluña;9
2014;1;1235.8;Libre;43;Tarragona;Cataluña;9
2015;1;1213.2;Libre;43;Tarragona;Cataluña;9
2016;1;1237.4;Libre;43;Tarragona;Cataluña;9
2017;1;1249.5;Libre;43;Tarragona;Cataluña;9
2018;1;1261.7;Libre;43;Tarragona;Cataluña;9
2019;1;1279.1;Libre;43;Tarragona;Cataluña;9
2020;1;1259.2;Libre;43;Tarragona;Cataluña;9
2021;1;1263.4;Libre;43;Tarragona;Cataluña;9
2022;1;1403.5;Libre;43;Tarragona;Cataluña;9
2023;1;1381.4;Libre;43;Tarragona;Cataluña;9
2024;1;1472.2;Libre;43;Tarragona;Cataluña;9
2025;1;1580.9;Libre;43;Tarragona;Cataluña;9
2026;1;1778.5;Libre;43;Tarragona;Cataluña;9
2005;1;1043;Protegida;8;Barcelona;Cataluña;9
2006;1;1044;Protegida;8;Barcelona;Cataluña;9
2007;1;1151.8;Protegida;8;Barcelona;Cataluña;9
2008;1;1264.6;Protegida;8;Barcelona;Cataluña;9
2009;1;1251.2;Protegida;8;Barcelona;Cataluña;9
2010;1;1307.9;Protegida;8;Barcelona;Cataluña;9
2011;1;1329.9;Protegida;8;Barcelona;Cataluña;9
2012;1;1368.8;Protegida;8;Barcelona;Cataluña;9
2013;1;1394.9;Protegida;8;Barcelona;Cataluña;9
2014;1;1304.1;Protegida;8;Barcelona;Cataluña;9
2015;1;1245.2;Protegida;8;Barcelona;Cataluña;9
2016;1;1203.5;Protegida;8;Barcelona;Cataluña;9
2017;1;1213.8;Protegida;8;Barcelona;Cataluña;9
2018;1;1198.9;Protegida;8;Barcelona;Cataluña;9
2019;1;1215.5;Protegida;8;Barcelona;Cataluña;9
2020;1;1233;Protegida;8;Barcelona;Cataluña;9
2021;1;1206.5;Protegida;8;Barcelona;Cataluña;9
2022;1;1181.3;Protegida;8;Barcelona;Cataluña;9
2023;1;1212.7;Protegida;8;Barcelona;Cataluña;9
2024;1;1201.1;Protegida;8;Barcelona;Cataluña;9
2025;1;1226;Protegida;8;Barcelona;Cataluña;9
2026;1;1288.8;Protegida;8;Barcelona;Cataluña;9
2005;2;1043.6;Protegida;8;Barcelona;Cataluña;9
2006;2;1024.8;Protegida;8;Barcelona;Cataluña;9
2007;2;1178.5;Protegida;8;Barcelona;Cataluña;9
2008;2;1292.5;Protegida;8;Barcelona;Cataluña;9
2009;2;1250.4;Protegida;8;Barcelona;Cataluña;9
2010;2;1299.4;Protegida;8;Barcelona;Cataluña;9
2011;2;1339;Protegida;8;Barcelona;Cataluña;9
2012;2;1383.1;Protegida;8;Barcelona;Cataluña;9
2013;2;1368.2;Protegida;8;Barcelona;Cataluña;9
2014;2;1297.5;Protegida;8;Barcelona;Cataluña;9
2015;2;1229.3;Protegida;8;Barcelona;Cataluña;9
2016;2;1193.9;Protegida;8;Barcelona;Cataluña;9
2017;2;1206.5;Protegida;8;Barcelona;Cataluña;9
2018;2;1222.8;Protegida;8;Barcelona;Cataluña;9
2019;2;1213.2;Protegida;8;Barcelona;Cataluña;9
2020;2;1213.4;Protegida;8;Barcelona;Cataluña;9
2021;2;1209.9;Protegida;8;Barcelona;Cataluña;9
2022;2;1195.4;Protegida;8;Barcelona;Cataluña;9
2023;2;1190;Protegida;8;Barcelona;Cataluña;9
2024;2;1224.8;Protegida;8;Barcelona;Cataluña;9
2025;2;1246.6;Protegida;8;Barcelona;Cataluña;9
2026;2;1342.6;Protegida;8;Barcelona;Cataluña;9
2005;3;1055.7;Protegida;8;Barcelona;Cataluña;9
2006;3;1101.4;Protegida;8;Barcelona;Cataluña;9
2007;3;1207.9;Protegida;8;Barcelona;Cataluña;9
2008;3;1288.1;Protegida;8;Barcelona;Cataluña;9
2009;3;1248.3;Protegida;8;Barcelona;Cataluña;9
2010;3;1309.5;Protegida;8;Barcelona;Cataluña;9
2011;3;1367.2;Protegida;8;Barcelona;Cataluña;9
2012;3;1397.6;Protegida;8;Barcelona;Cataluña;9
2013;3;1374.4;Protegida;8;Barcelona;Cataluña;9
2014;3;1282.5;Protegida;8;Barcelona;Cataluña;9
2015;3;1209.4;Protegida;8;Barcelona;Cataluña;9
2016;3;1198.7;Protegida;8;Barcelona;Cataluña;9
2017;3;1205.6;Protegida;8;Barcelona;Cataluña;9
2018;3;1219.2;Protegida;8;Barcelona;Cataluña;9
2019;3;1210.6;Protegida;8;Barcelona;Cataluña;9
2020;3;1208.3;Protegida;8;Barcelona;Cataluña;9
2021;3;1195.7;Protegida;8;Barcelona;Cataluña;9
2022;3;1198.9;Protegida;8;Barcelona;Cataluña;9
2023;3;1206.4;Protegida;8;Barcelona;Cataluña;9
2024;3;1215.6;Protegida;8;Barcelona;Cataluña;9
2025;3;1260.3;Protegida;8;Barcelona;Cataluña;9
2005;4;1057.1;Protegida;8;Barcelona;Cataluña;9
2006;4;1144.8;Protegida;8;Barcelona;Cataluña;9
2007;4;1236;Protegida;8;Barcelona;Cataluña;9
2008;4;1289.4;Protegida;8;Barcelona;Cataluña;9
2009;4;1282.8;Protegida;8;Barcelona;Cataluña;9
2010;4;1330.4;Protegida;8;Barcelona;Cataluña;9
2011;4;1371.8;Protegida;8;Barcelona;Cataluña;9
2012;4;1388.5;Protegida;8;Barcelona;Cataluña;9
2013;4;1348.8;Protegida;8;Barcelona;Cataluña;9
2014;4;1260.9;Protegida;8;Barcelona;Cataluña;9
2015;4;1200.2;Protegida;8;Barcelona;Cataluña;9
2016;4;1193.4;Protegida;8;Barcelona;Cataluña;9
2017;4;1206.6;Protegida;8;Barcelona;Cataluña;9
2018;4;1204.5;Protegida;8;Barcelona;Cataluña;9
2019;4;1227.1;Protegida;8;Barcelona;Cataluña;9
2020;4;1206.6;Protegida;8;Barcelona;Cataluña;9
2021;4;1185.7;Protegida;8;Barcelona;Cataluña;9
2022;4;1202.8;Protegida;8;Barcelona;Cataluña;9
2023;4;1207.4;Protegida;8;Barcelona;Cataluña;9
2024;4;1231.3;Protegida;8;Barcelona;Cataluña;9
2025;4;1267.2;Protegida;8;Barcelona;Cataluña;9
1995;4;890.5;Libre;8;Barcelona;Cataluña;9
1996;4;912.2;Libre;8;Barcelona;Cataluña;9
1997;4;940.6;Libre;8;Barcelona;Cataluña;9
1998;4;1038.5;Libre;8;Barcelona;Cataluña;9
1999;4;1199.6;Libre;8;Barcelona;Cataluña;9
2000;4;1360.8;Libre;8;Barcelona;Cataluña;9
2001;4;1513.2;Libre;8;Barcelona;Cataluña;9
2002;4;1637.3;Libre;8;Barcelona;Cataluña;9
2003;4;1863.7;Libre;8;Barcelona;Cataluña;9
2004;4;2172.8;Libre;8;Barcelona;Cataluña;9
2005;4;2365.8;Libre;8;Barcelona;Cataluña;9
2006;4;2612.6;Libre;8;Barcelona;Cataluña;9
2007;4;2762;Libre;8;Barcelona;Cataluña;9
2008;4;2741.1;Libre;8;Barcelona;Cataluña;9
2009;4;2573.5;Libre;8;Barcelona;Cataluña;9
2010;4;2491.7;Libre;8;Barcelona;Cataluña;9
2011;4;2276.6;Libre;8;Barcelona;Cataluña;9
2012;4;2034;Libre;8;Barcelona;Cataluña;9
2013;4;1883.1;Libre;8;Barcelona;Cataluña;9
2014;4;1897.1;Libre;8;Barcelona;Cataluña;9
2015;4;1954.6;Libre;8;Barcelona;Cataluña;9
2016;4;2075.3;Libre;8;Barcelona;Cataluña;9
2017;4;2207.5;Libre;8;Barcelona;Cataluña;9
2018;4;2360.4;Libre;8;Barcelona;Cataluña;9
2019;4;2413.6;Libre;8;Barcelona;Cataluña;9
2020;4;2352.7;Libre;8;Barcelona;Cataluña;9
2021;4;2453.1;Libre;8;Barcelona;Cataluña;9
2022;4;2525.6;Libre;8;Barcelona;Cataluña;9
2023;4;2614.6;Libre;8;Barcelona;Cataluña;9
2024;4;2766.9;Libre;8;Barcelona;Cataluña;9
2025;4;3083;Libre;8;Barcelona;Cataluña;9
1995;3;881.8;Libre;8;Barcelona;Cataluña;9
1996;3;894.8;Libre;8;Barcelona;Cataluña;9
1997;3;929.7;Libre;8;Barcelona;Cataluña;9
1998;3;1012.4;Libre;8;Barcelona;Cataluña;9
1999;3;1153.9;Libre;8;Barcelona;Cataluña;9
2000;3;1319.4;Libre;8;Barcelona;Cataluña;9
2001;3;1491.4;Libre;8;Barcelona;Cataluña;9
2002;3;1587.2;Libre;8;Barcelona;Cataluña;9
2003;3;1794;Libre;8;Barcelona;Cataluña;9
2004;3;2114.1;Libre;8;Barcelona;Cataluña;9
2005;3;2299.1;Libre;8;Barcelona;Cataluña;9
2006;3;2568.1;Libre;8;Barcelona;Cataluña;9
2007;3;2688.8;Libre;8;Barcelona;Cataluña;9
2008;3;2782.5;Libre;8;Barcelona;Cataluña;9
2009;3;2536.4;Libre;8;Barcelona;Cataluña;9
2010;3;2488.7;Libre;8;Barcelona;Cataluña;9
2011;3;2335;Libre;8;Barcelona;Cataluña;9
2012;3;2071.3;Libre;8;Barcelona;Cataluña;9
2013;3;1898.3;Libre;8;Barcelona;Cataluña;9
2014;3;1887.3;Libre;8;Barcelona;Cataluña;9
2015;3;1905.7;Libre;8;Barcelona;Cataluña;9
2016;3;2031.8;Libre;8;Barcelona;Cataluña;9
2017;3;2178.6;Libre;8;Barcelona;Cataluña;9
2018;3;2319.2;Libre;8;Barcelona;Cataluña;9
2019;3;2407.8;Libre;8;Barcelona;Cataluña;9
2020;3;2364.9;Libre;8;Barcelona;Cataluña;9
2021;3;2395.7;Libre;8;Barcelona;Cataluña;9
2022;3;2508.7;Libre;8;Barcelona;Cataluña;9
2023;3;2577.6;Libre;8;Barcelona;Cataluña;9
2024;3;2690.5;Libre;8;Barcelona;Cataluña;9
2025;3;2980.9;Libre;8;Barcelona;Cataluña;9
1995;2;881.8;Libre;8;Barcelona;Cataluña;9
1996;2;890.5;Libre;8;Barcelona;Cataluña;9
1997;2;921;Libre;8;Barcelona;Cataluña;9
1998;2;986.3;Libre;8;Barcelona;Cataluña;9
1999;2;1116.9;Libre;8;Barcelona;Cataluña;9
2000;2;1278;Libre;8;Barcelona;Cataluña;9
2001;2;1450;Libre;8;Barcelona;Cataluña;9
2002;2;1574.1;Libre;8;Barcelona;Cataluña;9
2003;2;1733.1;Libre;8;Barcelona;Cataluña;9
2004;2;2033.5;Libre;8;Barcelona;Cataluña;9
2005;2;2242.5;Libre;8;Barcelona;Cataluña;9
2006;2;2551.7;Libre;8;Barcelona;Cataluña;9
2007;2;2684.5;Libre;8;Barcelona;Cataluña;9
2008;2;2797.7;Libre;8;Barcelona;Cataluña;9
2009;2;2597.8;Libre;8;Barcelona;Cataluña;9
2010;2;2542.1;Libre;8;Barcelona;Cataluña;9
2011;2;2404.5;Libre;8;Barcelona;Cataluña;9
2012;2;2120.1;Libre;8;Barcelona;Cataluña;9
2013;2;1905.9;Libre;8;Barcelona;Cataluña;9
2014;2;1876.2;Libre;8;Barcelona;Cataluña;9
2015;2;1900.2;Libre;8;Barcelona;Cataluña;9
2016;2;2018.9;Libre;8;Barcelona;Cataluña;9
2017;2;2128.3;Libre;8;Barcelona;Cataluña;9
2018;2;2296.5;Libre;8;Barcelona;Cataluña;9
2019;2;2412.8;Libre;8;Barcelona;Cataluña;9
2020;2;2362.2;Libre;8;Barcelona;Cataluña;9
2021;2;2404.7;Libre;8;Barcelona;Cataluña;9
2022;2;2511.1;Libre;8;Barcelona;Cataluña;9
2023;2;2546.7;Libre;8;Barcelona;Cataluña;9
2024;2;2668.2;Libre;8;Barcelona;Cataluña;9
2025;2;2920.9;Libre;8;Barcelona;Cataluña;9
2026;2;3204.2;Libre;8;Barcelona;Cataluña;9
1995;1;860;Libre;8;Barcelona;Cataluña;9
1996;1;881.8;Libre;8;Barcelona;Cataluña;9
1997;1;914.4;Libre;8;Barcelona;Cataluña;9
1998;1;951.4;Libre;8;Barcelona;Cataluña;9
1999;1;1082.1;Libre;8;Barcelona;Cataluña;9
2000;1;1230.1;Libre;8;Barcelona;Cataluña;9
2001;1;1413;Libre;8;Barcelona;Cataluña;9
2002;1;1528.4;Libre;8;Barcelona;Cataluña;9
2003;1;1689.5;Libre;8;Barcelona;Cataluña;9
2004;1;1915.9;Libre;8;Barcelona;Cataluña;9
2005;1;2177.2;Libre;8;Barcelona;Cataluña;9
2006;1;2464.6;Libre;8;Barcelona;Cataluña;9
2007;1;2654;Libre;8;Barcelona;Cataluña;9
2008;1;2760.7;Libre;8;Barcelona;Cataluña;9
2009;1;2656.2;Libre;8;Barcelona;Cataluña;9
2010;1;2521;Libre;8;Barcelona;Cataluña;9
2011;1;2414.2;Libre;8;Barcelona;Cataluña;9
2012;1;2192.4;Libre;8;Barcelona;Cataluña;9
2013;1;1973;Libre;8;Barcelona;Cataluña;9
2014;1;1877.5;Libre;8;Barcelona;Cataluña;9
2015;1;1873.8;Libre;8;Barcelona;Cataluña;9
2016;1;1983.9;Libre;8;Barcelona;Cataluña;9
2017;1;2114.9;Libre;8;Barcelona;Cataluña;9
2018;1;2226;Libre;8;Barcelona;Cataluña;9
2019;1;2391.7;Libre;8;Barcelona;Cataluña;9
2020;1;2409.9;Libre;8;Barcelona;Cataluña;9
2021;1;2389.3;Libre;8;Barcelona;Cataluña;9
2022;1;2535.8;Libre;8;Barcelona;Cataluña;9
2023;1;2570.5;Libre;8;Barcelona;Cataluña;9
2024;1;2645.6;Libre;8;Barcelona;Cataluña;9
2025;1;2865;Libre;8;Barcelona;Cataluña;9
2026;1;3207.7;Libre;8;Barcelona;Cataluña;9
2005;1;863.3;Protegida;19;Guadalajara;Castilla-La Mancha;8
2005;2;869.2;Protegida;19;Guadalajara;Castilla-La Mancha;8
2005;3;875;Protegida;19;Guadalajara;Castilla-La Mancha;8
2005;4;891.9;Protegida;19;Guadalajara;Castilla-La Mancha;8
2006;1;929.4;Protegida;19;Guadalajara;Castilla-La Mancha;8
2006;2;827.1;Protegida;19;Guadalajara;Castilla-La Mancha;8
2006;3;916.6;Protegida;19;Guadalajara;Castilla-La Mancha;8
2006;4;873;Protegida;19;Guadalajara;Castilla-La Mancha;8
2007;1;938.9;Protegida;19;Guadalajara;Castilla-La Mancha;8
2007;2;964.7;Protegida;19;Guadalajara;Castilla-La Mancha;8
2007;3;994.3;Protegida;19;Guadalajara;Castilla-La Mancha;8
2007;4;1016.6;Protegida;19;Guadalajara;Castilla-La Mancha;8
2008;1;1049.4;Protegida;19;Guadalajara;Castilla-La Mancha;8
2008;2;1087.4;Protegida;19;Guadalajara;Castilla-La Mancha;8
2008;3;1087.4;Protegida;19;Guadalajara;Castilla-La Mancha;8
2008;4;1053.7;Protegida;19;Guadalajara;Castilla-La Mancha;8
2009;1;1049.3;Protegida;19;Guadalajara;Castilla-La Mancha;8
2009;2;1031.2;Protegida;19;Guadalajara;Castilla-La Mancha;8
2009;3;1023.7;Protegida;19;Guadalajara;Castilla-La Mancha;8
2009;4;1044;Protegida;19;Guadalajara;Castilla-La Mancha;8
2010;1;1081.3;Protegida;19;Guadalajara;Castilla-La Mancha;8
2010;2;1097.5;Protegida;19;Guadalajara;Castilla-La Mancha;8
2010;3;1085.9;Protegida;19;Guadalajara;Castilla-La Mancha;8
2010;4;1101.5;Protegida;19;Guadalajara;Castilla-La Mancha;8
2011;1;1069.3;Protegida;19;Guadalajara;Castilla-La Mancha;8
2011;2;1108.7;Protegida;19;Guadalajara;Castilla-La Mancha;8
2011;3;1113.1;Protegida;19;Guadalajara;Castilla-La Mancha;8
2011;4;1065.1;Protegida;19;Guadalajara;Castilla-La Mancha;8
2012;2;1119.8;Protegida;19;Guadalajara;Castilla-La Mancha;8
2013;1;1165.1;Protegida;19;Guadalajara;Castilla-La Mancha;8
2014;1;1087.7;Protegida;19;Guadalajara;Castilla-La Mancha;8
2014;2;1069.3;Protegida;19;Guadalajara;Castilla-La Mancha;8
2014;3;1045.9;Protegida;19;Guadalajara;Castilla-La Mancha;8
2014;4;1033.7;Protegida;19;Guadalajara;Castilla-La Mancha;8
2015;4;1027.9;Protegida;19;Guadalajara;Castilla-La Mancha;8
2016;1;1007.8;Protegida;19;Guadalajara;Castilla-La Mancha;8
2016;4;1004.6;Protegida;19;Guadalajara;Castilla-La Mancha;8
2017;1;1018.1;Protegida;19;Guadalajara;Castilla-La Mancha;8
2017;2;1000.3;Protegida;19;Guadalajara;Castilla-La Mancha;8
2017;4;996.9;Protegida;19;Guadalajara;Castilla-La Mancha;8
2018;1;1020.1;Protegida;19;Guadalajara;Castilla-La Mancha;8
2018;2;1043;Protegida;19;Guadalajara;Castilla-La Mancha;8
2018;4;1059.6;Protegida;19;Guadalajara;Castilla-La Mancha;8
2019;1;1057.2;Protegida;19;Guadalajara;Castilla-La Mancha;8
2019;2;1039.8;Protegida;19;Guadalajara;Castilla-La Mancha;8
2019;4;1045.2;Protegida;19;Guadalajara;Castilla-La Mancha;8
2020;1;1068.3;Protegida;19;Guadalajara;Castilla-La Mancha;8
2020;3;1021.2;Protegida;19;Guadalajara;Castilla-La Mancha;8
2020;4;1028.4;Protegida;19;Guadalajara;Castilla-La Mancha;8
2021;1;1040.3;Protegida;19;Guadalajara;Castilla-La Mancha;8
2021;2;1030.7;Protegida;19;Guadalajara;Castilla-La Mancha;8
2021;3;1024.4;Protegida;19;Guadalajara;Castilla-La Mancha;8
2021;4;1013.4;Protegida;19;Guadalajara;Castilla-La Mancha;8
2022;1;1025.4;Protegida;19;Guadalajara;Castilla-La Mancha;8
2022;2;1017.1;Protegida;19;Guadalajara;Castilla-La Mancha;8
2022;3;1013.7;Protegida;19;Guadalajara;Castilla-La Mancha;8
2022;4;980.4;Protegida;19;Guadalajara;Castilla-La Mancha;8
2023;1;1010.5;Protegida;19;Guadalajara;Castilla-La Mancha;8
2023;2;1023.3;Protegida;19;Guadalajara;Castilla-La Mancha;8
2023;3;1013.3;Protegida;19;Guadalajara;Castilla-La Mancha;8
2023;4;1025.8;Protegida;19;Guadalajara;Castilla-La Mancha;8
2024;1;1039.7;Protegida;19;Guadalajara;Castilla-La Mancha;8
2024;2;1014.1;Protegida;19;Guadalajara;Castilla-La Mancha;8
2024;3;1026.8;Protegida;19;Guadalajara;Castilla-La Mancha;8
2024;4;1020.1;Protegida;19;Guadalajara;Castilla-La Mancha;8
2025;1;1013.6;Protegida;19;Guadalajara;Castilla-La Mancha;8
2025;2;1041.3;Protegida;19;Guadalajara;Castilla-La Mancha;8
2025;3;1044.4;Protegida;19;Guadalajara;Castilla-La Mancha;8
2025;4;1030.6;Protegida;19;Guadalajara;Castilla-La Mancha;8
1995;1;633.4;Libre;19;Guadalajara;Castilla-La Mancha;8
1995;2;664.1;Libre;19;Guadalajara;Castilla-La Mancha;8
1995;3;675.4;Libre;19;Guadalajara;Castilla-La Mancha;8
1995;4;644.7;Libre;19;Guadalajara;Castilla-La Mancha;8
1996;1;644.7;Libre;19;Guadalajara;Castilla-La Mancha;8
1996;2;649.6;Libre;19;Guadalajara;Castilla-La Mancha;8
1996;3;628.5;Libre;19;Guadalajara;Castilla-La Mancha;8
1996;4;647.9;Libre;19;Guadalajara;Castilla-La Mancha;8
1997;1;657.6;Libre;19;Guadalajara;Castilla-La Mancha;8
1997;2;657.6;Libre;19;Guadalajara;Castilla-La Mancha;8
1997;3;635;Libre;19;Guadalajara;Castilla-La Mancha;8
1997;4;641.5;Libre;19;Guadalajara;Castilla-La Mancha;8
1998;1;659.2;Libre;19;Guadalajara;Castilla-La Mancha;8
1998;2;675.4;Libre;19;Guadalajara;Castilla-La Mancha;8
1998;3;665.7;Libre;19;Guadalajara;Castilla-La Mancha;8
1998;4;730.3;Libre;19;Guadalajara;Castilla-La Mancha;8
1999;1;704.5;Libre;19;Guadalajara;Castilla-La Mancha;8
1999;2;689.9;Libre;19;Guadalajara;Castilla-La Mancha;8
1999;3;693.2;Libre;19;Guadalajara;Castilla-La Mancha;8
1999;4;736.8;Libre;19;Guadalajara;Castilla-La Mancha;8
2000;1;738.4;Libre;19;Guadalajara;Castilla-La Mancha;8
2000;2;753;Libre;19;Guadalajara;Castilla-La Mancha;8
2000;3;759.4;Libre;19;Guadalajara;Castilla-La Mancha;8
2000;4;786.9;Libre;19;Guadalajara;Castilla-La Mancha;8
2001;1;809.5;Libre;19;Guadalajara;Castilla-La Mancha;8
2001;2;830.5;Libre;19;Guadalajara;Castilla-La Mancha;8
2001;3;862.8;Libre;19;Guadalajara;Castilla-La Mancha;8
2001;4;870.9;Libre;19;Guadalajara;Castilla-La Mancha;8
2002;1;917.8;Libre;19;Guadalajara;Castilla-La Mancha;8
2002;2;1003.4;Libre;19;Guadalajara;Castilla-La Mancha;8
2002;3;1051.9;Libre;19;Guadalajara;Castilla-La Mancha;8
2002;4;1119.7;Libre;19;Guadalajara;Castilla-La Mancha;8
2003;1;1189.2;Libre;19;Guadalajara;Castilla-La Mancha;8
2003;2;1274.9;Libre;19;Guadalajara;Castilla-La Mancha;8
2003;3;1279.7;Libre;19;Guadalajara;Castilla-La Mancha;8
2003;4;1365.4;Libre;19;Guadalajara;Castilla-La Mancha;8
2004;1;1368.6;Libre;19;Guadalajara;Castilla-La Mancha;8
2004;2;1425.1;Libre;19;Guadalajara;Castilla-La Mancha;8
2004;3;1472;Libre;19;Guadalajara;Castilla-La Mancha;8
2004;4;1525.3;Libre;19;Guadalajara;Castilla-La Mancha;8
2005;1;1615.8;Libre;19;Guadalajara;Castilla-La Mancha;8
2005;2;1706.3;Libre;19;Guadalajara;Castilla-La Mancha;8
2005;3;1698.2;Libre;19;Guadalajara;Castilla-La Mancha;8
2005;4;1750.8;Libre;19;Guadalajara;Castilla-La Mancha;8
2006;1;1846.9;Libre;19;Guadalajara;Castilla-La Mancha;8
2006;2;1898.6;Libre;19;Guadalajara;Castilla-La Mancha;8
2006;3;1877.6;Libre;19;Guadalajara;Castilla-La Mancha;8
2006;4;1911.5;Libre;19;Guadalajara;Castilla-La Mancha;8
2007;1;1937.3;Libre;19;Guadalajara;Castilla-La Mancha;8
2007;2;1916.3;Libre;19;Guadalajara;Castilla-La Mancha;8
2007;3;1935.7;Libre;19;Guadalajara;Castilla-La Mancha;8
2007;4;1964.8;Libre;19;Guadalajara;Castilla-La Mancha;8
2008;1;1934.5;Libre;19;Guadalajara;Castilla-La Mancha;8
2008;2;1886.7;Libre;19;Guadalajara;Castilla-La Mancha;8
2008;3;1809.5;Libre;19;Guadalajara;Castilla-La Mancha;8
2008;4;1740.3;Libre;19;Guadalajara;Castilla-La Mancha;8
2009;1;1688.5;Libre;19;Guadalajara;Castilla-La Mancha;8
2009;2;1639.5;Libre;19;Guadalajara;Castilla-La Mancha;8
2009;3;1635.2;Libre;19;Guadalajara;Castilla-La Mancha;8
2009;4;1654.5;Libre;19;Guadalajara;Castilla-La Mancha;8
2010;1;1585.1;Libre;19;Guadalajara;Castilla-La Mancha;8
2010;2;1630.3;Libre;19;Guadalajara;Castilla-La Mancha;8
2010;3;1575.4;Libre;19;Guadalajara;Castilla-La Mancha;8
2010;4;1593.3;Libre;19;Guadalajara;Castilla-La Mancha;8
2011;1;1535;Libre;19;Guadalajara;Castilla-La Mancha;8
2011;2;1444.4;Libre;19;Guadalajara;Castilla-La Mancha;8
2011;3;1412.8;Libre;19;Guadalajara;Castilla-La Mancha;8
2011;4;1415.6;Libre;19;Guadalajara;Castilla-La Mancha;8
2012;1;1383;Libre;19;Guadalajara;Castilla-La Mancha;8
2012;2;1319.7;Libre;19;Guadalajara;Castilla-La Mancha;8
2012;3;1262.4;Libre;19;Guadalajara;Castilla-La Mancha;8
2012;4;1276.6;Libre;19;Guadalajara;Castilla-La Mancha;8
2013;1;1228.1;Libre;19;Guadalajara;Castilla-La Mancha;8
2013;2;1167.9;Libre;19;Guadalajara;Castilla-La Mancha;8
2013;3;1130.5;Libre;19;Guadalajara;Castilla-La Mancha;8
2013;4;1085.3;Libre;19;Guadalajara;Castilla-La Mancha;8
2014;1;1074.8;Libre;19;Guadalajara;Castilla-La Mancha;8
2014;2;1083.2;Libre;19;Guadalajara;Castilla-La Mancha;8
2014;3;1061.7;Libre;19;Guadalajara;Castilla-La Mancha;8
2014;4;1038.8;Libre;19;Guadalajara;Castilla-La Mancha;8
2015;1;1017.1;Libre;19;Guadalajara;Castilla-La Mancha;8
2015;2;1007.4;Libre;19;Guadalajara;Castilla-La Mancha;8
2015;3;1025.7;Libre;19;Guadalajara;Castilla-La Mancha;8
2015;4;1024;Libre;19;Guadalajara;Castilla-La Mancha;8
2016;1;989.7;Libre;19;Guadalajara;Castilla-La Mancha;8
2016;2;1021.9;Libre;19;Guadalajara;Castilla-La Mancha;8
2016;3;1027.1;Libre;19;Guadalajara;Castilla-La Mancha;8
2016;4;1017.1;Libre;19;Guadalajara;Castilla-La Mancha;8
2017;1;1044.5;Libre;19;Guadalajara;Castilla-La Mancha;8
2017;2;1046.7;Libre;19;Guadalajara;Castilla-La Mancha;8
2017;3;1058.5;Libre;19;Guadalajara;Castilla-La Mancha;8
2017;4;1063.6;Libre;19;Guadalajara;Castilla-La Mancha;8
2018;1;1080.1;Libre;19;Guadalajara;Castilla-La Mancha;8
2018;2;1065.2;Libre;19;Guadalajara;Castilla-La Mancha;8
2018;3;1083.9;Libre;19;Guadalajara;Castilla-La Mancha;8
2018;4;1094;Libre;19;Guadalajara;Castilla-La Mancha;8
2019;1;1111.3;Libre;19;Guadalajara;Castilla-La Mancha;8
2019;2;1099.3;Libre;19;Guadalajara;Castilla-La Mancha;8
2019;3;1116;Libre;19;Guadalajara;Castilla-La Mancha;8
2019;4;1124.6;Libre;19;Guadalajara;Castilla-La Mancha;8
2020;1;1115.5;Libre;19;Guadalajara;Castilla-La Mancha;8
2020;2;1089.7;Libre;19;Guadalajara;Castilla-La Mancha;8
2020;3;1116.4;Libre;19;Guadalajara;Castilla-La Mancha;8
2020;4;1132;Libre;19;Guadalajara;Castilla-La Mancha;8
2021;1;1108.7;Libre;19;Guadalajara;Castilla-La Mancha;8
2021;2;1117.8;Libre;19;Guadalajara;Castilla-La Mancha;8
2021;3;1143.7;Libre;19;Guadalajara;Castilla-La Mancha;8
2021;4;1137.3;Libre;19;Guadalajara;Castilla-La Mancha;8
2022;1;1176.2;Libre;19;Guadalajara;Castilla-La Mancha;8
2022;2;1191.8;Libre;19;Guadalajara;Castilla-La Mancha;8
2022;3;1230.4;Libre;19;Guadalajara;Castilla-La Mancha;8
2022;4;1239.7;Libre;19;Guadalajara;Castilla-La Mancha;8
2023;1;1254.6;Libre;19;Guadalajara;Castilla-La Mancha;8
2023;2;1275.6;Libre;19;Guadalajara;Castilla-La Mancha;8
2023;3;1285.4;Libre;19;Guadalajara;Castilla-La Mancha;8
2023;4;1280.1;Libre;19;Guadalajara;Castilla-La Mancha;8
2024;1;1311.7;Libre;19;Guadalajara;Castilla-La Mancha;8
2024;2;1342.3;Libre;19;Guadalajara;Castilla-La Mancha;8
2024;3;1370;Libre;19;Guadalajara;Castilla-La Mancha;8
2024;4;1412.2;Libre;19;Guadalajara;Castilla-La Mancha;8
2025;1;1459.8;Libre;19;Guadalajara;Castilla-La Mancha;8
2025;2;1515.3;Libre;19;Guadalajara;Castilla-La Mancha;8
2025;3;1548.1;Libre;19;Guadalajara;Castilla-La Mancha;8
2025;4;1604.6;Libre;19;Guadalajara;Castilla-La Mancha;8
2026;1;1670.8;Libre;19;Guadalajara;Castilla-La Mancha;8
2026;2;1755.3;Libre;19;Guadalajara;Castilla-La Mancha;8
2005;1;808.1;Protegida;16;Cuenca;Castilla-La Mancha;8
2005;2;807.3;Protegida;16;Cuenca;Castilla-La Mancha;8
2005;3;808;Protegida;16;Cuenca;Castilla-La Mancha;8
2005;4;835.8;Protegida;16;Cuenca;Castilla-La Mancha;8
2006;1;809;Protegida;16;Cuenca;Castilla-La Mancha;8
2006;2;834.4;Protegida;16;Cuenca;Castilla-La Mancha;8
2006;3;861.9;Protegida;16;Cuenca;Castilla-La Mancha;8
2006;4;891.2;Protegida;16;Cuenca;Castilla-La Mancha;8
2007;1;875.2;Protegida;16;Cuenca;Castilla-La Mancha;8
2007;2;886.1;Protegida;16;Cuenca;Castilla-La Mancha;8
2007;3;893.2;Protegida;16;Cuenca;Castilla-La Mancha;8
2007;4;915.3;Protegida;16;Cuenca;Castilla-La Mancha;8
2008;1;947.6;Protegida;16;Cuenca;Castilla-La Mancha;8
2008;2;944.2;Protegida;16;Cuenca;Castilla-La Mancha;8
2008;3;952.384;Protegida;16;Cuenca;Castilla-La Mancha;8
2008;4;959.6;Protegida;16;Cuenca;Castilla-La Mancha;8
2009;1;942.3;Protegida;16;Cuenca;Castilla-La Mancha;8
2009;2;951.9;Protegida;16;Cuenca;Castilla-La Mancha;8
2009;3;956.2;Protegida;16;Cuenca;Castilla-La Mancha;8
2009;4;968.3;Protegida;16;Cuenca;Castilla-La Mancha;8
2010;1;1004.8;Protegida;16;Cuenca;Castilla-La Mancha;8
2010;2;1018.1;Protegida;16;Cuenca;Castilla-La Mancha;8
2010;3;1020.5;Protegida;16;Cuenca;Castilla-La Mancha;8
2010;4;1032.1;Protegida;16;Cuenca;Castilla-La Mancha;8
2011;1;1005.2;Protegida;16;Cuenca;Castilla-La Mancha;8
2011;2;1018.6;Protegida;16;Cuenca;Castilla-La Mancha;8
2011;3;1043;Protegida;16;Cuenca;Castilla-La Mancha;8
2011;4;1092.1;Protegida;16;Cuenca;Castilla-La Mancha;8
2012;1;1130.9;Protegida;16;Cuenca;Castilla-La Mancha;8
2012;2;1092.3;Protegida;16;Cuenca;Castilla-La Mancha;8
2012;3;1061.9;Protegida;16;Cuenca;Castilla-La Mancha;8
2012;4;1102;Protegida;16;Cuenca;Castilla-La Mancha;8
2013;1;1072.2;Protegida;16;Cuenca;Castilla-La Mancha;8
2013;2;1077.4;Protegida;16;Cuenca;Castilla-La Mancha;8
2014;1;1008.9;Protegida;16;Cuenca;Castilla-La Mancha;8
2014;2;983.7;Protegida;16;Cuenca;Castilla-La Mancha;8
2014;4;1014.7;Protegida;16;Cuenca;Castilla-La Mancha;8
2015;1;979.1;Protegida;16;Cuenca;Castilla-La Mancha;8
2015;3;955.5;Protegida;16;Cuenca;Castilla-La Mancha;8
2015;4;931.5;Protegida;16;Cuenca;Castilla-La Mancha;8
2016;1;904.5;Protegida;16;Cuenca;Castilla-La Mancha;8
2016;2;911.3;Protegida;16;Cuenca;Castilla-La Mancha;8
2016;4;904.2;Protegida;16;Cuenca;Castilla-La Mancha;8
2017;1;929.2;Protegida;16;Cuenca;Castilla-La Mancha;8
2017;2;937.2;Protegida;16;Cuenca;Castilla-La Mancha;8
2017;4;949.1;Protegida;16;Cuenca;Castilla-La Mancha;8
2018;1;974.8;Protegida;16;Cuenca;Castilla-La Mancha;8
2018;2;994.9;Protegida;16;Cuenca;Castilla-La Mancha;8
2018;3;977;Protegida;16;Cuenca;Castilla-La Mancha;8
2018;4;962.4;Protegida;16;Cuenca;Castilla-La Mancha;8
2019;1;943.3;Protegida;16;Cuenca;Castilla-La Mancha;8
2019;2;968.7;Protegida;16;Cuenca;Castilla-La Mancha;8
2019;3;940.2;Protegida;16;Cuenca;Castilla-La Mancha;8
2019;4;965.1;Protegida;16;Cuenca;Castilla-La Mancha;8
2020;1;946.8;Protegida;16;Cuenca;Castilla-La Mancha;8
2020;2;972.8;Protegida;16;Cuenca;Castilla-La Mancha;8
2020;3;996.1;Protegida;16;Cuenca;Castilla-La Mancha;8
2020;4;973.5;Protegida;16;Cuenca;Castilla-La Mancha;8
2021;1;986.2;Protegida;16;Cuenca;Castilla-La Mancha;8
2021;2;988;Protegida;16;Cuenca;Castilla-La Mancha;8
2021;3;1005.4;Protegida;16;Cuenca;Castilla-La Mancha;8
2021;4;1016.1;Protegida;16;Cuenca;Castilla-La Mancha;8
2022;1;1048.6;Protegida;16;Cuenca;Castilla-La Mancha;8
2022;2;1025.1;Protegida;16;Cuenca;Castilla-La Mancha;8
2022;3;1025.6;Protegida;16;Cuenca;Castilla-La Mancha;8
2022;4;1026.6;Protegida;16;Cuenca;Castilla-La Mancha;8
2023;1;1007.1;Protegida;16;Cuenca;Castilla-La Mancha;8
2023;2;1021.3;Protegida;16;Cuenca;Castilla-La Mancha;8
2023;3;1012.6;Protegida;16;Cuenca;Castilla-La Mancha;8
2023;4;989.1;Protegida;16;Cuenca;Castilla-La Mancha;8
2024;1;974.6;Protegida;16;Cuenca;Castilla-La Mancha;8
2024;2;953.1;Protegida;16;Cuenca;Castilla-La Mancha;8
2024;3;981.2;Protegida;16;Cuenca;Castilla-La Mancha;8
2024;4;981.8;Protegida;16;Cuenca;Castilla-La Mancha;8
2025;1;1008.4;Protegida;16;Cuenca;Castilla-La Mancha;8
2025;2;1029.6;Protegida;16;Cuenca;Castilla-La Mancha;8
2025;3;1040.3;Protegida;16;Cuenca;Castilla-La Mancha;8
2026;1;1056.9;Protegida;16;Cuenca;Castilla-La Mancha;8
1995;1;439.5;Libre;16;Cuenca;Castilla-La Mancha;8
1995;2;447.5;Libre;16;Cuenca;Castilla-La Mancha;8
1995;3;404.7;Libre;16;Cuenca;Castilla-La Mancha;8
1995;4;438.6;Libre;16;Cuenca;Castilla-La Mancha;8
1996;1;468;Libre;16;Cuenca;Castilla-La Mancha;8
1996;2;478.7;Libre;16;Cuenca;Castilla-La Mancha;8
1996;3;477;Libre;16;Cuenca;Castilla-La Mancha;8
1996;4;477;Libre;16;Cuenca;Castilla-La Mancha;8
1997;1;465.4;Libre;16;Cuenca;Castilla-La Mancha;8
1997;2;461.8;Libre;16;Cuenca;Castilla-La Mancha;8
1997;3;458.2;Libre;16;Cuenca;Castilla-La Mancha;8
1997;4;451.1;Libre;16;Cuenca;Castilla-La Mancha;8
1998;1;435.9;Libre;16;Cuenca;Castilla-La Mancha;8
1998;2;455.6;Libre;16;Cuenca;Castilla-La Mancha;8
1998;3;481.4;Libre;16;Cuenca;Castilla-La Mancha;8
1998;4;469.8;Libre;16;Cuenca;Castilla-La Mancha;8
1999;1;477.8;Libre;16;Cuenca;Castilla-La Mancha;8
1999;2;458.2;Libre;16;Cuenca;Castilla-La Mancha;8
1999;3;485;Libre;16;Cuenca;Castilla-La Mancha;8
1999;4;488.5;Libre;16;Cuenca;Castilla-La Mancha;8
2000;1;487.7;Libre;16;Cuenca;Castilla-La Mancha;8
2000;2;479.6;Libre;16;Cuenca;Castilla-La Mancha;8
2000;3;473.4;Libre;16;Cuenca;Castilla-La Mancha;8
2000;4;505.5;Libre;16;Cuenca;Castilla-La Mancha;8
2001;1;504.6;Libre;16;Cuenca;Castilla-La Mancha;8
2001;2;520.6;Libre;16;Cuenca;Castilla-La Mancha;8
2001;3;559;Libre;16;Cuenca;Castilla-La Mancha;8
2001;4;552.7;Libre;16;Cuenca;Castilla-La Mancha;8
2002;1;559;Libre;16;Cuenca;Castilla-La Mancha;8
2002;2;586.6;Libre;16;Cuenca;Castilla-La Mancha;8
2002;3;576.8;Libre;16;Cuenca;Castilla-La Mancha;8
2002;4;600;Libre;16;Cuenca;Castilla-La Mancha;8
2003;1;616.9;Libre;16;Cuenca;Castilla-La Mancha;8
2003;2;646.3;Libre;16;Cuenca;Castilla-La Mancha;8
2003;3;636.5;Libre;16;Cuenca;Castilla-La Mancha;8
2003;4;660.6;Libre;16;Cuenca;Castilla-La Mancha;8
2004;1;735.5;Libre;16;Cuenca;Castilla-La Mancha;8
2004;2;755.1;Libre;16;Cuenca;Castilla-La Mancha;8
2004;3;805.9;Libre;16;Cuenca;Castilla-La Mancha;8
2004;4;834.4;Libre;16;Cuenca;Castilla-La Mancha;8
2005;1;891.5;Libre;16;Cuenca;Castilla-La Mancha;8
2005;2;918.2;Libre;16;Cuenca;Castilla-La Mancha;8
2005;3;931.6;Libre;16;Cuenca;Castilla-La Mancha;8
2005;4;951.2;Libre;16;Cuenca;Castilla-La Mancha;8
2006;1;946.8;Libre;16;Cuenca;Castilla-La Mancha;8
2006;2;987.8;Libre;16;Cuenca;Castilla-La Mancha;8
2006;3;979.8;Libre;16;Cuenca;Castilla-La Mancha;8
2006;4;1010.3;Libre;16;Cuenca;Castilla-La Mancha;8
2007;1;1024.3;Libre;16;Cuenca;Castilla-La Mancha;8
2007;2;1042.2;Libre;16;Cuenca;Castilla-La Mancha;8
2007;3;1083.2;Libre;16;Cuenca;Castilla-La Mancha;8
2007;4;1087.6;Libre;16;Cuenca;Castilla-La Mancha;8
2008;1;1079.6;Libre;16;Cuenca;Castilla-La Mancha;8
2008;2;1068;Libre;16;Cuenca;Castilla-La Mancha;8
2008;3;1024;Libre;16;Cuenca;Castilla-La Mancha;8
2008;4;997.6;Libre;16;Cuenca;Castilla-La Mancha;8
2009;1;972.6;Libre;16;Cuenca;Castilla-La Mancha;8
2009;2;972.6;Libre;16;Cuenca;Castilla-La Mancha;8
2009;3;1004.7;Libre;16;Cuenca;Castilla-La Mancha;8
2009;4;974.4;Libre;16;Cuenca;Castilla-La Mancha;8
2010;1;989;Libre;16;Cuenca;Castilla-La Mancha;8
2010;2;1001;Libre;16;Cuenca;Castilla-La Mancha;8
2010;3;993.3;Libre;16;Cuenca;Castilla-La Mancha;8
2010;4;994.2;Libre;16;Cuenca;Castilla-La Mancha;8
2011;1;1035;Libre;16;Cuenca;Castilla-La Mancha;8
2011;2;1024.7;Libre;16;Cuenca;Castilla-La Mancha;8
2011;3;1029.8;Libre;16;Cuenca;Castilla-La Mancha;8
2011;4;1037;Libre;16;Cuenca;Castilla-La Mancha;8
2012;1;940.9;Libre;16;Cuenca;Castilla-La Mancha;8
2012;2;0;Libre;16;Cuenca;Castilla-La Mancha;8
2012;3;0;Libre;16;Cuenca;Castilla-La Mancha;8
2012;4;823.3;Libre;16;Cuenca;Castilla-La Mancha;8
2013;1;863.6;Libre;16;Cuenca;Castilla-La Mancha;8
2013;2;820.9;Libre;16;Cuenca;Castilla-La Mancha;8
2013;3;845;Libre;16;Cuenca;Castilla-La Mancha;8
2013;4;821.6;Libre;16;Cuenca;Castilla-La Mancha;8
2014;1;839;Libre;16;Cuenca;Castilla-La Mancha;8
2014;2;823.4;Libre;16;Cuenca;Castilla-La Mancha;8
2014;3;814.2;Libre;16;Cuenca;Castilla-La Mancha;8
2014;4;800.6;Libre;16;Cuenca;Castilla-La Mancha;8
2015;1;782.7;Libre;16;Cuenca;Castilla-La Mancha;8
2015;2;805.6;Libre;16;Cuenca;Castilla-La Mancha;8
2015;3;795.9;Libre;16;Cuenca;Castilla-La Mancha;8
2015;4;825.6;Libre;16;Cuenca;Castilla-La Mancha;8
2016;1;800.3;Libre;16;Cuenca;Castilla-La Mancha;8
2016;2;820.4;Libre;16;Cuenca;Castilla-La Mancha;8
2016;3;794;Libre;16;Cuenca;Castilla-La Mancha;8
2016;4;777.8;Libre;16;Cuenca;Castilla-La Mancha;8
2017;1;799.3;Libre;16;Cuenca;Castilla-La Mancha;8
2017;2;801.2;Libre;16;Cuenca;Castilla-La Mancha;8
2017;3;798.4;Libre;16;Cuenca;Castilla-La Mancha;8
2017;4;786.6;Libre;16;Cuenca;Castilla-La Mancha;8
2018;1;766.7;Libre;16;Cuenca;Castilla-La Mancha;8
2018;2;788.5;Libre;16;Cuenca;Castilla-La Mancha;8
2018;3;763.9;Libre;16;Cuenca;Castilla-La Mancha;8
2018;4;790.5;Libre;16;Cuenca;Castilla-La Mancha;8
2019;1;776;Libre;16;Cuenca;Castilla-La Mancha;8
2019;2;761.8;Libre;16;Cuenca;Castilla-La Mancha;8
2019;3;781.5;Libre;16;Cuenca;Castilla-La Mancha;8
2019;4;779.4;Libre;16;Cuenca;Castilla-La Mancha;8
2020;1;752;Libre;16;Cuenca;Castilla-La Mancha;8
2020;2;753.3;Libre;16;Cuenca;Castilla-La Mancha;8
2020;3;774.5;Libre;16;Cuenca;Castilla-La Mancha;8
2020;4;773.8;Libre;16;Cuenca;Castilla-La Mancha;8
2021;1;762.4;Libre;16;Cuenca;Castilla-La Mancha;8
2021;2;786.7;Libre;16;Cuenca;Castilla-La Mancha;8
2021;3;766.1;Libre;16;Cuenca;Castilla-La Mancha;8
2021;4;794.6;Libre;16;Cuenca;Castilla-La Mancha;8
2022;1;772.2;Libre;16;Cuenca;Castilla-La Mancha;8
2022;2;795;Libre;16;Cuenca;Castilla-La Mancha;8
2022;3;793.2;Libre;16;Cuenca;Castilla-La Mancha;8
2022;4;769.2;Libre;16;Cuenca;Castilla-La Mancha;8
2023;1;747.1;Libre;16;Cuenca;Castilla-La Mancha;8
2023;2;773.2;Libre;16;Cuenca;Castilla-La Mancha;8
2023;3;781.5;Libre;16;Cuenca;Castilla-La Mancha;8
2023;4;779.1;Libre;16;Cuenca;Castilla-La Mancha;8
2024;1;776.7;Libre;16;Cuenca;Castilla-La Mancha;8
2024;2;771.1;Libre;16;Cuenca;Castilla-La Mancha;8
2024;3;798.5;Libre;16;Cuenca;Castilla-La Mancha;8
2024;4;809;Libre;16;Cuenca;Castilla-La Mancha;8
2025;1;843.3;Libre;16;Cuenca;Castilla-La Mancha;8
2025;2;866.5;Libre;16;Cuenca;Castilla-La Mancha;8
2025;3;869;Libre;16;Cuenca;Castilla-La Mancha;8
2025;4;898;Libre;16;Cuenca;Castilla-La Mancha;8
2026;1;935.7;Libre;16;Cuenca;Castilla-La Mancha;8
2026;2;950.3;Libre;16;Cuenca;Castilla-La Mancha;8
2005;3;835;Protegida;13;Ciudad Real;Castilla-La Mancha;8
2006;3;869.3;Protegida;13;Ciudad Real;Castilla-La Mancha;8
2007;3;902.4;Protegida;13;Ciudad Real;Castilla-La Mancha;8
2008;3;1016.57;Protegida;13;Ciudad Real;Castilla-La Mancha;8
2009;3;998.3;Protegida;13;Ciudad Real;Castilla-La Mancha;8
2010;3;972.4;Protegida;13;Ciudad Real;Castilla-La Mancha;8
2011;3;994.5;Protegida;13;Ciudad Real;Castilla-La Mancha;8
2012;3;997.9;Protegida;13;Ciudad Real;Castilla-La Mancha;8
2014;3;929.8;Protegida;13;Ciudad Real;Castilla-La Mancha;8
2015;3;909.9;Protegida;13;Ciudad Real;Castilla-La Mancha;8
2016;3;936.7;Protegida;13;Ciudad Real;Castilla-La Mancha;8
2017;3;958.3;Protegida;13;Ciudad Real;Castilla-La Mancha;8
2018;3;973.1;Protegida;13;Ciudad Real;Castilla-La Mancha;8
2019;3;937.2;Protegida;13;Ciudad Real;Castilla-La Mancha;8
2020;3;936.3;Protegida;13;Ciudad Real;Castilla-La Mancha;8
2021;3;956.7;Protegida;13;Ciudad Real;Castilla-La Mancha;8
2022;3;980.9;Protegida;13;Ciudad Real;Castilla-La Mancha;8
2023;3;942.4;Protegida;13;Ciudad Real;Castilla-La Mancha;8
2024;3;961.1;Protegida;13;Ciudad Real;Castilla-La Mancha;8
2025;3;1018.4;Protegida;13;Ciudad Real;Castilla-La Mancha;8
2005;4;865.9;Protegida;13;Ciudad Real;Castilla-La Mancha;8
2006;4;887.2;Protegida;13;Ciudad Real;Castilla-La Mancha;8
2007;4;969.6;Protegida;13;Ciudad Real;Castilla-La Mancha;8
2008;4;1028.8;Protegida;13;Ciudad Real;Castilla-La Mancha;8
2009;4;1001;Protegida;13;Ciudad Real;Castilla-La Mancha;8
2010;4;963.9;Protegida;13;Ciudad Real;Castilla-La Mancha;8
2011;4;1014.7;Protegida;13;Ciudad Real;Castilla-La Mancha;8
2012;4;1014.4;Protegida;13;Ciudad Real;Castilla-La Mancha;8
2013;4;925.2;Protegida;13;Ciudad Real;Castilla-La Mancha;8
2014;4;915.3;Protegida;13;Ciudad Real;Castilla-La Mancha;8
2015;4;925;Protegida;13;Ciudad Real;Castilla-La Mancha;8
2016;4;916.9;Protegida;13;Ciudad Real;Castilla-La Mancha;8
2017;4;943;Protegida;13;Ciudad Real;Castilla-La Mancha;8
2018;4;959.8;Protegida;13;Ciudad Real;Castilla-La Mancha;8
2019;4;927.4;Protegida;13;Ciudad Real;Castilla-La Mancha;8
2020;4;960.5;Protegida;13;Ciudad Real;Castilla-La Mancha;8
2021;4;950.6;Protegida;13;Ciudad Real;Castilla-La Mancha;8
2022;4;986.7;Protegida;13;Ciudad Real;Castilla-La Mancha;8
2023;4;958.5;Protegida;13;Ciudad Real;Castilla-La Mancha;8
2024;4;990.5;Protegida;13;Ciudad Real;Castilla-La Mancha;8
2025;4;1011.4;Protegida;13;Ciudad Real;Castilla-La Mancha;8
2005;2;836.7;Protegida;13;Ciudad Real;Castilla-La Mancha;8
2006;2;844.7;Protegida;13;Ciudad Real;Castilla-La Mancha;8
2007;2;895.2;Protegida;13;Ciudad Real;Castilla-La Mancha;8
2008;2;1004.2;Protegida;13;Ciudad Real;Castilla-La Mancha;8
2009;2;996.2;Protegida;13;Ciudad Real;Castilla-La Mancha;8
2010;2;988.9;Protegida;13;Ciudad Real;Castilla-La Mancha;8
2011;2;971;Protegida;13;Ciudad Real;Castilla-La Mancha;8
2012;2;1044.7;Protegida;13;Ciudad Real;Castilla-La Mancha;8
2013;2;989.7;Protegida;13;Ciudad Real;Castilla-La Mancha;8
2014;2;911.7;Protegida;13;Ciudad Real;Castilla-La Mancha;8
2015;2;939.6;Protegida;13;Ciudad Real;Castilla-La Mancha;8
2016;2;913;Protegida;13;Ciudad Real;Castilla-La Mancha;8
2017;2;933.9;Protegida;13;Ciudad Real;Castilla-La Mancha;8
2018;2;948.7;Protegida;13;Ciudad Real;Castilla-La Mancha;8
2019;2;940.1;Protegida;13;Ciudad Real;Castilla-La Mancha;8
2020;2;949;Protegida;13;Ciudad Real;Castilla-La Mancha;8
2021;2;946.3;Protegida;13;Ciudad Real;Castilla-La Mancha;8
2022;2;985.2;Protegida;13;Ciudad Real;Castilla-La Mancha;8
2023;2;956.8;Protegida;13;Ciudad Real;Castilla-La Mancha;8
2024;2;937.2;Protegida;13;Ciudad Real;Castilla-La Mancha;8
2025;2;1020.1;Protegida;13;Ciudad Real;Castilla-La Mancha;8
2026;2;1029.4;Protegida;13;Ciudad Real;Castilla-La Mancha;8
2005;1;856.4;Protegida;13;Ciudad Real;Castilla-La Mancha;8
2006;1;879;Protegida;13;Ciudad Real;Castilla-La Mancha;8
2007;1;889.1;Protegida;13;Ciudad Real;Castilla-La Mancha;8
2008;1;1011.4;Protegida;13;Ciudad Real;Castilla-La Mancha;8
2009;1;1008.8;Protegida;13;Ciudad Real;Castilla-La Mancha;8
2010;1;990.2;Protegida;13;Ciudad Real;Castilla-La Mancha;8
2011;1;998.4;Protegida;13;Ciudad Real;Castilla-La Mancha;8
2012;1;1041.6;Protegida;13;Ciudad Real;Castilla-La Mancha;8
2013;1;999.6;Protegida;13;Ciudad Real;Castilla-La Mancha;8
2014;1;907.2;Protegida;13;Ciudad Real;Castilla-La Mancha;8
2015;1;909.3;Protegida;13;Ciudad Real;Castilla-La Mancha;8
2016;1;909.6;Protegida;13;Ciudad Real;Castilla-La Mancha;8
2017;1;933.6;Protegida;13;Ciudad Real;Castilla-La Mancha;8
2018;1;963.7;Protegida;13;Ciudad Real;Castilla-La Mancha;8
2019;1;940.4;Protegida;13;Ciudad Real;Castilla-La Mancha;8
2020;1;954.6;Protegida;13;Ciudad Real;Castilla-La Mancha;8
2021;1;935.8;Protegida;13;Ciudad Real;Castilla-La Mancha;8
2022;1;961.1;Protegida;13;Ciudad Real;Castilla-La Mancha;8
2023;1;982.9;Protegida;13;Ciudad Real;Castilla-La Mancha;8
2024;1;957.7;Protegida;13;Ciudad Real;Castilla-La Mancha;8
2025;1;1013.4;Protegida;13;Ciudad Real;Castilla-La Mancha;8
2026;1;1030.7;Protegida;13;Ciudad Real;Castilla-La Mancha;8
1995;4;444.2;Libre;13;Ciudad Real;Castilla-La Mancha;8
1996;4;436.1;Libre;13;Ciudad Real;Castilla-La Mancha;8
1997;4;438.6;Libre;13;Ciudad Real;Castilla-La Mancha;8
1998;4;439.4;Libre;13;Ciudad Real;Castilla-La Mancha;8
1999;4;469.9;Libre;13;Ciudad Real;Castilla-La Mancha;8
2000;4;490.9;Libre;13;Ciudad Real;Castilla-La Mancha;8
2001;4;572.1;Libre;13;Ciudad Real;Castilla-La Mancha;8
2002;4;631.7;Libre;13;Ciudad Real;Castilla-La Mancha;8
2003;4;690.4;Libre;13;Ciudad Real;Castilla-La Mancha;8
2004;4;791.8;Libre;13;Ciudad Real;Castilla-La Mancha;8
2005;4;955;Libre;13;Ciudad Real;Castilla-La Mancha;8
2006;4;1040.2;Libre;13;Ciudad Real;Castilla-La Mancha;8
2007;4;1067;Libre;13;Ciudad Real;Castilla-La Mancha;8
2008;4;1025.2;Libre;13;Ciudad Real;Castilla-La Mancha;8
2009;4;965.9;Libre;13;Ciudad Real;Castilla-La Mancha;8
2010;4;1012.2;Libre;13;Ciudad Real;Castilla-La Mancha;8
2011;4;1020.1;Libre;13;Ciudad Real;Castilla-La Mancha;8
2012;4;919;Libre;13;Ciudad Real;Castilla-La Mancha;8
2013;4;801.5;Libre;13;Ciudad Real;Castilla-La Mancha;8
2014;4;774.1;Libre;13;Ciudad Real;Castilla-La Mancha;8
2015;4;792.4;Libre;13;Ciudad Real;Castilla-La Mancha;8
2016;4;786.6;Libre;13;Ciudad Real;Castilla-La Mancha;8
2017;4;765;Libre;13;Ciudad Real;Castilla-La Mancha;8
2018;4;752.1;Libre;13;Ciudad Real;Castilla-La Mancha;8
2019;4;733.9;Libre;13;Ciudad Real;Castilla-La Mancha;8
2020;4;730.9;Libre;13;Ciudad Real;Castilla-La Mancha;8
2021;4;714.9;Libre;13;Ciudad Real;Castilla-La Mancha;8
2022;4;729.6;Libre;13;Ciudad Real;Castilla-La Mancha;8
2023;4;712.5;Libre;13;Ciudad Real;Castilla-La Mancha;8
2024;4;725.5;Libre;13;Ciudad Real;Castilla-La Mancha;8
2025;4;791.1;Libre;13;Ciudad Real;Castilla-La Mancha;8
1995;3;453.9;Libre;13;Ciudad Real;Castilla-La Mancha;8
1996;3;448.2;Libre;13;Ciudad Real;Castilla-La Mancha;8
1997;3;443.4;Libre;13;Ciudad Real;Castilla-La Mancha;8
1998;3;417.6;Libre;13;Ciudad Real;Castilla-La Mancha;8
1999;3;449;Libre;13;Ciudad Real;Castilla-La Mancha;8
2000;3;502.9;Libre;13;Ciudad Real;Castilla-La Mancha;8
2001;3;544;Libre;13;Ciudad Real;Castilla-La Mancha;8
2002;3;612.4;Libre;13;Ciudad Real;Castilla-La Mancha;8
2003;3;675.1;Libre;13;Ciudad Real;Castilla-La Mancha;8
2004;3;733.1;Libre;13;Ciudad Real;Castilla-La Mancha;8
2005;3;888.4;Libre;13;Ciudad Real;Castilla-La Mancha;8
2006;3;1005.1;Libre;13;Ciudad Real;Castilla-La Mancha;8
2007;3;1091.2;Libre;13;Ciudad Real;Castilla-La Mancha;8
2008;3;1067.8;Libre;13;Ciudad Real;Castilla-La Mancha;8
2009;3;956.5;Libre;13;Ciudad Real;Castilla-La Mancha;8
2010;3;991.7;Libre;13;Ciudad Real;Castilla-La Mancha;8
2011;3;978;Libre;13;Ciudad Real;Castilla-La Mancha;8
2012;3;926.4;Libre;13;Ciudad Real;Castilla-La Mancha;8
2013;3;822;Libre;13;Ciudad Real;Castilla-La Mancha;8
2014;3;798;Libre;13;Ciudad Real;Castilla-La Mancha;8
2015;3;771.8;Libre;13;Ciudad Real;Castilla-La Mancha;8
2016;3;775.7;Libre;13;Ciudad Real;Castilla-La Mancha;8
2017;3;770.6;Libre;13;Ciudad Real;Castilla-La Mancha;8
2018;3;766.6;Libre;13;Ciudad Real;Castilla-La Mancha;8
2019;3;734.1;Libre;13;Ciudad Real;Castilla-La Mancha;8
2020;3;718.9;Libre;13;Ciudad Real;Castilla-La Mancha;8
2021;3;711.5;Libre;13;Ciudad Real;Castilla-La Mancha;8
2022;3;719.5;Libre;13;Ciudad Real;Castilla-La Mancha;8
2023;3;719.8;Libre;13;Ciudad Real;Castilla-La Mancha;8
2024;3;713;Libre;13;Ciudad Real;Castilla-La Mancha;8
2025;3;759.9;Libre;13;Ciudad Real;Castilla-La Mancha;8
1995;2;446.6;Libre;13;Ciudad Real;Castilla-La Mancha;8
1996;2;428.1;Libre;13;Ciudad Real;Castilla-La Mancha;8
1997;2;432.9;Libre;13;Ciudad Real;Castilla-La Mancha;8
1998;2;420.9;Libre;13;Ciudad Real;Castilla-La Mancha;8
1999;2;447.4;Libre;13;Ciudad Real;Castilla-La Mancha;8
2000;2;486;Libre;13;Ciudad Real;Castilla-La Mancha;8
2001;2;538.3;Libre;13;Ciudad Real;Castilla-La Mancha;8
2002;2;596.3;Libre;13;Ciudad Real;Castilla-La Mancha;8
2003;2;671.1;Libre;13;Ciudad Real;Castilla-La Mancha;8
2004;2;710.6;Libre;13;Ciudad Real;Castilla-La Mancha;8
2005;2;853;Libre;13;Ciudad Real;Castilla-La Mancha;8
2006;2;1000.2;Libre;13;Ciudad Real;Castilla-La Mancha;8
2007;2;1078.3;Libre;13;Ciudad Real;Castilla-La Mancha;8
2008;2;1080.7;Libre;13;Ciudad Real;Castilla-La Mancha;8
2009;2;966.4;Libre;13;Ciudad Real;Castilla-La Mancha;8
2010;2;993.2;Libre;13;Ciudad Real;Castilla-La Mancha;8
2011;2;965.4;Libre;13;Ciudad Real;Castilla-La Mancha;8
2012;2;928.3;Libre;13;Ciudad Real;Castilla-La Mancha;8
2013;2;836.2;Libre;13;Ciudad Real;Castilla-La Mancha;8
2014;2;788.8;Libre;13;Ciudad Real;Castilla-La Mancha;8
2015;2;791.8;Libre;13;Ciudad Real;Castilla-La Mancha;8
2016;2;782.9;Libre;13;Ciudad Real;Castilla-La Mancha;8
2017;2;769.5;Libre;13;Ciudad Real;Castilla-La Mancha;8
2018;2;749.1;Libre;13;Ciudad Real;Castilla-La Mancha;8
2019;2;727.4;Libre;13;Ciudad Real;Castilla-La Mancha;8
2020;2;705.6;Libre;13;Ciudad Real;Castilla-La Mancha;8
2021;2;710.6;Libre;13;Ciudad Real;Castilla-La Mancha;8
2022;2;732.2;Libre;13;Ciudad Real;Castilla-La Mancha;8
2023;2;708.1;Libre;13;Ciudad Real;Castilla-La Mancha;8
2024;2;724.2;Libre;13;Ciudad Real;Castilla-La Mancha;8
2025;2;747.4;Libre;13;Ciudad Real;Castilla-La Mancha;8
2026;2;854.2;Libre;13;Ciudad Real;Castilla-La Mancha;8
1995;1;444.2;Libre;13;Ciudad Real;Castilla-La Mancha;8
1996;1;427.3;Libre;13;Ciudad Real;Castilla-La Mancha;8
1997;1;424.9;Libre;13;Ciudad Real;Castilla-La Mancha;8
1998;1;432.1;Libre;13;Ciudad Real;Castilla-La Mancha;8
1999;1;441.8;Libre;13;Ciudad Real;Castilla-La Mancha;8
2000;1;476.4;Libre;13;Ciudad Real;Castilla-La Mancha;8
2001;1;513.4;Libre;13;Ciudad Real;Castilla-La Mancha;8
2002;1;584.2;Libre;13;Ciudad Real;Castilla-La Mancha;8
2003;1;655;Libre;13;Ciudad Real;Castilla-La Mancha;8
2004;1;688;Libre;13;Ciudad Real;Castilla-La Mancha;8
2005;1;804.7;Libre;13;Ciudad Real;Castilla-La Mancha;8
2006;1;985;Libre;13;Ciudad Real;Castilla-La Mancha;8
2007;1;1040.9;Libre;13;Ciudad Real;Castilla-La Mancha;8
2008;1;1103.2;Libre;13;Ciudad Real;Castilla-La Mancha;8
2009;1;1003.5;Libre;13;Ciudad Real;Castilla-La Mancha;8
2010;1;974;Libre;13;Ciudad Real;Castilla-La Mancha;8
2011;1;948.3;Libre;13;Ciudad Real;Castilla-La Mancha;8
2012;1;979.2;Libre;13;Ciudad Real;Castilla-La Mancha;8
2013;1;871.9;Libre;13;Ciudad Real;Castilla-La Mancha;8
2014;1;782.8;Libre;13;Ciudad Real;Castilla-La Mancha;8
2015;1;779.5;Libre;13;Ciudad Real;Castilla-La Mancha;8
2016;1;777.1;Libre;13;Ciudad Real;Castilla-La Mancha;8
2017;1;773.5;Libre;13;Ciudad Real;Castilla-La Mancha;8
2018;1;759.9;Libre;13;Ciudad Real;Castilla-La Mancha;8
2019;1;752.8;Libre;13;Ciudad Real;Castilla-La Mancha;8
2020;1;731.9;Libre;13;Ciudad Real;Castilla-La Mancha;8
2021;1;723.4;Libre;13;Ciudad Real;Castilla-La Mancha;8
2022;1;729;Libre;13;Ciudad Real;Castilla-La Mancha;8
2023;1;722.9;Libre;13;Ciudad Real;Castilla-La Mancha;8
2024;1;724;Libre;13;Ciudad Real;Castilla-La Mancha;8
2025;1;747.7;Libre;13;Ciudad Real;Castilla-La Mancha;8
2026;1;827.5;Libre;13;Ciudad Real;Castilla-La Mancha;8
2005;4;863.2;Protegida;2;Albacete;Castilla-La Mancha;8
2006;4;903.4;Protegida;2;Albacete;Castilla-La Mancha;8
2007;4;949.8;Protegida;2;Albacete;Castilla-La Mancha;8
2008;4;1006.1;Protegida;2;Albacete;Castilla-La Mancha;8
2009;4;1007.4;Protegida;2;Albacete;Castilla-La Mancha;8
2010;4;1040.1;Protegida;2;Albacete;Castilla-La Mancha;8
2011;4;1062.9;Protegida;2;Albacete;Castilla-La Mancha;8
2012;4;1054.3;Protegida;2;Albacete;Castilla-La Mancha;8
2013;4;974.7;Protegida;2;Albacete;Castilla-La Mancha;8
2014;4;950.8;Protegida;2;Albacete;Castilla-La Mancha;8
2015;4;922.3;Protegida;2;Albacete;Castilla-La Mancha;8
2016;4;957.6;Protegida;2;Albacete;Castilla-La Mancha;8
2017;4;936.6;Protegida;2;Albacete;Castilla-La Mancha;8
2018;4;932.3;Protegida;2;Albacete;Castilla-La Mancha;8
2019;4;965.5;Protegida;2;Albacete;Castilla-La Mancha;8
2020;4;979;Protegida;2;Albacete;Castilla-La Mancha;8
2021;4;1007.3;Protegida;2;Albacete;Castilla-La Mancha;8
2022;4;1010.2;Protegida;2;Albacete;Castilla-La Mancha;8
2023;4;999.9;Protegida;2;Albacete;Castilla-La Mancha;8
2024;4;1027.9;Protegida;2;Albacete;Castilla-La Mancha;8
2025;4;1079.5;Protegida;2;Albacete;Castilla-La Mancha;8
2005;3;834.5;Protegida;2;Albacete;Castilla-La Mancha;8
2006;3;866.6;Protegida;2;Albacete;Castilla-La Mancha;8
2007;3;920.9;Protegida;2;Albacete;Castilla-La Mancha;8
2008;3;1008.88;Protegida;2;Albacete;Castilla-La Mancha;8
2009;3;1003.6;Protegida;2;Albacete;Castilla-La Mancha;8
2010;3;1031.4;Protegida;2;Albacete;Castilla-La Mancha;8
2011;3;1095.3;Protegida;2;Albacete;Castilla-La Mancha;8
2012;3;1045.5;Protegida;2;Albacete;Castilla-La Mancha;8
2013;3;983.9;Protegida;2;Albacete;Castilla-La Mancha;8
2014;3;958.8;Protegida;2;Albacete;Castilla-La Mancha;8
2015;3;948.3;Protegida;2;Albacete;Castilla-La Mancha;8
2016;3;932.6;Protegida;2;Albacete;Castilla-La Mancha;8
2017;3;944.9;Protegida;2;Albacete;Castilla-La Mancha;8
2018;3;934.7;Protegida;2;Albacete;Castilla-La Mancha;8
2019;3;986.2;Protegida;2;Albacete;Castilla-La Mancha;8
2020;3;977.8;Protegida;2;Albacete;Castilla-La Mancha;8
2021;3;986.6;Protegida;2;Albacete;Castilla-La Mancha;8
2022;3;1005.6;Protegida;2;Albacete;Castilla-La Mancha;8
2023;3;983.9;Protegida;2;Albacete;Castilla-La Mancha;8
2024;3;1004.7;Protegida;2;Albacete;Castilla-La Mancha;8
2025;3;1072.4;Protegida;2;Albacete;Castilla-La Mancha;8
2005;2;832.5;Protegida;2;Albacete;Castilla-La Mancha;8
2006;2;882.9;Protegida;2;Albacete;Castilla-La Mancha;8
2007;2;913.3;Protegida;2;Albacete;Castilla-La Mancha;8
2008;2;980;Protegida;2;Albacete;Castilla-La Mancha;8
2009;2;994.2;Protegida;2;Albacete;Castilla-La Mancha;8
2010;2;1028.9;Protegida;2;Albacete;Castilla-La Mancha;8
2011;2;1099.8;Protegida;2;Albacete;Castilla-La Mancha;8
2012;2;1019.6;Protegida;2;Albacete;Castilla-La Mancha;8
2013;2;1011.7;Protegida;2;Albacete;Castilla-La Mancha;8
2014;2;963.1;Protegida;2;Albacete;Castilla-La Mancha;8
2015;2;950.1;Protegida;2;Albacete;Castilla-La Mancha;8
2016;2;943.5;Protegida;2;Albacete;Castilla-La Mancha;8
2017;2;949.4;Protegida;2;Albacete;Castilla-La Mancha;8
2018;2;936;Protegida;2;Albacete;Castilla-La Mancha;8
2019;2;966.7;Protegida;2;Albacete;Castilla-La Mancha;8
2020;2;965.9;Protegida;2;Albacete;Castilla-La Mancha;8
2021;2;990.3;Protegida;2;Albacete;Castilla-La Mancha;8
2022;2;1021.1;Protegida;2;Albacete;Castilla-La Mancha;8
2023;2;992.3;Protegida;2;Albacete;Castilla-La Mancha;8
2024;2;994.3;Protegida;2;Albacete;Castilla-La Mancha;8
2025;2;1069.4;Protegida;2;Albacete;Castilla-La Mancha;8
2026;2;1123.3;Protegida;2;Albacete;Castilla-La Mancha;8
2005;1;834.9;Protegida;2;Albacete;Castilla-La Mancha;8
2006;1;873.2;Protegida;2;Albacete;Castilla-La Mancha;8
2007;1;920;Protegida;2;Albacete;Castilla-La Mancha;8
2008;1;982.6;Protegida;2;Albacete;Castilla-La Mancha;8
2009;1;1008.7;Protegida;2;Albacete;Castilla-La Mancha;8
2010;1;1009.3;Protegida;2;Albacete;Castilla-La Mancha;8
2011;1;1085.5;Protegida;2;Albacete;Castilla-La Mancha;8
2012;1;1048;Protegida;2;Albacete;Castilla-La Mancha;8
2013;1;1019.2;Protegida;2;Albacete;Castilla-La Mancha;8
2014;1;965.2;Protegida;2;Albacete;Castilla-La Mancha;8
2015;1;949.7;Protegida;2;Albacete;Castilla-La Mancha;8
2016;1;920.2;Protegida;2;Albacete;Castilla-La Mancha;8
2017;1;934.2;Protegida;2;Albacete;Castilla-La Mancha;8
2018;1;947.7;Protegida;2;Albacete;Castilla-La Mancha;8
2019;1;956;Protegida;2;Albacete;Castilla-La Mancha;8
2020;1;943.2;Protegida;2;Albacete;Castilla-La Mancha;8
2021;1;982.2;Protegida;2;Albacete;Castilla-La Mancha;8
2022;1;999.2;Protegida;2;Albacete;Castilla-La Mancha;8
2023;1;985.9;Protegida;2;Albacete;Castilla-La Mancha;8
2024;1;1002.2;Protegida;2;Albacete;Castilla-La Mancha;8
2025;1;1048.6;Protegida;2;Albacete;Castilla-La Mancha;8
2026;1;1097.4;Protegida;2;Albacete;Castilla-La Mancha;8
1995;1;438.7;Libre;2;Albacete;Castilla-La Mancha;8
1996;1;443;Libre;2;Albacete;Castilla-La Mancha;8
1997;1;461.6;Libre;2;Albacete;Castilla-La Mancha;8
1998;1;479;Libre;2;Albacete;Castilla-La Mancha;8
1999;1;506.3;Libre;2;Albacete;Castilla-La Mancha;8
2000;1;553.2;Libre;2;Albacete;Castilla-La Mancha;8
2001;1;613.3;Libre;2;Albacete;Castilla-La Mancha;8
2002;1;699.5;Libre;2;Albacete;Castilla-La Mancha;8
2003;1;736.6;Libre;2;Albacete;Castilla-La Mancha;8
2004;1;854.4;Libre;2;Albacete;Castilla-La Mancha;8
2005;1;1091.2;Libre;2;Albacete;Castilla-La Mancha;8
2006;1;1222.1;Libre;2;Albacete;Castilla-La Mancha;8
2007;1;1322.2;Libre;2;Albacete;Castilla-La Mancha;8
2008;1;1343.3;Libre;2;Albacete;Castilla-La Mancha;8
2009;1;1212.3;Libre;2;Albacete;Castilla-La Mancha;8
2010;1;1216.7;Libre;2;Albacete;Castilla-La Mancha;8
2011;1;1203.1;Libre;2;Albacete;Castilla-La Mancha;8
2012;1;1117.6;Libre;2;Albacete;Castilla-La Mancha;8
2013;1;1027.1;Libre;2;Albacete;Castilla-La Mancha;8
2014;1;944.2;Libre;2;Albacete;Castilla-La Mancha;8
2015;1;959.5;Libre;2;Albacete;Castilla-La Mancha;8
2016;1;953.3;Libre;2;Albacete;Castilla-La Mancha;8
2017;1;936.5;Libre;2;Albacete;Castilla-La Mancha;8
2018;1;905.1;Libre;2;Albacete;Castilla-La Mancha;8
2019;1;922.7;Libre;2;Albacete;Castilla-La Mancha;8
2020;1;893.7;Libre;2;Albacete;Castilla-La Mancha;8
2021;1;896.4;Libre;2;Albacete;Castilla-La Mancha;8
2022;1;924.7;Libre;2;Albacete;Castilla-La Mancha;8
2023;1;950.7;Libre;2;Albacete;Castilla-La Mancha;8
2024;1;1004.9;Libre;2;Albacete;Castilla-La Mancha;8
2025;1;1063.3;Libre;2;Albacete;Castilla-La Mancha;8
2026;1;1189.7;Libre;2;Albacete;Castilla-La Mancha;8
1995;2;432.1;Libre;2;Albacete;Castilla-La Mancha;8
1996;2;433.2;Libre;2;Albacete;Castilla-La Mancha;8
1997;2;443;Libre;2;Albacete;Castilla-La Mancha;8
1998;2;477.9;Libre;2;Albacete;Castilla-La Mancha;8
1999;2;519.4;Libre;2;Albacete;Castilla-La Mancha;8
2000;2;544.5;Libre;2;Albacete;Castilla-La Mancha;8
2001;2;641.6;Libre;2;Albacete;Castilla-La Mancha;8
2002;2;740.9;Libre;2;Albacete;Castilla-La Mancha;8
2003;2;790;Libre;2;Albacete;Castilla-La Mancha;8
2004;2;856.6;Libre;2;Albacete;Castilla-La Mancha;8
2005;2;1168.7;Libre;2;Albacete;Castilla-La Mancha;8
2006;2;1260.3;Libre;2;Albacete;Castilla-La Mancha;8
2007;2;1367.3;Libre;2;Albacete;Castilla-La Mancha;8
2008;2;1377.1;Libre;2;Albacete;Castilla-La Mancha;8
2009;2;1165;Libre;2;Albacete;Castilla-La Mancha;8
2010;2;1248.3;Libre;2;Albacete;Castilla-La Mancha;8
2011;2;1181.4;Libre;2;Albacete;Castilla-La Mancha;8
2012;2;1088.5;Libre;2;Albacete;Castilla-La Mancha;8
2013;2;988.1;Libre;2;Albacete;Castilla-La Mancha;8
2014;2;939.6;Libre;2;Albacete;Castilla-La Mancha;8
2015;2;969.7;Libre;2;Albacete;Castilla-La Mancha;8
2016;2;934.4;Libre;2;Albacete;Castilla-La Mancha;8
2017;2;924.8;Libre;2;Albacete;Castilla-La Mancha;8
2018;2;897.6;Libre;2;Albacete;Castilla-La Mancha;8
2019;2;942.9;Libre;2;Albacete;Castilla-La Mancha;8
2020;2;889.5;Libre;2;Albacete;Castilla-La Mancha;8
2021;2;920.3;Libre;2;Albacete;Castilla-La Mancha;8
2022;2;934.4;Libre;2;Albacete;Castilla-La Mancha;8
2023;2;951.2;Libre;2;Albacete;Castilla-La Mancha;8
2024;2;1006.5;Libre;2;Albacete;Castilla-La Mancha;8
2025;2;1086.3;Libre;2;Albacete;Castilla-La Mancha;8
2026;2;1236.2;Libre;2;Albacete;Castilla-La Mancha;8
1995;3;422.3;Libre;2;Albacete;Castilla-La Mancha;8
1996;3;438.7;Libre;2;Albacete;Castilla-La Mancha;8
1997;3;479;Libre;2;Albacete;Castilla-La Mancha;8
1998;3;489.9;Libre;2;Albacete;Castilla-La Mancha;8
1999;3;544.5;Libre;2;Albacete;Castilla-La Mancha;8
2000;3;559.8;Libre;2;Albacete;Castilla-La Mancha;8
2001;3;636.2;Libre;2;Albacete;Castilla-La Mancha;8
2002;3;736.6;Libre;2;Albacete;Castilla-La Mancha;8
2003;3;814;Libre;2;Albacete;Castilla-La Mancha;8
2004;3;903.5;Libre;2;Albacete;Castilla-La Mancha;8
2005;3;1191.6;Libre;2;Albacete;Castilla-La Mancha;8
2006;3;1275.6;Libre;2;Albacete;Castilla-La Mancha;8
2007;3;1354.2;Libre;2;Albacete;Castilla-La Mancha;8
2008;3;1330.2;Libre;2;Albacete;Castilla-La Mancha;8
2009;3;1146.9;Libre;2;Albacete;Castilla-La Mancha;8
2010;3;1203.1;Libre;2;Albacete;Castilla-La Mancha;8
2011;3;1167.2;Libre;2;Albacete;Castilla-La Mancha;8
2012;3;1075.4;Libre;2;Albacete;Castilla-La Mancha;8
2013;3;981.2;Libre;2;Albacete;Castilla-La Mancha;8
2014;3;922.9;Libre;2;Albacete;Castilla-La Mancha;8
2015;3;945.3;Libre;2;Albacete;Castilla-La Mancha;8
2016;3;922.2;Libre;2;Albacete;Castilla-La Mancha;8
2017;3;911.3;Libre;2;Albacete;Castilla-La Mancha;8
2018;3;916.7;Libre;2;Albacete;Castilla-La Mancha;8
2019;3;924.8;Libre;2;Albacete;Castilla-La Mancha;8
2020;3;902.1;Libre;2;Albacete;Castilla-La Mancha;8
2021;3;903.5;Libre;2;Albacete;Castilla-La Mancha;8
2022;3;929.2;Libre;2;Albacete;Castilla-La Mancha;8
2023;3;984.6;Libre;2;Albacete;Castilla-La Mancha;8
2024;3;1003.7;Libre;2;Albacete;Castilla-La Mancha;8
2025;3;1114.9;Libre;2;Albacete;Castilla-La Mancha;8
1995;4;462.7;Libre;2;Albacete;Castilla-La Mancha;8
1996;4;469.2;Libre;2;Albacete;Castilla-La Mancha;8
1997;4;474.7;Libre;2;Albacete;Castilla-La Mancha;8
1998;4;504.1;Libre;2;Albacete;Castilla-La Mancha;8
1999;4;550;Libre;2;Albacete;Castilla-La Mancha;8
2000;4;596.9;Libre;2;Albacete;Castilla-La Mancha;8
2001;4;653.6;Libre;2;Albacete;Castilla-La Mancha;8
2002;4;737.7;Libre;2;Albacete;Castilla-La Mancha;8
2003;4;830.4;Libre;2;Albacete;Castilla-La Mancha;8
2004;4;1006.1;Libre;2;Albacete;Castilla-La Mancha;8
2005;4;1189.2;Libre;2;Albacete;Castilla-La Mancha;8
2006;4;1305.9;Libre;2;Albacete;Castilla-La Mancha;8
2007;4;1329.1;Libre;2;Albacete;Castilla-La Mancha;8
2008;4;1282.2;Libre;2;Albacete;Castilla-La Mancha;8
2009;4;1192.5;Libre;2;Albacete;Castilla-La Mancha;8
2010;4;1233.3;Libre;2;Albacete;Castilla-La Mancha;8
2011;4;1159;Libre;2;Albacete;Castilla-La Mancha;8
2012;4;1091.5;Libre;2;Albacete;Castilla-La Mancha;8
2013;4;940;Libre;2;Albacete;Castilla-La Mancha;8
2014;4;931.8;Libre;2;Albacete;Castilla-La Mancha;8
2015;4;961.3;Libre;2;Albacete;Castilla-La Mancha;8
2016;4;950.6;Libre;2;Albacete;Castilla-La Mancha;8
2017;4;932.9;Libre;2;Albacete;Castilla-La Mancha;8
2018;4;941.8;Libre;2;Albacete;Castilla-La Mancha;8
2019;4;917.7;Libre;2;Albacete;Castilla-La Mancha;8
2020;4;913;Libre;2;Albacete;Castilla-La Mancha;8
2021;4;918.9;Libre;2;Albacete;Castilla-La Mancha;8
2022;4;934.9;Libre;2;Albacete;Castilla-La Mancha;8
2023;4;984.3;Libre;2;Albacete;Castilla-La Mancha;8
2024;4;1029.1;Libre;2;Albacete;Castilla-La Mancha;8
2025;4;1144.2;Libre;2;Albacete;Castilla-La Mancha;8
2005;1;811.2;Protegida;45;Toledo;Castilla-La Mancha;8
2006;1;823.5;Protegida;45;Toledo;Castilla-La Mancha;8
2007;1;867.2;Protegida;45;Toledo;Castilla-La Mancha;8
2008;1;950.6;Protegida;45;Toledo;Castilla-La Mancha;8
2009;1;1004.1;Protegida;45;Toledo;Castilla-La Mancha;8
2010;1;1053.9;Protegida;45;Toledo;Castilla-La Mancha;8
2011;1;1063.9;Protegida;45;Toledo;Castilla-La Mancha;8
2012;1;1082.2;Protegida;45;Toledo;Castilla-La Mancha;8
2013;1;1057.4;Protegida;45;Toledo;Castilla-La Mancha;8
2014;1;1031.5;Protegida;45;Toledo;Castilla-La Mancha;8
2015;1;944.7;Protegida;45;Toledo;Castilla-La Mancha;8
2016;1;928.5;Protegida;45;Toledo;Castilla-La Mancha;8
2017;1;959.3;Protegida;45;Toledo;Castilla-La Mancha;8
2018;1;979.9;Protegida;45;Toledo;Castilla-La Mancha;8
2019;1;983.2;Protegida;45;Toledo;Castilla-La Mancha;8
2020;1;963.3;Protegida;45;Toledo;Castilla-La Mancha;8
2021;1;965.4;Protegida;45;Toledo;Castilla-La Mancha;8
2022;1;996.2;Protegida;45;Toledo;Castilla-La Mancha;8
2023;1;1009;Protegida;45;Toledo;Castilla-La Mancha;8
2024;1;993.8;Protegida;45;Toledo;Castilla-La Mancha;8
2025;1;1008.1;Protegida;45;Toledo;Castilla-La Mancha;8
2026;1;1074.1;Protegida;45;Toledo;Castilla-La Mancha;8
2005;2;800.9;Protegida;45;Toledo;Castilla-La Mancha;8
2006;2;859.5;Protegida;45;Toledo;Castilla-La Mancha;8
2007;2;887;Protegida;45;Toledo;Castilla-La Mancha;8
2008;2;978.3;Protegida;45;Toledo;Castilla-La Mancha;8
2009;2;1003.1;Protegida;45;Toledo;Castilla-La Mancha;8
2010;2;1060.6;Protegida;45;Toledo;Castilla-La Mancha;8
2011;2;1043.3;Protegida;45;Toledo;Castilla-La Mancha;8
2012;2;1105.9;Protegida;45;Toledo;Castilla-La Mancha;8
2013;2;1077.1;Protegida;45;Toledo;Castilla-La Mancha;8
2014;2;1009.1;Protegida;45;Toledo;Castilla-La Mancha;8
2015;2;918.1;Protegida;45;Toledo;Castilla-La Mancha;8
2016;2;962.1;Protegida;45;Toledo;Castilla-La Mancha;8
2017;2;979.6;Protegida;45;Toledo;Castilla-La Mancha;8
2018;2;972.6;Protegida;45;Toledo;Castilla-La Mancha;8
2019;2;972.8;Protegida;45;Toledo;Castilla-La Mancha;8
2020;2;985.8;Protegida;45;Toledo;Castilla-La Mancha;8
2021;2;987.1;Protegida;45;Toledo;Castilla-La Mancha;8
2022;2;1009.1;Protegida;45;Toledo;Castilla-La Mancha;8
2023;2;1011.1;Protegida;45;Toledo;Castilla-La Mancha;8
2024;2;1013.3;Protegida;45;Toledo;Castilla-La Mancha;8
2025;2;1030.1;Protegida;45;Toledo;Castilla-La Mancha;8
2026;2;1072;Protegida;45;Toledo;Castilla-La Mancha;8
2005;3;830;Protegida;45;Toledo;Castilla-La Mancha;8
2006;3;868.2;Protegida;45;Toledo;Castilla-La Mancha;8
2007;3;896.8;Protegida;45;Toledo;Castilla-La Mancha;8
2008;3;994.999;Protegida;45;Toledo;Castilla-La Mancha;8
2009;3;1014.9;Protegida;45;Toledo;Castilla-La Mancha;8
2010;3;1053.9;Protegida;45;Toledo;Castilla-La Mancha;8
2011;3;1071.2;Protegida;45;Toledo;Castilla-La Mancha;8
2012;3;1113.4;Protegida;45;Toledo;Castilla-La Mancha;8
2013;3;1063.8;Protegida;45;Toledo;Castilla-La Mancha;8
2014;3;987.8;Protegida;45;Toledo;Castilla-La Mancha;8
2015;3;932.5;Protegida;45;Toledo;Castilla-La Mancha;8
2016;3;968.5;Protegida;45;Toledo;Castilla-La Mancha;8
2017;3;958.5;Protegida;45;Toledo;Castilla-La Mancha;8
2018;3;967.7;Protegida;45;Toledo;Castilla-La Mancha;8
2019;3;955.4;Protegida;45;Toledo;Castilla-La Mancha;8
2020;3;993.3;Protegida;45;Toledo;Castilla-La Mancha;8
2021;3;1019.9;Protegida;45;Toledo;Castilla-La Mancha;8
2022;3;1004.1;Protegida;45;Toledo;Castilla-La Mancha;8
2023;3;1008;Protegida;45;Toledo;Castilla-La Mancha;8
2024;3;1005.8;Protegida;45;Toledo;Castilla-La Mancha;8
2025;3;1035.9;Protegida;45;Toledo;Castilla-La Mancha;8
2005;4;839.1;Protegida;45;Toledo;Castilla-La Mancha;8
2006;4;878.1;Protegida;45;Toledo;Castilla-La Mancha;8
2007;4;905.9;Protegida;45;Toledo;Castilla-La Mancha;8
2008;4;1015.5;Protegida;45;Toledo;Castilla-La Mancha;8
2009;4;1019.8;Protegida;45;Toledo;Castilla-La Mancha;8
2010;4;1049.8;Protegida;45;Toledo;Castilla-La Mancha;8
2011;4;1047.5;Protegida;45;Toledo;Castilla-La Mancha;8
2013;4;1040.4;Protegida;45;Toledo;Castilla-La Mancha;8
2014;4;962.4;Protegida;45;Toledo;Castilla-La Mancha;8
2015;4;935.8;Protegida;45;Toledo;Castilla-La Mancha;8
2016;4;973.3;Protegida;45;Toledo;Castilla-La Mancha;8
2017;4;953.5;Protegida;45;Toledo;Castilla-La Mancha;8
2018;4;990.1;Protegida;45;Toledo;Castilla-La Mancha;8
2019;4;944.6;Protegida;45;Toledo;Castilla-La Mancha;8
2020;4;977.6;Protegida;45;Toledo;Castilla-La Mancha;8
2021;4;1000.9;Protegida;45;Toledo;Castilla-La Mancha;8
2022;4;1012.3;Protegida;45;Toledo;Castilla-La Mancha;8
2023;4;996.2;Protegida;45;Toledo;Castilla-La Mancha;8
2024;4;1011.8;Protegida;45;Toledo;Castilla-La Mancha;8
2025;4;1037.9;Protegida;45;Toledo;Castilla-La Mancha;8
1995;4;467.8;Libre;45;Toledo;Castilla-La Mancha;8
1996;4;471.6;Libre;45;Toledo;Castilla-La Mancha;8
1997;4;464.1;Libre;45;Toledo;Castilla-La Mancha;8
1998;4;494;Libre;45;Toledo;Castilla-La Mancha;8
1999;4;504;Libre;45;Toledo;Castilla-La Mancha;8
2000;4;568.9;Libre;45;Toledo;Castilla-La Mancha;8
2001;4;637.5;Libre;45;Toledo;Castilla-La Mancha;8
2002;4;742.3;Libre;45;Toledo;Castilla-La Mancha;8
2003;4;955.6;Libre;45;Toledo;Castilla-La Mancha;8
2004;4;1191.4;Libre;45;Toledo;Castilla-La Mancha;8
2005;4;1316.1;Libre;45;Toledo;Castilla-La Mancha;8
2006;4;1435.1;Libre;45;Toledo;Castilla-La Mancha;8
2007;4;1477;Libre;45;Toledo;Castilla-La Mancha;8
2008;4;1388.5;Libre;45;Toledo;Castilla-La Mancha;8
2009;4;1253.7;Libre;45;Toledo;Castilla-La Mancha;8
2010;4;1185.1;Libre;45;Toledo;Castilla-La Mancha;8
2011;4;1133.1;Libre;45;Toledo;Castilla-La Mancha;8
2012;4;1006.1;Libre;45;Toledo;Castilla-La Mancha;8
2013;4;852.2;Libre;45;Toledo;Castilla-La Mancha;8
2014;4;806.9;Libre;45;Toledo;Castilla-La Mancha;8
2015;4;809;Libre;45;Toledo;Castilla-La Mancha;8
2016;4;813.1;Libre;45;Toledo;Castilla-La Mancha;8
2017;4;796.5;Libre;45;Toledo;Castilla-La Mancha;8
2018;4;837.2;Libre;45;Toledo;Castilla-La Mancha;8
2019;4;849.7;Libre;45;Toledo;Castilla-La Mancha;8
2020;4;849.8;Libre;45;Toledo;Castilla-La Mancha;8
2021;4;880;Libre;45;Toledo;Castilla-La Mancha;8
2022;4;892.2;Libre;45;Toledo;Castilla-La Mancha;8
2023;4;930.9;Libre;45;Toledo;Castilla-La Mancha;8
2024;4;1010.7;Libre;45;Toledo;Castilla-La Mancha;8
2025;4;1143.5;Libre;45;Toledo;Castilla-La Mancha;8
1995;3;461.6;Libre;45;Toledo;Castilla-La Mancha;8
1996;3;465.3;Libre;45;Toledo;Castilla-La Mancha;8
1997;3;475.3;Libre;45;Toledo;Castilla-La Mancha;8
1998;3;485.3;Libre;45;Toledo;Castilla-La Mancha;8
1999;3;495.3;Libre;45;Toledo;Castilla-La Mancha;8
2000;3;558.9;Libre;45;Toledo;Castilla-La Mancha;8
2001;3;626.2;Libre;45;Toledo;Castilla-La Mancha;8
2002;3;753.5;Libre;45;Toledo;Castilla-La Mancha;8
2003;3;903.2;Libre;45;Toledo;Castilla-La Mancha;8
2004;3;1127.7;Libre;45;Toledo;Castilla-La Mancha;8
2005;3;1317.4;Libre;45;Toledo;Castilla-La Mancha;8
2006;3;1412.7;Libre;45;Toledo;Castilla-La Mancha;8
2007;3;1457.1;Libre;45;Toledo;Castilla-La Mancha;8
2008;3;1418.4;Libre;45;Toledo;Castilla-La Mancha;8
2009;3;1227.5;Libre;45;Toledo;Castilla-La Mancha;8
2010;3;1225;Libre;45;Toledo;Castilla-La Mancha;8
2011;3;1125.2;Libre;45;Toledo;Castilla-La Mancha;8
2012;3;1024.6;Libre;45;Toledo;Castilla-La Mancha;8
2013;3;876.1;Libre;45;Toledo;Castilla-La Mancha;8
2014;3;815.3;Libre;45;Toledo;Castilla-La Mancha;8
2015;3;810.5;Libre;45;Toledo;Castilla-La Mancha;8
2016;3;800.3;Libre;45;Toledo;Castilla-La Mancha;8
2017;3;799.4;Libre;45;Toledo;Castilla-La Mancha;8
2018;3;809.6;Libre;45;Toledo;Castilla-La Mancha;8
2019;3;838.2;Libre;45;Toledo;Castilla-La Mancha;8
2020;3;838.1;Libre;45;Toledo;Castilla-La Mancha;8
2021;3;867.5;Libre;45;Toledo;Castilla-La Mancha;8
2022;3;880.4;Libre;45;Toledo;Castilla-La Mancha;8
2023;3;934.8;Libre;45;Toledo;Castilla-La Mancha;8
2024;3;979.8;Libre;45;Toledo;Castilla-La Mancha;8
2025;3;1097.6;Libre;45;Toledo;Castilla-La Mancha;8
1995;2;471.6;Libre;45;Toledo;Castilla-La Mancha;8
1996;2;457.8;Libre;45;Toledo;Castilla-La Mancha;8
1997;2;477.8;Libre;45;Toledo;Castilla-La Mancha;8
1998;2;477.8;Libre;45;Toledo;Castilla-La Mancha;8
1999;2;496.5;Libre;45;Toledo;Castilla-La Mancha;8
2000;2;545.2;Libre;45;Toledo;Castilla-La Mancha;8
2001;2;606.3;Libre;45;Toledo;Castilla-La Mancha;8
2002;2;722.3;Libre;45;Toledo;Castilla-La Mancha;8
2003;2;834.6;Libre;45;Toledo;Castilla-La Mancha;8
2004;2;1055.4;Libre;45;Toledo;Castilla-La Mancha;8
2005;2;1247.5;Libre;45;Toledo;Castilla-La Mancha;8
2006;2;1391;Libre;45;Toledo;Castilla-La Mancha;8
2007;2;1454.6;Libre;45;Toledo;Castilla-La Mancha;8
2008;2;1462.1;Libre;45;Toledo;Castilla-La Mancha;8
2009;2;1236.6;Libre;45;Toledo;Castilla-La Mancha;8
2010;2;1205.1;Libre;45;Toledo;Castilla-La Mancha;8
2011;2;1160;Libre;45;Toledo;Castilla-La Mancha;8
2012;2;1065.1;Libre;45;Toledo;Castilla-La Mancha;8
2013;2;910.7;Libre;45;Toledo;Castilla-La Mancha;8
2014;2;827.8;Libre;45;Toledo;Castilla-La Mancha;8
2015;2;803.1;Libre;45;Toledo;Castilla-La Mancha;8
2016;2;790.9;Libre;45;Toledo;Castilla-La Mancha;8
2017;2;798.5;Libre;45;Toledo;Castilla-La Mancha;8
2018;2;798.4;Libre;45;Toledo;Castilla-La Mancha;8
2019;2;826.7;Libre;45;Toledo;Castilla-La Mancha;8
2020;2;815.2;Libre;45;Toledo;Castilla-La Mancha;8
2021;2;850.2;Libre;45;Toledo;Castilla-La Mancha;8
2022;2;884.2;Libre;45;Toledo;Castilla-La Mancha;8
2023;2;942.2;Libre;45;Toledo;Castilla-La Mancha;8
2024;2;959.9;Libre;45;Toledo;Castilla-La Mancha;8
2025;2;1075.5;Libre;45;Toledo;Castilla-La Mancha;8
2026;2;1261.3;Libre;45;Toledo;Castilla-La Mancha;8
1995;1;477.8;Libre;45;Toledo;Castilla-La Mancha;8
1996;1;457.8;Libre;45;Toledo;Castilla-La Mancha;8
1997;1;469.1;Libre;45;Toledo;Castilla-La Mancha;8
1998;1;470.3;Libre;45;Toledo;Castilla-La Mancha;8
1999;1;496.5;Libre;45;Toledo;Castilla-La Mancha;8
2000;1;530.2;Libre;45;Toledo;Castilla-La Mancha;8
2001;1;590.1;Libre;45;Toledo;Castilla-La Mancha;8
2002;1;671.2;Libre;45;Toledo;Castilla-La Mancha;8
2003;1;810.9;Libre;45;Toledo;Castilla-La Mancha;8
2004;1;998;Libre;45;Toledo;Castilla-La Mancha;8
2005;1;1247.5;Libre;45;Toledo;Castilla-La Mancha;8
2006;1;1347.3;Libre;45;Toledo;Castilla-La Mancha;8
2007;1;1452.1;Libre;45;Toledo;Castilla-La Mancha;8
2008;1;1497;Libre;45;Toledo;Castilla-La Mancha;8
2009;1;1276.2;Libre;45;Toledo;Castilla-La Mancha;8
2010;1;1236.3;Libre;45;Toledo;Castilla-La Mancha;8
2011;1;1162.7;Libre;45;Toledo;Castilla-La Mancha;8
2012;1;1073.7;Libre;45;Toledo;Castilla-La Mancha;8
2013;1;944.7;Libre;45;Toledo;Castilla-La Mancha;8
2014;1;821.1;Libre;45;Toledo;Castilla-La Mancha;8
2015;1;811.2;Libre;45;Toledo;Castilla-La Mancha;8
2016;1;820.1;Libre;45;Toledo;Castilla-La Mancha;8
2017;1;804.1;Libre;45;Toledo;Castilla-La Mancha;8
2018;1;800.8;Libre;45;Toledo;Castilla-La Mancha;8
2019;1;831.6;Libre;45;Toledo;Castilla-La Mancha;8
2020;1;835;Libre;45;Toledo;Castilla-La Mancha;8
2021;1;830.9;Libre;45;Toledo;Castilla-La Mancha;8
2022;1;904.8;Libre;45;Toledo;Castilla-La Mancha;8
2023;1;918.6;Libre;45;Toledo;Castilla-La Mancha;8
2024;1;947.1;Libre;45;Toledo;Castilla-La Mancha;8
2025;1;1049.6;Libre;45;Toledo;Castilla-La Mancha;8
2026;1;1218.8;Libre;45;Toledo;Castilla-La Mancha;8
1995;1;706.6;Libre;42;Soria;Castilla y León;7
1996;1;734.8;Libre;42;Soria;Castilla y León;7
1997;1;673.7;Libre;42;Soria;Castilla y León;7
1998;1;760.7;Libre;42;Soria;Castilla y León;7
1999;1;743;Libre;42;Soria;Castilla y León;7
2000;1;824.2;Libre;42;Soria;Castilla y León;7
2001;1;851.2;Libre;42;Soria;Castilla y León;7
2002;1;860.6;Libre;42;Soria;Castilla y León;7
2003;1;966.4;Libre;42;Soria;Castilla y León;7
2004;1;1047.5;Libre;42;Soria;Castilla y León;7
2005;1;1175.7;Libre;42;Soria;Castilla y León;7
2006;1;1326.2;Libre;42;Soria;Castilla y León;7
2007;1;1337.3;Libre;42;Soria;Castilla y León;7
2008;1;1347.4;Libre;42;Soria;Castilla y León;7
2009;1;1336.8;Libre;42;Soria;Castilla y León;7
2010;1;1346.2;Libre;42;Soria;Castilla y León;7
2011;1;1383.8;Libre;42;Soria;Castilla y León;7
2012;1;1358.7;Libre;42;Soria;Castilla y León;7
2013;1;1129.5;Libre;42;Soria;Castilla y León;7
2014;1;1116.7;Libre;42;Soria;Castilla y León;7
2015;1;1026.1;Libre;42;Soria;Castilla y León;7
2016;1;1069.3;Libre;42;Soria;Castilla y León;7
2017;1;1036.8;Libre;42;Soria;Castilla y León;7
2018;1;1034.3;Libre;42;Soria;Castilla y León;7
2019;1;990.1;Libre;42;Soria;Castilla y León;7
2020;1;951.4;Libre;42;Soria;Castilla y León;7
2021;1;915.5;Libre;42;Soria;Castilla y León;7
2022;1;907.7;Libre;42;Soria;Castilla y León;7
2023;1;929.5;Libre;42;Soria;Castilla y León;7
2024;1;935.4;Libre;42;Soria;Castilla y León;7
2025;1;1004.8;Libre;42;Soria;Castilla y León;7
2026;1;1103.8;Libre;42;Soria;Castilla y León;7
1995;2;701.9;Libre;42;Soria;Castilla y León;7
1996;2;727.8;Libre;42;Soria;Castilla y León;7
1997;2;731.3;Libre;42;Soria;Castilla y León;7
1998;2;767.7;Libre;42;Soria;Castilla y León;7
1999;2;736;Libre;42;Soria;Castilla y León;7
2000;2;791.2;Libre;42;Soria;Castilla y León;7
2001;2;894.7;Libre;42;Soria;Castilla y León;7
2002;2;919.4;Libre;42;Soria;Castilla y León;7
2003;2;972.3;Libre;42;Soria;Castilla y León;7
2004;2;1061.7;Libre;42;Soria;Castilla y León;7
2005;2;1214.5;Libre;42;Soria;Castilla y León;7
2006;2;1353.2;Libre;42;Soria;Castilla y León;7
2007;2;1358.5;Libre;42;Soria;Castilla y León;7
2008;2;1405.3;Libre;42;Soria;Castilla y León;7
2009;2;1344.8;Libre;42;Soria;Castilla y León;7
2010;2;1382.9;Libre;42;Soria;Castilla y León;7
2011;2;1329.8;Libre;42;Soria;Castilla y León;7
2012;2;0;Libre;42;Soria;Castilla y León;7
2013;2;1129.2;Libre;42;Soria;Castilla y León;7
2014;2;1086.3;Libre;42;Soria;Castilla y León;7
2015;2;1068.4;Libre;42;Soria;Castilla y León;7
2016;2;1086.4;Libre;42;Soria;Castilla y León;7
2017;2;1026.3;Libre;42;Soria;Castilla y León;7
2018;2;1003.8;Libre;42;Soria;Castilla y León;7
2019;2;990.7;Libre;42;Soria;Castilla y León;7
2020;2;923.8;Libre;42;Soria;Castilla y León;7
2021;2;881.5;Libre;42;Soria;Castilla y León;7
2022;2;931.7;Libre;42;Soria;Castilla y León;7
2023;2;942.5;Libre;42;Soria;Castilla y León;7
2024;2;967.9;Libre;42;Soria;Castilla y León;7
2025;2;1026.9;Libre;42;Soria;Castilla y León;7
2026;2;1192.6;Libre;42;Soria;Castilla y León;7
1995;3;692.5;Libre;42;Soria;Castilla y León;7
1996;3;707.8;Libre;42;Soria;Castilla y León;7
1997;3;694.8;Libre;42;Soria;Castilla y León;7
1998;3;756;Libre;42;Soria;Castilla y León;7
1999;3;771.3;Libre;42;Soria;Castilla y León;7
2000;3;827.7;Libre;42;Soria;Castilla y León;7
2001;3;911.2;Libre;42;Soria;Castilla y León;7
2002;3;1034.6;Libre;42;Soria;Castilla y León;7
2003;3;1062.8;Libre;42;Soria;Castilla y León;7
2004;3;1128.7;Libre;42;Soria;Castilla y León;7
2005;3;1187.5;Libre;42;Soria;Castilla y León;7
2006;3;1315.6;Libre;42;Soria;Castilla y León;7
2007;3;1377.9;Libre;42;Soria;Castilla y León;7
2008;3;1366.2;Libre;42;Soria;Castilla y León;7
2009;3;1318;Libre;42;Soria;Castilla y León;7
2010;3;1330.1;Libre;42;Soria;Castilla y León;7
2011;3;1347.1;Libre;42;Soria;Castilla y León;7
2012;3;0;Libre;42;Soria;Castilla y León;7
2013;3;1098.7;Libre;42;Soria;Castilla y León;7
2014;3;1049.7;Libre;42;Soria;Castilla y León;7
2015;3;1081.1;Libre;42;Soria;Castilla y León;7
2016;3;1056.7;Libre;42;Soria;Castilla y León;7
2017;3;1015.8;Libre;42;Soria;Castilla y León;7
2018;3;1010.9;Libre;42;Soria;Castilla y León;7
2019;3;970.6;Libre;42;Soria;Castilla y León;7
2020;3;936.3;Libre;42;Soria;Castilla y León;7
2021;3;914.4;Libre;42;Soria;Castilla y León;7
2022;3;904;Libre;42;Soria;Castilla y León;7
2023;3;907.7;Libre;42;Soria;Castilla y León;7
2024;3;976;Libre;42;Soria;Castilla y León;7
2025;3;1042.6;Libre;42;Soria;Castilla y León;7
1995;4;771.3;Libre;42;Soria;Castilla y León;7
1996;4;660.7;Libre;42;Soria;Castilla y León;7
1997;4;691.3;Libre;42;Soria;Castilla y León;7
1998;4;738.3;Libre;42;Soria;Castilla y León;7
1999;4;764.2;Libre;42;Soria;Castilla y León;7
2000;4;838.3;Libre;42;Soria;Castilla y León;7
2001;4;892.4;Libre;42;Soria;Castilla y León;7
2002;4;1018.2;Libre;42;Soria;Castilla y León;7
2003;4;1044;Libre;42;Soria;Castilla y León;7
2004;4;1178.1;Libre;42;Soria;Castilla y León;7
2005;4;1236.2;Libre;42;Soria;Castilla y León;7
2006;4;1345;Libre;42;Soria;Castilla y León;7
2007;4;1357.9;Libre;42;Soria;Castilla y León;7
2008;4;1322.2;Libre;42;Soria;Castilla y León;7
2009;4;1321.4;Libre;42;Soria;Castilla y León;7
2010;4;1370.8;Libre;42;Soria;Castilla y León;7
2011;4;1328.2;Libre;42;Soria;Castilla y León;7
2012;4;0;Libre;42;Soria;Castilla y León;7
2013;4;1131.7;Libre;42;Soria;Castilla y León;7
2014;4;1065.8;Libre;42;Soria;Castilla y León;7
2015;4;1118.5;Libre;42;Soria;Castilla y León;7
2016;4;1017.1;Libre;42;Soria;Castilla y León;7
2017;4;1032.4;Libre;42;Soria;Castilla y León;7
2018;4;1028.9;Libre;42;Soria;Castilla y León;7
2019;4;939.6;Libre;42;Soria;Castilla y León;7
2020;4;904.9;Libre;42;Soria;Castilla y León;7
2021;4;877.7;Libre;42;Soria;Castilla y León;7
2022;4;919.2;Libre;42;Soria;Castilla y León;7
2023;4;939.8;Libre;42;Soria;Castilla y León;7
2024;4;968.7;Libre;42;Soria;Castilla y León;7
2025;4;1082.9;Libre;42;Soria;Castilla y León;7
2005;1;881;Protegida;42;Soria;Castilla y León;7
2005;2;855.9;Protegida;42;Soria;Castilla y León;7
2005;3;841.5;Protegida;42;Soria;Castilla y León;7
2005;4;911.3;Protegida;42;Soria;Castilla y León;7
2006;1;941.9;Protegida;42;Soria;Castilla y León;7
2006;2;934.2;Protegida;42;Soria;Castilla y León;7
2006;3;948;Protegida;42;Soria;Castilla y León;7
2006;4;987.4;Protegida;42;Soria;Castilla y León;7
2007;1;954.9;Protegida;42;Soria;Castilla y León;7
2007;2;975;Protegida;42;Soria;Castilla y León;7
2007;3;999.8;Protegida;42;Soria;Castilla y León;7
2007;4;1024.7;Protegida;42;Soria;Castilla y León;7
2008;1;1046.7;Protegida;42;Soria;Castilla y León;7
2008;2;1049.2;Protegida;42;Soria;Castilla y León;7
2008;3;1041.02;Protegida;42;Soria;Castilla y León;7
2008;4;1039.6;Protegida;42;Soria;Castilla y León;7
2009;1;1039.6;Protegida;42;Soria;Castilla y León;7
2009;2;1035.8;Protegida;42;Soria;Castilla y León;7
2009;3;1038.1;Protegida;42;Soria;Castilla y León;7
2009;4;1053.4;Protegida;42;Soria;Castilla y León;7
2010;1;1006.3;Protegida;42;Soria;Castilla y León;7
2010;2;994.7;Protegida;42;Soria;Castilla y León;7
2010;3;1005;Protegida;42;Soria;Castilla y León;7
2010;4;1012.6;Protegida;42;Soria;Castilla y León;7
2011;1;960.5;Protegida;42;Soria;Castilla y León;7
2011;2;969.9;Protegida;42;Soria;Castilla y León;7
2011;3;936.9;Protegida;42;Soria;Castilla y León;7
2020;3;857.9;Protegida;42;Soria;Castilla y León;7
2025;1;969.7;Protegida;42;Soria;Castilla y León;7
2005;1;941.9;Protegida;40;Segovia;Castilla y León;7
2005;2;924.7;Protegida;40;Segovia;Castilla y León;7
2005;3;944.2;Protegida;40;Segovia;Castilla y León;7
2005;4;1003.3;Protegida;40;Segovia;Castilla y León;7
2006;1;1010.1;Protegida;40;Segovia;Castilla y León;7
2006;2;996;Protegida;40;Segovia;Castilla y León;7
2006;3;1033.9;Protegida;40;Segovia;Castilla y León;7
2006;4;996.5;Protegida;40;Segovia;Castilla y León;7
2007;1;1012.2;Protegida;40;Segovia;Castilla y León;7
2007;2;984.5;Protegida;40;Segovia;Castilla y León;7
2007;3;1003.1;Protegida;40;Segovia;Castilla y León;7
2007;4;1075.6;Protegida;40;Segovia;Castilla y León;7
2008;1;1094.9;Protegida;40;Segovia;Castilla y León;7
2008;2;1080.9;Protegida;40;Segovia;Castilla y León;7
2008;3;1092.83;Protegida;40;Segovia;Castilla y León;7
2008;4;1084.9;Protegida;40;Segovia;Castilla y León;7
2009;1;1056.4;Protegida;40;Segovia;Castilla y León;7
2009;2;1035.13;Protegida;40;Segovia;Castilla y León;7
2009;3;1044.2;Protegida;40;Segovia;Castilla y León;7
2009;4;1053.6;Protegida;40;Segovia;Castilla y León;7
2010;1;1034.6;Protegida;40;Segovia;Castilla y León;7
2010;2;1036.2;Protegida;40;Segovia;Castilla y León;7
2010;3;1046.6;Protegida;40;Segovia;Castilla y León;7
2010;4;1061.2;Protegida;40;Segovia;Castilla y León;7
2011;1;1161.5;Protegida;40;Segovia;Castilla y León;7
2011;2;1148.7;Protegida;40;Segovia;Castilla y León;7
2011;3;1111.5;Protegida;40;Segovia;Castilla y León;7
2013;3;1013.7;Protegida;40;Segovia;Castilla y León;7
2016;1;982.6;Protegida;40;Segovia;Castilla y León;7
2020;3;1000.8;Protegida;40;Segovia;Castilla y León;7
2025;1;1000.7;Protegida;40;Segovia;Castilla y León;7
1995;1;615;Libre;40;Segovia;Castilla y León;7
1995;2;648.4;Libre;40;Segovia;Castilla y León;7
1995;3;657.5;Libre;40;Segovia;Castilla y León;7
1995;4;615;Libre;40;Segovia;Castilla y León;7
1996;1;620.1;Libre;40;Segovia;Castilla y León;7
1996;2;667.7;Libre;40;Segovia;Castilla y León;7
1996;3;657.5;Libre;40;Segovia;Castilla y León;7
1996;4;669;Libre;40;Segovia;Castilla y León;7
1997;1;643.3;Libre;40;Segovia;Castilla y León;7
1997;2;653.6;Libre;40;Segovia;Castilla y León;7
1997;3;644.6;Libre;40;Segovia;Castilla y León;7
1997;4;657.5;Libre;40;Segovia;Castilla y León;7
1998;1;651;Libre;40;Segovia;Castilla y León;7
1998;2;678;Libre;40;Segovia;Castilla y León;7
1998;3;697.3;Libre;40;Segovia;Castilla y León;7
1998;4;719.2;Libre;40;Segovia;Castilla y León;7
1999;1;671.6;Libre;40;Segovia;Castilla y León;7
1999;2;730.8;Libre;40;Segovia;Castilla y León;7
1999;3;724.4;Libre;40;Segovia;Castilla y León;7
1999;4;707.6;Libre;40;Segovia;Castilla y León;7
2000;1;733.4;Libre;40;Segovia;Castilla y León;7
2000;2;764.2;Libre;40;Segovia;Castilla y León;7
2000;3;723.1;Libre;40;Segovia;Castilla y León;7
2000;4;752.7;Libre;40;Segovia;Castilla y León;7
2001;1;827.3;Libre;40;Segovia;Castilla y León;7
2001;2;814.4;Libre;40;Segovia;Castilla y León;7
2001;3;833.7;Libre;40;Segovia;Castilla y León;7
2001;4;851.7;Libre;40;Segovia;Castilla y León;7
2002;1;853;Libre;40;Segovia;Castilla y León;7
2002;2;901.9;Libre;40;Segovia;Castilla y León;7
2002;3;986.8;Libre;40;Segovia;Castilla y León;7
2002;4;999.7;Libre;40;Segovia;Castilla y León;7
2003;1;1002.3;Libre;40;Segovia;Castilla y León;7
2003;2;1028;Libre;40;Segovia;Castilla y León;7
2003;3;1112.9;Libre;40;Segovia;Castilla y León;7
2003;4;1101.3;Libre;40;Segovia;Castilla y León;7
2004;1;1141.2;Libre;40;Segovia;Castilla y León;7
2004;2;1263.4;Libre;40;Segovia;Castilla y León;7
2004;3;1289.2;Libre;40;Segovia;Castilla y León;7
2004;4;1284;Libre;40;Segovia;Castilla y León;7
2005;1;1286.6;Libre;40;Segovia;Castilla y León;7
2005;2;1354.8;Libre;40;Segovia;Castilla y León;7
2005;3;1405;Libre;40;Segovia;Castilla y León;7
2005;4;1398;Libre;40;Segovia;Castilla y León;7
2006;1;1416.5;Libre;40;Segovia;Castilla y León;7
2006;2;1479.6;Libre;40;Segovia;Castilla y León;7
2006;3;1519.5;Libre;40;Segovia;Castilla y León;7
2006;4;1539.8;Libre;40;Segovia;Castilla y León;7
2007;1;1576.1;Libre;40;Segovia;Castilla y León;7
2007;2;1579.9;Libre;40;Segovia;Castilla y León;7
2007;3;1599.2;Libre;40;Segovia;Castilla y León;7
2007;4;1586.4;Libre;40;Segovia;Castilla y León;7
2008;1;1640.4;Libre;40;Segovia;Castilla y León;7
2008;2;1592.5;Libre;40;Segovia;Castilla y León;7
2008;3;1554.2;Libre;40;Segovia;Castilla y León;7
2008;4;1536.2;Libre;40;Segovia;Castilla y León;7
2009;1;1500.2;Libre;40;Segovia;Castilla y León;7
2009;2;1444.7;Libre;40;Segovia;Castilla y León;7
2009;3;1452.4;Libre;40;Segovia;Castilla y León;7
2009;4;1439.6;Libre;40;Segovia;Castilla y León;7
2010;1;1407.5;Libre;40;Segovia;Castilla y León;7
2010;2;1388.2;Libre;40;Segovia;Castilla y León;7
2010;3;1430.1;Libre;40;Segovia;Castilla y León;7
2010;4;1425.6;Libre;40;Segovia;Castilla y León;7
2011;1;1345.8;Libre;40;Segovia;Castilla y León;7
2011;2;1361.9;Libre;40;Segovia;Castilla y León;7
2011;3;1311.5;Libre;40;Segovia;Castilla y León;7
2011;4;1259;Libre;40;Segovia;Castilla y León;7
2012;1;1212.4;Libre;40;Segovia;Castilla y León;7
2012;2;1206.5;Libre;40;Segovia;Castilla y León;7
2012;3;1239.1;Libre;40;Segovia;Castilla y León;7
2012;4;0;Libre;40;Segovia;Castilla y León;7
2013;1;1117;Libre;40;Segovia;Castilla y León;7
2013;2;1123.7;Libre;40;Segovia;Castilla y León;7
2013;3;1119.2;Libre;40;Segovia;Castilla y León;7
2013;4;1075.6;Libre;40;Segovia;Castilla y León;7
2014;1;1085.4;Libre;40;Segovia;Castilla y León;7
2014;2;1062.1;Libre;40;Segovia;Castilla y León;7
2014;3;1063.2;Libre;40;Segovia;Castilla y León;7
2014;4;1013.2;Libre;40;Segovia;Castilla y León;7
2015;1;999.8;Libre;40;Segovia;Castilla y León;7
2015;2;1014.5;Libre;40;Segovia;Castilla y León;7
2015;3;1025.7;Libre;40;Segovia;Castilla y León;7
2015;4;1018.8;Libre;40;Segovia;Castilla y León;7
2016;1;978.6;Libre;40;Segovia;Castilla y León;7
2016;2;1002.4;Libre;40;Segovia;Castilla y León;7
2016;3;989.1;Libre;40;Segovia;Castilla y León;7
2016;4;952.7;Libre;40;Segovia;Castilla y León;7
2017;1;972.7;Libre;40;Segovia;Castilla y León;7
2017;2;989;Libre;40;Segovia;Castilla y León;7
2017;3;974.3;Libre;40;Segovia;Castilla y León;7
2017;4;977.1;Libre;40;Segovia;Castilla y León;7
2018;1;1001.7;Libre;40;Segovia;Castilla y León;7
2018;2;974.2;Libre;40;Segovia;Castilla y León;7
2018;3;959.3;Libre;40;Segovia;Castilla y León;7
2018;4;986.8;Libre;40;Segovia;Castilla y León;7
2019;1;964.2;Libre;40;Segovia;Castilla y León;7
2019;2;960.9;Libre;40;Segovia;Castilla y León;7
2019;3;990.5;Libre;40;Segovia;Castilla y León;7
2019;4;986.7;Libre;40;Segovia;Castilla y León;7
2020;1;974.4;Libre;40;Segovia;Castilla y León;7
2020;2;966.6;Libre;40;Segovia;Castilla y León;7
2020;3;985.8;Libre;40;Segovia;Castilla y León;7
2020;4;967.9;Libre;40;Segovia;Castilla y León;7
2021;1;976.5;Libre;40;Segovia;Castilla y León;7
2021;2;963.1;Libre;40;Segovia;Castilla y León;7
2021;3;984.8;Libre;40;Segovia;Castilla y León;7
2021;4;987.4;Libre;40;Segovia;Castilla y León;7
2022;1;1022.8;Libre;40;Segovia;Castilla y León;7
2022;2;1053.8;Libre;40;Segovia;Castilla y León;7
2022;3;1030.4;Libre;40;Segovia;Castilla y León;7
2022;4;1061.1;Libre;40;Segovia;Castilla y León;7
2023;1;1101.9;Libre;40;Segovia;Castilla y León;7
2023;2;1092.6;Libre;40;Segovia;Castilla y León;7
2023;3;1102.6;Libre;40;Segovia;Castilla y León;7
2023;4;1144.3;Libre;40;Segovia;Castilla y León;7
2024;1;1142;Libre;40;Segovia;Castilla y León;7
2024;2;1143.8;Libre;40;Segovia;Castilla y León;7
2024;3;1178.7;Libre;40;Segovia;Castilla y León;7
2024;4;1194.1;Libre;40;Segovia;Castilla y León;7
2025;1;1242.2;Libre;40;Segovia;Castilla y León;7
2025;2;1295.2;Libre;40;Segovia;Castilla y León;7
2025;3;1353.3;Libre;40;Segovia;Castilla y León;7
2025;4;1374.8;Libre;40;Segovia;Castilla y León;7
2026;1;1479.4;Libre;40;Segovia;Castilla y León;7
2026;2;1530.1;Libre;40;Segovia;Castilla y León;7
2005;1;907.2;Protegida;5;Ávila;Castilla y León;7
2005;2;914.9;Protegida;5;Ávila;Castilla y León;7
2005;3;917.4;Protegida;5;Ávila;Castilla y León;7
2005;4;976.1;Protegida;5;Ávila;Castilla y León;7
2006;1;969;Protegida;5;Ávila;Castilla y León;7
2006;2;1021;Protegida;5;Ávila;Castilla y León;7
2006;3;1049.6;Protegida;5;Ávila;Castilla y León;7
2006;4;1099.1;Protegida;5;Ávila;Castilla y León;7
2007;1;1019;Protegida;5;Ávila;Castilla y León;7
2007;2;1038.3;Protegida;5;Ávila;Castilla y León;7
2007;3;1056.3;Protegida;5;Ávila;Castilla y León;7
2007;4;1108.2;Protegida;5;Ávila;Castilla y León;7
2008;1;1136.3;Protegida;5;Ávila;Castilla y León;7
2008;2;1069.7;Protegida;5;Ávila;Castilla y León;7
2008;3;1103.5;Protegida;5;Ávila;Castilla y León;7
2008;4;1141.5;Protegida;5;Ávila;Castilla y León;7
2009;1;1146.5;Protegida;5;Ávila;Castilla y León;7
2009;2;1118.94;Protegida;5;Ávila;Castilla y León;7
2009;3;1110.9;Protegida;5;Ávila;Castilla y León;7
2009;4;1119.2;Protegida;5;Ávila;Castilla y León;7
2010;1;1103.6;Protegida;5;Ávila;Castilla y León;7
2010;2;1099.2;Protegida;5;Ávila;Castilla y León;7
2010;3;1085.2;Protegida;5;Ávila;Castilla y León;7
2010;4;1083.3;Protegida;5;Ávila;Castilla y León;7
2011;1;1070.7;Protegida;5;Ávila;Castilla y León;7
2011;2;1044.4;Protegida;5;Ávila;Castilla y León;7
2011;3;1020.8;Protegida;5;Ávila;Castilla y León;7
2020;3;999.7;Protegida;5;Ávila;Castilla y León;7
2022;3;972.9;Protegida;5;Ávila;Castilla y León;7
2024;1;1090.8;Protegida;5;Ávila;Castilla y León;7
2024;4;1089.3;Protegida;5;Ávila;Castilla y León;7
2025;1;1076.3;Protegida;5;Ávila;Castilla y León;7
1995;4;604.5;Libre;5;Ávila;Castilla y León;7
1996;4;611.2;Libre;5;Ávila;Castilla y León;7
1997;4;595.6;Libre;5;Ávila;Castilla y León;7
1998;4;613.4;Libre;5;Ávila;Castilla y León;7
1999;4;633.4;Libre;5;Ávila;Castilla y León;7
2000;4;709.9;Libre;5;Ávila;Castilla y León;7
2001;4;728.7;Libre;5;Ávila;Castilla y León;7
2002;4;794.2;Libre;5;Ávila;Castilla y León;7
2003;4;906.2;Libre;5;Ávila;Castilla y León;7
2004;4;1111.4;Libre;5;Ávila;Castilla y León;7
2005;4;1191.5;Libre;5;Ávila;Castilla y León;7
2006;4;1355.4;Libre;5;Ávila;Castilla y León;7
2007;4;1457.5;Libre;5;Ávila;Castilla y León;7
2008;4;1372.1;Libre;5;Ávila;Castilla y León;7
2009;4;1239;Libre;5;Ávila;Castilla y León;7
2010;4;1202.2;Libre;5;Ávila;Castilla y León;7
2011;4;1148.6;Libre;5;Ávila;Castilla y León;7
2012;4;1094.9;Libre;5;Ávila;Castilla y León;7
2013;4;881.4;Libre;5;Ávila;Castilla y León;7
2014;4;828.9;Libre;5;Ávila;Castilla y León;7
2015;4;877.9;Libre;5;Ávila;Castilla y León;7
2016;4;867.7;Libre;5;Ávila;Castilla y León;7
2017;4;835.2;Libre;5;Ávila;Castilla y León;7
2018;4;821.5;Libre;5;Ávila;Castilla y León;7
2019;4;801.8;Libre;5;Ávila;Castilla y León;7
2020;4;817.3;Libre;5;Ávila;Castilla y León;7
2021;4;839;Libre;5;Ávila;Castilla y León;7
2022;4;878.8;Libre;5;Ávila;Castilla y León;7
2023;4;884.1;Libre;5;Ávila;Castilla y León;7
2024;4;965.9;Libre;5;Ávila;Castilla y León;7
2025;4;1087.8;Libre;5;Ávila;Castilla y León;7
1995;3;606.7;Libre;5;Ávila;Castilla y León;7
1996;3;600.1;Libre;5;Ávila;Castilla y León;7
1997;3;613.4;Libre;5;Ávila;Castilla y León;7
1998;3;617.8;Libre;5;Ávila;Castilla y León;7
1999;3;624.5;Libre;5;Ávila;Castilla y León;7
2000;3;702.1;Libre;5;Ávila;Castilla y León;7
2001;3;742.1;Libre;5;Ávila;Castilla y León;7
2002;3;795.3;Libre;5;Ávila;Castilla y León;7
2003;3;890.7;Libre;5;Ávila;Castilla y León;7
2004;3;1022.7;Libre;5;Ávila;Castilla y León;7
2005;3;1160.2;Libre;5;Ávila;Castilla y León;7
2006;3;1325.5;Libre;5;Ávila;Castilla y León;7
2007;3;1436.4;Libre;5;Ávila;Castilla y León;7
2008;3;1402;Libre;5;Ávila;Castilla y León;7
2009;3;1267.8;Libre;5;Ávila;Castilla y León;7
2010;3;1226.4;Libre;5;Ávila;Castilla y León;7
2011;3;1136.1;Libre;5;Ávila;Castilla y León;7
2012;3;1133.4;Libre;5;Ávila;Castilla y León;7
2013;3;913.4;Libre;5;Ávila;Castilla y León;7
2014;3;856.6;Libre;5;Ávila;Castilla y León;7
2015;3;838.6;Libre;5;Ávila;Castilla y León;7
2016;3;856.7;Libre;5;Ávila;Castilla y León;7
2017;3;815.7;Libre;5;Ávila;Castilla y León;7
2018;3;842.5;Libre;5;Ávila;Castilla y León;7
2019;3;810.6;Libre;5;Ávila;Castilla y León;7
2020;3;807.7;Libre;5;Ávila;Castilla y León;7
2021;3;844.1;Libre;5;Ávila;Castilla y León;7
2022;3;871.3;Libre;5;Ávila;Castilla y León;7
2023;3;888.9;Libre;5;Ávila;Castilla y León;7
2024;3;959.8;Libre;5;Ávila;Castilla y León;7
2025;3;1061.2;Libre;5;Ávila;Castilla y León;7
1995;2;584.5;Libre;5;Ávila;Castilla y León;7
1996;2;587.9;Libre;5;Ávila;Castilla y León;7
1997;2;600.1;Libre;5;Ávila;Castilla y León;7
1998;2;626.7;Libre;5;Ávila;Castilla y León;7
1999;2;653.3;Libre;5;Ávila;Castilla y León;7
2000;2;674.4;Libre;5;Ávila;Castilla y León;7
2001;2;711;Libre;5;Ávila;Castilla y León;7
2002;2;756.5;Libre;5;Ávila;Castilla y León;7
2003;2;840.8;Libre;5;Ávila;Castilla y León;7
2004;2;1030.4;Libre;5;Ávila;Castilla y León;7
2005;2;1139.1;Libre;5;Ávila;Castilla y León;7
2006;2;1290;Libre;5;Ávila;Castilla y León;7
2007;2;1390.9;Libre;5;Ávila;Castilla y León;7
2008;2;1419.8;Libre;5;Ávila;Castilla y León;7
2009;2;1246.8;Libre;5;Ávila;Castilla y León;7
2010;2;1256.7;Libre;5;Ávila;Castilla y León;7
2011;2;1189.6;Libre;5;Ávila;Castilla y León;7
2012;2;1148.4;Libre;5;Ávila;Castilla y León;7
2013;2;952.5;Libre;5;Ávila;Castilla y León;7
2014;2;874.9;Libre;5;Ávila;Castilla y León;7
2015;2;818.5;Libre;5;Ávila;Castilla y León;7
2016;2;852.1;Libre;5;Ávila;Castilla y León;7
2017;2;838.5;Libre;5;Ávila;Castilla y León;7
2018;2;828.3;Libre;5;Ávila;Castilla y León;7
2019;2;810.8;Libre;5;Ávila;Castilla y León;7
2020;2;788.7;Libre;5;Ávila;Castilla y León;7
2021;2;817.4;Libre;5;Ávila;Castilla y León;7
2022;2;849.2;Libre;5;Ávila;Castilla y León;7
2023;2;860.4;Libre;5;Ávila;Castilla y León;7
2024;2;929.8;Libre;5;Ávila;Castilla y León;7
2025;2;1020.8;Libre;5;Ávila;Castilla y León;7
2026;2;1167;Libre;5;Ávila;Castilla y León;7
1995;1;579;Libre;5;Ávila;Castilla y León;7
1996;1;585.7;Libre;5;Ávila;Castilla y León;7
1997;1;607.8;Libre;5;Ávila;Castilla y León;7
1998;1;604.5;Libre;5;Ávila;Castilla y León;7
1999;1;645.6;Libre;5;Ávila;Castilla y León;7
2000;1;679.9;Libre;5;Ávila;Castilla y León;7
2001;1;705.5;Libre;5;Ávila;Castilla y León;7
2002;1;745.4;Libre;5;Ávila;Castilla y León;7
2003;1;795.3;Libre;5;Ávila;Castilla y León;7
2004;1;981.6;Libre;5;Ávila;Castilla y León;7
2005;1;1109.2;Libre;5;Ávila;Castilla y León;7
2006;1;1288.9;Libre;5;Ávila;Castilla y León;7
2007;1;1355.4;Libre;5;Ávila;Castilla y León;7
2008;1;1449.7;Libre;5;Ávila;Castilla y León;7
2009;1;1316.6;Libre;5;Ávila;Castilla y León;7
2010;1;1257.3;Libre;5;Ávila;Castilla y León;7
2011;1;1180.2;Libre;5;Ávila;Castilla y León;7
2012;1;1133.7;Libre;5;Ávila;Castilla y León;7
2013;1;995.3;Libre;5;Ávila;Castilla y León;7
2014;1;895.6;Libre;5;Ávila;Castilla y León;7
2015;1;823.4;Libre;5;Ávila;Castilla y León;7
2016;1;849.6;Libre;5;Ávila;Castilla y León;7
2017;1;844.4;Libre;5;Ávila;Castilla y León;7
2018;1;838.2;Libre;5;Ávila;Castilla y León;7
2019;1;840.7;Libre;5;Ávila;Castilla y León;7
2020;1;817.3;Libre;5;Ávila;Castilla y León;7
2021;1;797.2;Libre;5;Ávila;Castilla y León;7
2022;1;848.7;Libre;5;Ávila;Castilla y León;7
2023;1;869;Libre;5;Ávila;Castilla y León;7
2024;1;902;Libre;5;Ávila;Castilla y León;7
2025;1;993.8;Libre;5;Ávila;Castilla y León;7
2026;1;1094.5;Libre;5;Ávila;Castilla y León;7
2005;1;877.3;Protegida;34;Palencia;Castilla y León;7
2005;2;879.5;Protegida;34;Palencia;Castilla y León;7
2005;3;906.7;Protegida;34;Palencia;Castilla y León;7
2005;4;961.8;Protegida;34;Palencia;Castilla y León;7
2006;1;980.8;Protegida;34;Palencia;Castilla y León;7
2006;2;919.8;Protegida;34;Palencia;Castilla y León;7
2006;3;965.9;Protegida;34;Palencia;Castilla y León;7
2006;4;960.3;Protegida;34;Palencia;Castilla y León;7
2007;1;985.4;Protegida;34;Palencia;Castilla y León;7
2007;2;968.2;Protegida;34;Palencia;Castilla y León;7
2007;3;977.9;Protegida;34;Palencia;Castilla y León;7
2007;4;992;Protegida;34;Palencia;Castilla y León;7
2008;1;1003.9;Protegida;34;Palencia;Castilla y León;7
2008;2;999.9;Protegida;34;Palencia;Castilla y León;7
2008;3;1033.1;Protegida;34;Palencia;Castilla y León;7
2008;4;1056.9;Protegida;34;Palencia;Castilla y León;7
2009;1;1019.5;Protegida;34;Palencia;Castilla y León;7
2009;2;1006;Protegida;34;Palencia;Castilla y León;7
2009;3;1008.7;Protegida;34;Palencia;Castilla y León;7
2009;4;1014.9;Protegida;34;Palencia;Castilla y León;7
2010;1;998.3;Protegida;34;Palencia;Castilla y León;7
2010;2;991.9;Protegida;34;Palencia;Castilla y León;7
2010;3;1001;Protegida;34;Palencia;Castilla y León;7
2010;4;1000.4;Protegida;34;Palencia;Castilla y León;7
2011;1;1060.7;Protegida;34;Palencia;Castilla y León;7
2011;2;1080.7;Protegida;34;Palencia;Castilla y León;7
2015;1;994.1;Protegida;34;Palencia;Castilla y León;7
2015;4;972.6;Protegida;34;Palencia;Castilla y León;7
2020;3;948.3;Protegida;34;Palencia;Castilla y León;7
2021;1;936.6;Protegida;34;Palencia;Castilla y León;7
2023;3;993.6;Protegida;34;Palencia;Castilla y León;7
2024;2;1060.9;Protegida;34;Palencia;Castilla y León;7
2024;4;1049.6;Protegida;34;Palencia;Castilla y León;7
2025;1;1021.9;Protegida;34;Palencia;Castilla y León;7
2025;3;1044.2;Protegida;34;Palencia;Castilla y León;7
1995;1;540.4;Libre;34;Palencia;Castilla y León;7
1996;1;534.5;Libre;34;Palencia;Castilla y León;7
1997;1;574;Libre;34;Palencia;Castilla y León;7
1998;1;591.8;Libre;34;Palencia;Castilla y León;7
1999;1;602.7;Libre;34;Palencia;Castilla y León;7
2000;1;670.9;Libre;34;Palencia;Castilla y León;7
2001;1;741;Libre;34;Palencia;Castilla y León;7
2002;1;775.6;Libre;34;Palencia;Castilla y León;7
2003;1;863.5;Libre;34;Palencia;Castilla y León;7
2004;1;912.9;Libre;34;Palencia;Castilla y León;7
2005;1;988;Libre;34;Palencia;Castilla y León;7
2006;1;1147.1;Libre;34;Palencia;Castilla y León;7
2007;1;1239.9;Libre;34;Palencia;Castilla y León;7
2008;1;1322.9;Libre;34;Palencia;Castilla y León;7
2009;1;1192.5;Libre;34;Palencia;Castilla y León;7
2010;1;1198.4;Libre;34;Palencia;Castilla y León;7
2011;1;1189.6;Libre;34;Palencia;Castilla y León;7
2012;1;1127.1;Libre;34;Palencia;Castilla y León;7
2013;1;1061.4;Libre;34;Palencia;Castilla y León;7
2014;1;1028.5;Libre;34;Palencia;Castilla y León;7
2015;1;1052.9;Libre;34;Palencia;Castilla y León;7
2016;1;1053.1;Libre;34;Palencia;Castilla y León;7
2017;1;1011.8;Libre;34;Palencia;Castilla y León;7
2018;1;999.4;Libre;34;Palencia;Castilla y León;7
2019;1;1002.2;Libre;34;Palencia;Castilla y León;7
2020;1;956.1;Libre;34;Palencia;Castilla y León;7
2021;1;903.8;Libre;34;Palencia;Castilla y León;7
2022;1;910.8;Libre;34;Palencia;Castilla y León;7
2023;1;951.9;Libre;34;Palencia;Castilla y León;7
2024;1;942.4;Libre;34;Palencia;Castilla y León;7
2025;1;975.7;Libre;34;Palencia;Castilla y León;7
2026;1;1055.8;Libre;34;Palencia;Castilla y León;7
1995;2;548.3;Libre;34;Palencia;Castilla y León;7
1996;2;572.1;Libre;34;Palencia;Castilla y León;7
1997;2;561.2;Libre;34;Palencia;Castilla y León;7
1998;2;570.1;Libre;34;Palencia;Castilla y León;7
1999;2;630.3;Libre;34;Palencia;Castilla y León;7
2000;2;715.3;Libre;34;Palencia;Castilla y León;7
2001;2;732.1;Libre;34;Palencia;Castilla y León;7
2002;2;855.6;Libre;34;Palencia;Castilla y León;7
2003;2;909.9;Libre;34;Palencia;Castilla y León;7
2004;2;952.4;Libre;34;Palencia;Castilla y León;7
2005;2;1050.2;Libre;34;Palencia;Castilla y León;7
2006;2;1193.5;Libre;34;Palencia;Castilla y León;7
2007;2;1264.6;Libre;34;Palencia;Castilla y León;7
2008;2;1294.3;Libre;34;Palencia;Castilla y León;7
2009;2;1204.4;Libre;34;Palencia;Castilla y León;7
2010;2;1187.6;Libre;34;Palencia;Castilla y León;7
2011;2;1194.4;Libre;34;Palencia;Castilla y León;7
2012;2;0;Libre;34;Palencia;Castilla y León;7
2013;2;1057.2;Libre;34;Palencia;Castilla y León;7
2014;2;1009.2;Libre;34;Palencia;Castilla y León;7
2015;2;1062.7;Libre;34;Palencia;Castilla y León;7
2016;2;1009.3;Libre;34;Palencia;Castilla y León;7
2017;2;1021.1;Libre;34;Palencia;Castilla y León;7
2018;2;966.6;Libre;34;Palencia;Castilla y León;7
2019;2;987.6;Libre;34;Palencia;Castilla y León;7
2020;2;942;Libre;34;Palencia;Castilla y León;7
2021;2;903.9;Libre;34;Palencia;Castilla y León;7
2022;2;944.4;Libre;34;Palencia;Castilla y León;7
2023;2;946.8;Libre;34;Palencia;Castilla y León;7
2024;2;957.3;Libre;34;Palencia;Castilla y León;7
2025;2;989.4;Libre;34;Palencia;Castilla y León;7
2026;2;1127.6;Libre;34;Palencia;Castilla y León;7
1995;3;529.6;Libre;34;Palencia;Castilla y León;7
1996;3;554.3;Libre;34;Palencia;Castilla y León;7
1997;3;572.1;Libre;34;Palencia;Castilla y León;7
1998;3;613.5;Libre;34;Palencia;Castilla y León;7
1999;3;639.2;Libre;34;Palencia;Castilla y León;7
2000;3;709.4;Libre;34;Palencia;Castilla y León;7
2001;3;750.9;Libre;34;Palencia;Castilla y León;7
2002;3;873.4;Libre;34;Palencia;Castilla y León;7
2003;3;888.2;Libre;34;Palencia;Castilla y León;7
2004;3;946.5;Libre;34;Palencia;Castilla y León;7
2005;3;1006.8;Libre;34;Palencia;Castilla y León;7
2006;3;1178.7;Libre;34;Palencia;Castilla y León;7
2007;3;1279.5;Libre;34;Palencia;Castilla y León;7
2008;3;1247.8;Libre;34;Palencia;Castilla y León;7
2009;3;1224.2;Libre;34;Palencia;Castilla y León;7
2010;3;1181.6;Libre;34;Palencia;Castilla y León;7
2011;3;1215.9;Libre;34;Palencia;Castilla y León;7
2012;3;0;Libre;34;Palencia;Castilla y León;7
2013;3;1029.7;Libre;34;Palencia;Castilla y León;7
2014;3;1013;Libre;34;Palencia;Castilla y León;7
2015;3;1044.7;Libre;34;Palencia;Castilla y León;7
2016;3;1003.6;Libre;34;Palencia;Castilla y León;7
2017;3;989.2;Libre;34;Palencia;Castilla y León;7
2018;3;993.6;Libre;34;Palencia;Castilla y León;7
2019;3;950.5;Libre;34;Palencia;Castilla y León;7
2020;3;943.3;Libre;34;Palencia;Castilla y León;7
2021;3;929.7;Libre;34;Palencia;Castilla y León;7
2022;3;916.4;Libre;34;Palencia;Castilla y León;7
2023;3;960.8;Libre;34;Palencia;Castilla y León;7
2024;3;928.7;Libre;34;Palencia;Castilla y León;7
2025;3;986.6;Libre;34;Palencia;Castilla y León;7
1995;4;563.2;Libre;34;Palencia;Castilla y León;7
1996;4;544.4;Libre;34;Palencia;Castilla y León;7
1997;4;567.1;Libre;34;Palencia;Castilla y León;7
1998;4;609.6;Libre;34;Palencia;Castilla y León;7
1999;4;658;Libre;34;Palencia;Castilla y León;7
2000;4;701.5;Libre;34;Palencia;Castilla y León;7
2001;4;779.5;Libre;34;Palencia;Castilla y León;7
2002;4;885.2;Libre;34;Palencia;Castilla y León;7
2003;4;910.9;Libre;34;Palencia;Castilla y León;7
2004;4;986;Libre;34;Palencia;Castilla y León;7
2005;4;1071.2;Libre;34;Palencia;Castilla y León;7
2006;4;1223.1;Libre;34;Palencia;Castilla y León;7
2007;4;1292.3;Libre;34;Palencia;Castilla y León;7
2008;4;1238;Libre;34;Palencia;Castilla y León;7
2009;4;1226.1;Libre;34;Palencia;Castilla y León;7
2010;4;1216.2;Libre;34;Palencia;Castilla y León;7
2011;4;1147.8;Libre;34;Palencia;Castilla y León;7
2012;4;1121.4;Libre;34;Palencia;Castilla y León;7
2013;4;1059.6;Libre;34;Palencia;Castilla y León;7
2014;4;1017.5;Libre;34;Palencia;Castilla y León;7
2015;4;1027.8;Libre;34;Palencia;Castilla y León;7
2016;4;1043.6;Libre;34;Palencia;Castilla y León;7
2017;4;997.1;Libre;34;Palencia;Castilla y León;7
2018;4;1019.4;Libre;34;Palencia;Castilla y León;7
2019;4;939.9;Libre;34;Palencia;Castilla y León;7
2020;4;931.1;Libre;34;Palencia;Castilla y León;7
2021;4;890;Libre;34;Palencia;Castilla y León;7
2022;4;927.8;Libre;34;Palencia;Castilla y León;7
2023;4;931.1;Libre;34;Palencia;Castilla y León;7
2024;4;954.7;Libre;34;Palencia;Castilla y León;7
2025;4;1012.7;Libre;34;Palencia;Castilla y León;7
2005;1;832.2;Protegida;49;Zamora;Castilla y León;7
2005;2;832.8;Protegida;49;Zamora;Castilla y León;7
2005;3;863.3;Protegida;49;Zamora;Castilla y León;7
2005;4;906.8;Protegida;49;Zamora;Castilla y León;7
2006;1;953.8;Protegida;49;Zamora;Castilla y León;7
2006;2;1004.6;Protegida;49;Zamora;Castilla y León;7
2006;3;969.5;Protegida;49;Zamora;Castilla y León;7
2006;4;932.5;Protegida;49;Zamora;Castilla y León;7
2007;1;948;Protegida;49;Zamora;Castilla y León;7
2007;2;972.6;Protegida;49;Zamora;Castilla y León;7
2007;3;982;Protegida;49;Zamora;Castilla y León;7
2007;4;1013.3;Protegida;49;Zamora;Castilla y León;7
2008;1;1040.6;Protegida;49;Zamora;Castilla y León;7
2008;2;1015.1;Protegida;49;Zamora;Castilla y León;7
2008;3;1035.14;Protegida;49;Zamora;Castilla y León;7
2008;4;1030.4;Protegida;49;Zamora;Castilla y León;7
2009;1;1024.1;Protegida;49;Zamora;Castilla y León;7
2009;2;1017.5;Protegida;49;Zamora;Castilla y León;7
2009;3;1037.4;Protegida;49;Zamora;Castilla y León;7
2009;4;1058.3;Protegida;49;Zamora;Castilla y León;7
2010;1;1018.5;Protegida;49;Zamora;Castilla y León;7
2010;2;993.1;Protegida;49;Zamora;Castilla y León;7
2010;3;1000.3;Protegida;49;Zamora;Castilla y León;7
2010;4;1010.7;Protegida;49;Zamora;Castilla y León;7
2011;1;1048.3;Protegida;49;Zamora;Castilla y León;7
2011;2;1022.4;Protegida;49;Zamora;Castilla y León;7
2016;4;914.2;Protegida;49;Zamora;Castilla y León;7
2017;1;897.2;Protegida;49;Zamora;Castilla y León;7
2017;2;904.7;Protegida;49;Zamora;Castilla y León;7
2018;4;926.8;Protegida;49;Zamora;Castilla y León;7
2019;2;907;Protegida;49;Zamora;Castilla y León;7
2020;1;897.3;Protegida;49;Zamora;Castilla y León;7
2020;3;890.4;Protegida;49;Zamora;Castilla y León;7
2020;4;868.2;Protegida;49;Zamora;Castilla y León;7
2021;1;891.3;Protegida;49;Zamora;Castilla y León;7
2022;1;945.5;Protegida;49;Zamora;Castilla y León;7
2022;3;924.6;Protegida;49;Zamora;Castilla y León;7
2022;4;954;Protegida;49;Zamora;Castilla y León;7
2023;3;924.4;Protegida;49;Zamora;Castilla y León;7
2023;4;920.4;Protegida;49;Zamora;Castilla y León;7
2025;1;987.6;Protegida;49;Zamora;Castilla y León;7
1995;4;500.5;Libre;49;Zamora;Castilla y León;7
1996;4;502.4;Libre;49;Zamora;Castilla y León;7
1997;4;522.1;Libre;49;Zamora;Castilla y León;7
1998;4;525;Libre;49;Zamora;Castilla y León;7
1999;4;591.9;Libre;49;Zamora;Castilla y León;7
2000;4;607.9;Libre;49;Zamora;Castilla y León;7
2001;4;664.5;Libre;49;Zamora;Castilla y León;7
2002;4;713.5;Libre;49;Zamora;Castilla y León;7
2003;4;789.8;Libre;49;Zamora;Castilla y León;7
2004;4;937.8;Libre;49;Zamora;Castilla y León;7
2005;4;1018.3;Libre;49;Zamora;Castilla y León;7
2006;4;1130.1;Libre;49;Zamora;Castilla y León;7
2007;4;1182.8;Libre;49;Zamora;Castilla y León;7
2008;4;1183.6;Libre;49;Zamora;Castilla y León;7
2009;4;1070.5;Libre;49;Zamora;Castilla y León;7
2010;4;1106.4;Libre;49;Zamora;Castilla y León;7
2011;4;1072.9;Libre;49;Zamora;Castilla y León;7
2012;4;971.9;Libre;49;Zamora;Castilla y León;7
2013;4;912.9;Libre;49;Zamora;Castilla y León;7
2014;4;858.1;Libre;49;Zamora;Castilla y León;7
2015;4;876.1;Libre;49;Zamora;Castilla y León;7
2016;4;902.1;Libre;49;Zamora;Castilla y León;7
2017;4;863.6;Libre;49;Zamora;Castilla y León;7
2018;4;847.6;Libre;49;Zamora;Castilla y León;7
2019;4;834.7;Libre;49;Zamora;Castilla y León;7
2020;4;845.4;Libre;49;Zamora;Castilla y León;7
2021;4;815.8;Libre;49;Zamora;Castilla y León;7
2022;4;795.7;Libre;49;Zamora;Castilla y León;7
2023;4;804.4;Libre;49;Zamora;Castilla y León;7
2024;4;836.4;Libre;49;Zamora;Castilla y León;7
2025;4;900.5;Libre;49;Zamora;Castilla y León;7
1995;3;521.2;Libre;49;Zamora;Castilla y León;7
1996;3;504.2;Libre;49;Zamora;Castilla y León;7
1997;3;516.5;Libre;49;Zamora;Castilla y León;7
1998;3;525.9;Libre;49;Zamora;Castilla y León;7
1999;3;573;Libre;49;Zamora;Castilla y León;7
2000;3;607;Libre;49;Zamora;Castilla y León;7
2001;3;665.4;Libre;49;Zamora;Castilla y León;7
2002;3;718.2;Libre;49;Zamora;Castilla y León;7
2003;3;765.3;Libre;49;Zamora;Castilla y León;7
2004;3;875.6;Libre;49;Zamora;Castilla y León;7
2005;3;1043.3;Libre;49;Zamora;Castilla y León;7
2006;3;1141.4;Libre;49;Zamora;Castilla y León;7
2007;3;1246;Libre;49;Zamora;Castilla y León;7
2008;3;1201.9;Libre;49;Zamora;Castilla y León;7
2009;3;1043.2;Libre;49;Zamora;Castilla y León;7
2010;3;1076.4;Libre;49;Zamora;Castilla y León;7
2011;3;1051.9;Libre;49;Zamora;Castilla y León;7
2012;3;958.5;Libre;49;Zamora;Castilla y León;7
2013;3;881.2;Libre;49;Zamora;Castilla y León;7
2014;3;887.5;Libre;49;Zamora;Castilla y León;7
2015;3;854;Libre;49;Zamora;Castilla y León;7
2016;3;878.3;Libre;49;Zamora;Castilla y León;7
2017;3;884.2;Libre;49;Zamora;Castilla y León;7
2018;3;857.3;Libre;49;Zamora;Castilla y León;7
2019;3;825.9;Libre;49;Zamora;Castilla y León;7
2020;3;823.5;Libre;49;Zamora;Castilla y León;7
2021;3;791.6;Libre;49;Zamora;Castilla y León;7
2022;3;789.1;Libre;49;Zamora;Castilla y León;7
2023;3;826.4;Libre;49;Zamora;Castilla y León;7
2024;3;813.7;Libre;49;Zamora;Castilla y León;7
2025;3;902;Libre;49;Zamora;Castilla y León;7
1995;2;489.2;Libre;49;Zamora;Castilla y León;7
1996;2;508;Libre;49;Zamora;Castilla y León;7
1997;2;499.5;Libre;49;Zamora;Castilla y León;7
1998;2;528.7;Libre;49;Zamora;Castilla y León;7
1999;2;541.9;Libre;49;Zamora;Castilla y León;7
2000;2;592.8;Libre;49;Zamora;Castilla y León;7
2001;2;644.7;Libre;49;Zamora;Castilla y León;7
2002;2;690.9;Libre;49;Zamora;Castilla y León;7
2003;2;732.3;Libre;49;Zamora;Castilla y León;7
2004;2;850.1;Libre;49;Zamora;Castilla y León;7
2005;2;984.9;Libre;49;Zamora;Castilla y León;7
2006;2;1133.8;Libre;49;Zamora;Castilla y León;7
2007;2;1198.4;Libre;49;Zamora;Castilla y León;7
2008;2;1257.4;Libre;49;Zamora;Castilla y León;7
2009;2;1062.7;Libre;49;Zamora;Castilla y León;7
2010;2;1099.9;Libre;49;Zamora;Castilla y León;7
2011;2;1049.8;Libre;49;Zamora;Castilla y León;7
2012;2;1010;Libre;49;Zamora;Castilla y León;7
2013;2;877.7;Libre;49;Zamora;Castilla y León;7
2014;2;880.5;Libre;49;Zamora;Castilla y León;7
2015;2;856.5;Libre;49;Zamora;Castilla y León;7
2016;2;915.1;Libre;49;Zamora;Castilla y León;7
2017;2;863.9;Libre;49;Zamora;Castilla y León;7
2018;2;851.6;Libre;49;Zamora;Castilla y León;7
2019;2;832.2;Libre;49;Zamora;Castilla y León;7
2020;2;854.3;Libre;49;Zamora;Castilla y León;7
2021;2;803;Libre;49;Zamora;Castilla y León;7
2022;2;786.3;Libre;49;Zamora;Castilla y León;7
2023;2;812.8;Libre;49;Zamora;Castilla y León;7
2024;2;841.2;Libre;49;Zamora;Castilla y León;7
2025;2;882.1;Libre;49;Zamora;Castilla y León;7
2026;2;1005.7;Libre;49;Zamora;Castilla y León;7
1995;1;506.1;Libre;49;Zamora;Castilla y León;7
1996;1;510.8;Libre;49;Zamora;Castilla y León;7
1997;1;508;Libre;49;Zamora;Castilla y León;7
1998;1;516.5;Libre;49;Zamora;Castilla y León;7
1999;1;539.1;Libre;49;Zamora;Castilla y León;7
2000;1;583.4;Libre;49;Zamora;Castilla y León;7
2001;1;632.4;Libre;49;Zamora;Castilla y León;7
2002;1;684.3;Libre;49;Zamora;Castilla y León;7
2003;1;737;Libre;49;Zamora;Castilla y León;7
2004;1;823.7;Libre;49;Zamora;Castilla y León;7
2005;1;942.5;Libre;49;Zamora;Castilla y León;7
2006;1;1082.9;Libre;49;Zamora;Castilla y León;7
2007;1;1167.8;Libre;49;Zamora;Castilla y León;7
2008;1;1216.5;Libre;49;Zamora;Castilla y León;7
2009;1;1109.3;Libre;49;Zamora;Castilla y León;7
2010;1;1118.5;Libre;49;Zamora;Castilla y León;7
2011;1;1065.8;Libre;49;Zamora;Castilla y León;7
2012;1;1006;Libre;49;Zamora;Castilla y León;7
2013;1;938.7;Libre;49;Zamora;Castilla y León;7
2014;1;898.6;Libre;49;Zamora;Castilla y León;7
2015;1;840.5;Libre;49;Zamora;Castilla y León;7
2016;1;900.6;Libre;49;Zamora;Castilla y León;7
2017;1;873;Libre;49;Zamora;Castilla y León;7
2018;1;857.9;Libre;49;Zamora;Castilla y León;7
2019;1;864.8;Libre;49;Zamora;Castilla y León;7
2020;1;828.9;Libre;49;Zamora;Castilla y León;7
2021;1;833.6;Libre;49;Zamora;Castilla y León;7
2022;1;798.9;Libre;49;Zamora;Castilla y León;7
2023;1;805.4;Libre;49;Zamora;Castilla y León;7
2024;1;814.4;Libre;49;Zamora;Castilla y León;7
2025;1;851.2;Libre;49;Zamora;Castilla y León;7
2026;1;933.7;Libre;49;Zamora;Castilla y León;7
2005;1;838.4;Protegida;37;Salamanca;Castilla y León;7
2005;2;843.9;Protegida;37;Salamanca;Castilla y León;7
2005;3;862.9;Protegida;37;Salamanca;Castilla y León;7
2005;4;925.6;Protegida;37;Salamanca;Castilla y León;7
2006;1;953.9;Protegida;37;Salamanca;Castilla y León;7
2006;2;1017.6;Protegida;37;Salamanca;Castilla y León;7
2006;3;975.5;Protegida;37;Salamanca;Castilla y León;7
2006;4;1026.7;Protegida;37;Salamanca;Castilla y León;7
2007;1;1043.6;Protegida;37;Salamanca;Castilla y León;7
2007;2;1038.2;Protegida;37;Salamanca;Castilla y León;7
2007;3;1041;Protegida;37;Salamanca;Castilla y León;7
2007;4;1061.9;Protegida;37;Salamanca;Castilla y León;7
2008;1;1102.2;Protegida;37;Salamanca;Castilla y León;7
2008;2;1099.2;Protegida;37;Salamanca;Castilla y León;7
2008;3;1139.5;Protegida;37;Salamanca;Castilla y León;7
2008;4;1153.7;Protegida;37;Salamanca;Castilla y León;7
2009;1;1124.2;Protegida;37;Salamanca;Castilla y León;7
2009;2;1106.51;Protegida;37;Salamanca;Castilla y León;7
2009;3;1104.5;Protegida;37;Salamanca;Castilla y León;7
2009;4;1116.9;Protegida;37;Salamanca;Castilla y León;7
2010;1;1093.9;Protegida;37;Salamanca;Castilla y León;7
2010;2;1095.7;Protegida;37;Salamanca;Castilla y León;7
2010;3;1081.9;Protegida;37;Salamanca;Castilla y León;7
2010;4;1089.9;Protegida;37;Salamanca;Castilla y León;7
2011;1;1030;Protegida;37;Salamanca;Castilla y León;7
2011;2;1048.7;Protegida;37;Salamanca;Castilla y León;7
2011;3;1051.4;Protegida;37;Salamanca;Castilla y León;7
2011;4;1069.8;Protegida;37;Salamanca;Castilla y León;7
2014;4;994.2;Protegida;37;Salamanca;Castilla y León;7
2015;4;1013.7;Protegida;37;Salamanca;Castilla y León;7
2016;1;1007.5;Protegida;37;Salamanca;Castilla y León;7
2016;2;991.8;Protegida;37;Salamanca;Castilla y León;7
2016;3;1014.3;Protegida;37;Salamanca;Castilla y León;7
2016;4;1038.2;Protegida;37;Salamanca;Castilla y León;7
2017;1;1044.5;Protegida;37;Salamanca;Castilla y León;7
2017;4;1006.8;Protegida;37;Salamanca;Castilla y León;7
2018;1;1025.9;Protegida;37;Salamanca;Castilla y León;7
2018;2;1034;Protegida;37;Salamanca;Castilla y León;7
2018;3;1019.4;Protegida;37;Salamanca;Castilla y León;7
2018;4;1039.5;Protegida;37;Salamanca;Castilla y León;7
2019;1;1020.2;Protegida;37;Salamanca;Castilla y León;7
2019;2;1002.6;Protegida;37;Salamanca;Castilla y León;7
2019;3;1028.2;Protegida;37;Salamanca;Castilla y León;7
2019;4;1020.7;Protegida;37;Salamanca;Castilla y León;7
2020;1;1048.7;Protegida;37;Salamanca;Castilla y León;7
2020;2;1029.9;Protegida;37;Salamanca;Castilla y León;7
2020;4;1028.2;Protegida;37;Salamanca;Castilla y León;7
2021;1;1012.7;Protegida;37;Salamanca;Castilla y León;7
2021;2;1041;Protegida;37;Salamanca;Castilla y León;7
2021;3;1019.8;Protegida;37;Salamanca;Castilla y León;7
2021;4;990.3;Protegida;37;Salamanca;Castilla y León;7
2022;1;1013.6;Protegida;37;Salamanca;Castilla y León;7
2022;2;1005.5;Protegida;37;Salamanca;Castilla y León;7
2022;3;981.5;Protegida;37;Salamanca;Castilla y León;7
2022;4;999.6;Protegida;37;Salamanca;Castilla y León;7
2023;1;988.9;Protegida;37;Salamanca;Castilla y León;7
2023;2;1014.7;Protegida;37;Salamanca;Castilla y León;7
2023;3;1031.7;Protegida;37;Salamanca;Castilla y León;7
2023;4;1032.9;Protegida;37;Salamanca;Castilla y León;7
2024;1;1038;Protegida;37;Salamanca;Castilla y León;7
2024;2;1065.7;Protegida;37;Salamanca;Castilla y León;7
2024;3;1051.6;Protegida;37;Salamanca;Castilla y León;7
2024;4;1065;Protegida;37;Salamanca;Castilla y León;7
2025;1;1091.6;Protegida;37;Salamanca;Castilla y León;7
2025;2;1111;Protegida;37;Salamanca;Castilla y León;7
2025;3;1112.7;Protegida;37;Salamanca;Castilla y León;7
2025;4;1097.1;Protegida;37;Salamanca;Castilla y León;7
2026;1;1124.9;Protegida;37;Salamanca;Castilla y León;7
2026;2;1127.8;Protegida;37;Salamanca;Castilla y León;7
1995;1;624.1;Libre;37;Salamanca;Castilla y León;7
1995;2;612.2;Libre;37;Salamanca;Castilla y León;7
1995;3;649.4;Libre;37;Salamanca;Castilla y León;7
1995;4;673.4;Libre;37;Salamanca;Castilla y León;7
1996;1;629.5;Libre;37;Salamanca;Castilla y León;7
1996;2;625.5;Libre;37;Salamanca;Castilla y León;7
1996;3;620.2;Libre;37;Salamanca;Castilla y León;7
1996;4;630.8;Libre;37;Salamanca;Castilla y León;7
1997;1;674.7;Libre;37;Salamanca;Castilla y León;7
1997;2;685.4;Libre;37;Salamanca;Castilla y León;7
1997;3;681.4;Libre;37;Salamanca;Castilla y León;7
1997;4;657.4;Libre;37;Salamanca;Castilla y León;7
1998;1;653.4;Libre;37;Salamanca;Castilla y León;7
1998;2;693.3;Libre;37;Salamanca;Castilla y León;7
1998;3;697.3;Libre;37;Salamanca;Castilla y León;7
1998;4;742.6;Libre;37;Salamanca;Castilla y León;7
1999;1;717.3;Libre;37;Salamanca;Castilla y León;7
1999;2;742.6;Libre;37;Salamanca;Castilla y León;7
1999;3;749.2;Libre;37;Salamanca;Castilla y León;7
1999;4;751.9;Libre;37;Salamanca;Castilla y León;7
2000;1;766.5;Libre;37;Salamanca;Castilla y León;7
2000;2;801.1;Libre;37;Salamanca;Castilla y León;7
2000;3;827.8;Libre;37;Salamanca;Castilla y León;7
2000;4;857;Libre;37;Salamanca;Castilla y León;7
2001;1;838.4;Libre;37;Salamanca;Castilla y León;7
2001;2;877;Libre;37;Salamanca;Castilla y León;7
2001;3;920.9;Libre;37;Salamanca;Castilla y León;7
2001;4;919.6;Libre;37;Salamanca;Castilla y León;7
2002;1;926.2;Libre;37;Salamanca;Castilla y León;7
2002;2;904.9;Libre;37;Salamanca;Castilla y León;7
2002;3;955.5;Libre;37;Salamanca;Castilla y León;7
2002;4;958.2;Libre;37;Salamanca;Castilla y León;7
2003;1;995.4;Libre;37;Salamanca;Castilla y León;7
2003;2;1028.7;Libre;37;Salamanca;Castilla y León;7
2003;3;1042;Libre;37;Salamanca;Castilla y León;7
2003;4;1104.6;Libre;37;Salamanca;Castilla y León;7
2004;1;1141.8;Libre;37;Salamanca;Castilla y León;7
2004;2;1157.8;Libre;37;Salamanca;Castilla y León;7
2004;3;1264.3;Libre;37;Salamanca;Castilla y León;7
2004;4;1338.8;Libre;37;Salamanca;Castilla y León;7
2005;1;1330.8;Libre;37;Salamanca;Castilla y León;7
2005;2;1409.3;Libre;37;Salamanca;Castilla y León;7
2005;3;1384;Libre;37;Salamanca;Castilla y León;7
2005;4;1411.7;Libre;37;Salamanca;Castilla y León;7
2006;1;1451.9;Libre;37;Salamanca;Castilla y León;7
2006;2;1466.5;Libre;37;Salamanca;Castilla y León;7
2006;3;1525.1;Libre;37;Salamanca;Castilla y León;7
2006;4;1558.7;Libre;37;Salamanca;Castilla y León;7
2007;1;1554.4;Libre;37;Salamanca;Castilla y León;7
2007;2;1586.3;Libre;37;Salamanca;Castilla y León;7
2007;3;1563.7;Libre;37;Salamanca;Castilla y León;7
2007;4;1627.9;Libre;37;Salamanca;Castilla y León;7
2008;1;1632.9;Libre;37;Salamanca;Castilla y León;7
2008;2;1623.6;Libre;37;Salamanca;Castilla y León;7
2008;3;1580.7;Libre;37;Salamanca;Castilla y León;7
2008;4;1517.1;Libre;37;Salamanca;Castilla y León;7
2009;1;1442.6;Libre;37;Salamanca;Castilla y León;7
2009;2;1483;Libre;37;Salamanca;Castilla y León;7
2009;3;1471.9;Libre;37;Salamanca;Castilla y León;7
2009;4;1479.8;Libre;37;Salamanca;Castilla y León;7
2010;1;1453.6;Libre;37;Salamanca;Castilla y León;7
2010;2;1464.8;Libre;37;Salamanca;Castilla y León;7
2010;3;1412;Libre;37;Salamanca;Castilla y León;7
2010;4;1432.6;Libre;37;Salamanca;Castilla y León;7
2011;1;1423.3;Libre;37;Salamanca;Castilla y León;7
2011;2;1436.8;Libre;37;Salamanca;Castilla y León;7
2011;3;1383.5;Libre;37;Salamanca;Castilla y León;7
2011;4;1358.6;Libre;37;Salamanca;Castilla y León;7
2012;1;1324.6;Libre;37;Salamanca;Castilla y León;7
2012;2;1292.8;Libre;37;Salamanca;Castilla y León;7
2012;3;1296.7;Libre;37;Salamanca;Castilla y León;7
2012;4;1307.1;Libre;37;Salamanca;Castilla y León;7
2013;1;1288.8;Libre;37;Salamanca;Castilla y León;7
2013;2;1219.2;Libre;37;Salamanca;Castilla y León;7
2013;3;1199.7;Libre;37;Salamanca;Castilla y León;7
2013;4;1199.7;Libre;37;Salamanca;Castilla y León;7
2014;1;1210.9;Libre;37;Salamanca;Castilla y León;7
2014;2;1180.9;Libre;37;Salamanca;Castilla y León;7
2014;3;1167.8;Libre;37;Salamanca;Castilla y León;7
2014;4;1175.4;Libre;37;Salamanca;Castilla y León;7
2015;1;1225.2;Libre;37;Salamanca;Castilla y León;7
2015;2;1190.1;Libre;37;Salamanca;Castilla y León;7
2015;3;1217.3;Libre;37;Salamanca;Castilla y León;7
2015;4;1191.9;Libre;37;Salamanca;Castilla y León;7
2016;1;1220;Libre;37;Salamanca;Castilla y León;7
2016;2;1205.3;Libre;37;Salamanca;Castilla y León;7
2016;3;1173.9;Libre;37;Salamanca;Castilla y León;7
2016;4;1214.4;Libre;37;Salamanca;Castilla y León;7
2017;1;1199;Libre;37;Salamanca;Castilla y León;7
2017;2;1178.4;Libre;37;Salamanca;Castilla y León;7
2017;3;1214.7;Libre;37;Salamanca;Castilla y León;7
2017;4;1186.9;Libre;37;Salamanca;Castilla y León;7
2018;1;1183.2;Libre;37;Salamanca;Castilla y León;7
2018;2;1147.1;Libre;37;Salamanca;Castilla y León;7
2018;3;1176.8;Libre;37;Salamanca;Castilla y León;7
2018;4;1173;Libre;37;Salamanca;Castilla y León;7
2019;1;1173.4;Libre;37;Salamanca;Castilla y León;7
2019;2;1181.3;Libre;37;Salamanca;Castilla y León;7
2019;3;1178.3;Libre;37;Salamanca;Castilla y León;7
2019;4;1201.9;Libre;37;Salamanca;Castilla y León;7
2020;1;1204.5;Libre;37;Salamanca;Castilla y León;7
2020;2;1191.4;Libre;37;Salamanca;Castilla y León;7
2020;3;1184;Libre;37;Salamanca;Castilla y León;7
2020;4;1162.1;Libre;37;Salamanca;Castilla y León;7
2021;1;1147.7;Libre;37;Salamanca;Castilla y León;7
2021;2;1141.5;Libre;37;Salamanca;Castilla y León;7
2021;3;1178.3;Libre;37;Salamanca;Castilla y León;7
2021;4;1183;Libre;37;Salamanca;Castilla y León;7
2022;1;1178.8;Libre;37;Salamanca;Castilla y León;7
2022;2;1217.9;Libre;37;Salamanca;Castilla y León;7
2022;3;1198.3;Libre;37;Salamanca;Castilla y León;7
2022;4;1176.2;Libre;37;Salamanca;Castilla y León;7
2023;1;1215;Libre;37;Salamanca;Castilla y León;7
2023;2;1188;Libre;37;Salamanca;Castilla y León;7
2023;3;1175;Libre;37;Salamanca;Castilla y León;7
2023;4;1218.1;Libre;37;Salamanca;Castilla y León;7
2024;1;1202.6;Libre;37;Salamanca;Castilla y León;7
2024;2;1199;Libre;37;Salamanca;Castilla y León;7
2024;3;1237.9;Libre;37;Salamanca;Castilla y León;7
2024;4;1230.7;Libre;37;Salamanca;Castilla y León;7
2025;1;1271.9;Libre;37;Salamanca;Castilla y León;7
2025;2;1323.6;Libre;37;Salamanca;Castilla y León;7
2025;3;1349.1;Libre;37;Salamanca;Castilla y León;7
2025;4;1391.7;Libre;37;Salamanca;Castilla y León;7
2026;1;1473.8;Libre;37;Salamanca;Castilla y León;7
2026;2;1503.5;Libre;37;Salamanca;Castilla y León;7
2005;1;875.6;Protegida;9;Burgos;Castilla y León;7
2005;2;872;Protegida;9;Burgos;Castilla y León;7
2005;3;882.4;Protegida;9;Burgos;Castilla y León;7
2005;4;930.2;Protegida;9;Burgos;Castilla y León;7
2006;1;942.7;Protegida;9;Burgos;Castilla y León;7
2006;2;1044.1;Protegida;9;Burgos;Castilla y León;7
2006;3;965.7;Protegida;9;Burgos;Castilla y León;7
2006;4;1018.2;Protegida;9;Burgos;Castilla y León;7
2007;1;999.2;Protegida;9;Burgos;Castilla y León;7
2007;2;982.5;Protegida;9;Burgos;Castilla y León;7
2007;3;1001.2;Protegida;9;Burgos;Castilla y León;7
2007;4;1041.2;Protegida;9;Burgos;Castilla y León;7
2008;1;1040;Protegida;9;Burgos;Castilla y León;7
2008;2;1056.8;Protegida;9;Burgos;Castilla y León;7
2008;3;1064.42;Protegida;9;Burgos;Castilla y León;7
2008;4;1051.7;Protegida;9;Burgos;Castilla y León;7
2009;1;1032.5;Protegida;9;Burgos;Castilla y León;7
2009;2;1047.4;Protegida;9;Burgos;Castilla y León;7
2009;3;1062;Protegida;9;Burgos;Castilla y León;7
2009;4;1057.3;Protegida;9;Burgos;Castilla y León;7
2010;1;1080.6;Protegida;9;Burgos;Castilla y León;7
2010;2;1094.9;Protegida;9;Burgos;Castilla y León;7
2010;3;1103.2;Protegida;9;Burgos;Castilla y León;7
2010;4;1118.4;Protegida;9;Burgos;Castilla y León;7
2011;1;1118.4;Protegida;9;Burgos;Castilla y León;7
2011;2;1126.4;Protegida;9;Burgos;Castilla y León;7
2011;3;1153.5;Protegida;9;Burgos;Castilla y León;7
2014;2;1062.1;Protegida;9;Burgos;Castilla y León;7
2015;1;1105;Protegida;9;Burgos;Castilla y León;7
2015;2;1093.2;Protegida;9;Burgos;Castilla y León;7
2015;3;1080;Protegida;9;Burgos;Castilla y León;7
2015;4;1040.3;Protegida;9;Burgos;Castilla y León;7
2016;1;1026.6;Protegida;9;Burgos;Castilla y León;7
2016;2;1046.8;Protegida;9;Burgos;Castilla y León;7
2016;3;1019.7;Protegida;9;Burgos;Castilla y León;7
2016;4;1032.7;Protegida;9;Burgos;Castilla y León;7
2017;1;1030.8;Protegida;9;Burgos;Castilla y León;7
2017;2;1011.5;Protegida;9;Burgos;Castilla y León;7
2017;3;1028.1;Protegida;9;Burgos;Castilla y León;7
2017;4;1011;Protegida;9;Burgos;Castilla y León;7
2018;1;1034.4;Protegida;9;Burgos;Castilla y León;7
2018;2;1060.6;Protegida;9;Burgos;Castilla y León;7
2019;1;1033.7;Protegida;9;Burgos;Castilla y León;7
2019;2;1017.7;Protegida;9;Burgos;Castilla y León;7
2019;3;1004.1;Protegida;9;Burgos;Castilla y León;7
2019;4;1036.8;Protegida;9;Burgos;Castilla y León;7
2020;1;1056.3;Protegida;9;Burgos;Castilla y León;7
2020;2;1069.6;Protegida;9;Burgos;Castilla y León;7
2020;3;1081.6;Protegida;9;Burgos;Castilla y León;7
2020;4;1095;Protegida;9;Burgos;Castilla y León;7
2021;1;1094.9;Protegida;9;Burgos;Castilla y León;7
2021;2;1120;Protegida;9;Burgos;Castilla y León;7
2021;3;1103;Protegida;9;Burgos;Castilla y León;7
2021;4;1098.9;Protegida;9;Burgos;Castilla y León;7
2022;1;1110.2;Protegida;9;Burgos;Castilla y León;7
2022;2;1123.4;Protegida;9;Burgos;Castilla y León;7
2022;3;1111;Protegida;9;Burgos;Castilla y León;7
2022;4;1129.9;Protegida;9;Burgos;Castilla y León;7
2023;1;1102.6;Protegida;9;Burgos;Castilla y León;7
2023;2;1087.2;Protegida;9;Burgos;Castilla y León;7
2023;3;1055.5;Protegida;9;Burgos;Castilla y León;7
2023;4;1080.8;Protegida;9;Burgos;Castilla y León;7
2024;1;1068.4;Protegida;9;Burgos;Castilla y León;7
2024;2;1056.9;Protegida;9;Burgos;Castilla y León;7
2024;3;1064.1;Protegida;9;Burgos;Castilla y León;7
2024;4;1092.1;Protegida;9;Burgos;Castilla y León;7
2025;1;1084.6;Protegida;9;Burgos;Castilla y León;7
2025;2;1102.2;Protegida;9;Burgos;Castilla y León;7
2025;3;1112.1;Protegida;9;Burgos;Castilla y León;7
2026;1;1127.6;Protegida;9;Burgos;Castilla y León;7
1995;1;703.9;Libre;9;Burgos;Castilla y León;7
1995;2;749.3;Libre;9;Burgos;Castilla y León;7
1995;3;717.1;Libre;9;Burgos;Castilla y León;7
1995;4;708.3;Libre;9;Burgos;Castilla y León;7
1996;1;737.6;Libre;9;Burgos;Castilla y León;7
1996;2;743.5;Libre;9;Burgos;Castilla y León;7
1996;3;721.5;Libre;9;Burgos;Castilla y León;7
1996;4;733.2;Libre;9;Burgos;Castilla y León;7
1997;1;730.3;Libre;9;Burgos;Castilla y León;7
1997;2;784.5;Libre;9;Burgos;Castilla y León;7
1997;3;758.1;Libre;9;Burgos;Castilla y León;7
1997;4;769.9;Libre;9;Burgos;Castilla y León;7
1998;1;762.5;Libre;9;Burgos;Castilla y León;7
1998;2;856.4;Libre;9;Burgos;Castilla y León;7
1998;3;849;Libre;9;Burgos;Castilla y León;7
1998;4;856.4;Libre;9;Burgos;Castilla y León;7
1999;1;876.9;Libre;9;Burgos;Castilla y León;7
1999;2;926.8;Libre;9;Burgos;Castilla y León;7
1999;3;942.9;Libre;9;Burgos;Castilla y León;7
1999;4;966.4;Libre;9;Burgos;Castilla y León;7
2000;1;1014.7;Libre;9;Burgos;Castilla y León;7
2000;2;1095.4;Libre;9;Burgos;Castilla y León;7
2000;3;1092.5;Libre;9;Burgos;Castilla y León;7
2000;4;1079.3;Libre;9;Burgos;Castilla y León;7
2001;1;1108.6;Libre;9;Burgos;Castilla y León;7
2001;2;1139.4;Libre;9;Burgos;Castilla y León;7
2001;3;1117.4;Libre;9;Burgos;Castilla y León;7
2001;4;1139.4;Libre;9;Burgos;Castilla y León;7
2002;1;1189.3;Libre;9;Burgos;Castilla y León;7
2002;2;1184.9;Libre;9;Burgos;Castilla y León;7
2002;3;1184.9;Libre;9;Burgos;Castilla y León;7
2002;4;1196.6;Libre;9;Burgos;Castilla y León;7
2003;1;1224.4;Libre;9;Burgos;Castilla y León;7
2003;2;1233.2;Libre;9;Burgos;Castilla y León;7
2003;3;1302.2;Libre;9;Burgos;Castilla y León;7
2003;4;1311;Libre;9;Burgos;Castilla y León;7
2004;1;1305.1;Libre;9;Burgos;Castilla y León;7
2004;2;1429.7;Libre;9;Burgos;Castilla y León;7
2004;3;1418;Libre;9;Burgos;Castilla y León;7
2004;4;1462;Libre;9;Burgos;Castilla y León;7
2005;1;1466.4;Libre;9;Burgos;Castilla y León;7
2005;2;1504.5;Libre;9;Burgos;Castilla y León;7
2005;3;1473.7;Libre;9;Burgos;Castilla y León;7
2005;4;1544.4;Libre;9;Burgos;Castilla y León;7
2006;1;1649.7;Libre;9;Burgos;Castilla y León;7
2006;2;1704;Libre;9;Burgos;Castilla y León;7
2006;3;1679;Libre;9;Burgos;Castilla y León;7
2006;4;1711.3;Libre;9;Burgos;Castilla y León;7
2007;1;1736.2;Libre;9;Burgos;Castilla y León;7
2007;2;1790.5;Libre;9;Burgos;Castilla y León;7
2007;3;1808.1;Libre;9;Burgos;Castilla y León;7
2007;4;1789;Libre;9;Burgos;Castilla y León;7
2008;1;1799.3;Libre;9;Burgos;Castilla y León;7
2008;2;1777.3;Libre;9;Burgos;Castilla y León;7
2008;3;1753.8;Libre;9;Burgos;Castilla y León;7
2008;4;1736.2;Libre;9;Burgos;Castilla y León;7
2009;1;1717.2;Libre;9;Burgos;Castilla y León;7
2009;2;1645.1;Libre;9;Burgos;Castilla y León;7
2009;3;1607.1;Libre;9;Burgos;Castilla y León;7
2009;4;1645.9;Libre;9;Burgos;Castilla y León;7
2010;1;1704.5;Libre;9;Burgos;Castilla y León;7
2010;2;1682.1;Libre;9;Burgos;Castilla y León;7
2010;3;1623.4;Libre;9;Burgos;Castilla y León;7
2010;4;1682.6;Libre;9;Burgos;Castilla y León;7
2011;1;1585.8;Libre;9;Burgos;Castilla y León;7
2011;2;1547.7;Libre;9;Burgos;Castilla y León;7
2011;3;1468.4;Libre;9;Burgos;Castilla y León;7
2011;4;1430.2;Libre;9;Burgos;Castilla y León;7
2012;1;1360.3;Libre;9;Burgos;Castilla y León;7
2012;2;1392.9;Libre;9;Burgos;Castilla y León;7
2012;3;1329.5;Libre;9;Burgos;Castilla y León;7
2012;4;1345.5;Libre;9;Burgos;Castilla y León;7
2013;1;1274.2;Libre;9;Burgos;Castilla y León;7
2013;2;1269.1;Libre;9;Burgos;Castilla y León;7
2013;3;1241.2;Libre;9;Burgos;Castilla y León;7
2013;4;1194;Libre;9;Burgos;Castilla y León;7
2014;1;1163.9;Libre;9;Burgos;Castilla y León;7
2014;2;1144;Libre;9;Burgos;Castilla y León;7
2014;3;1153;Libre;9;Burgos;Castilla y León;7
2014;4;1120;Libre;9;Burgos;Castilla y León;7
2015;1;1147.7;Libre;9;Burgos;Castilla y León;7
2015;2;1135.4;Libre;9;Burgos;Castilla y León;7
2015;3;1141.3;Libre;9;Burgos;Castilla y León;7
2015;4;1175;Libre;9;Burgos;Castilla y León;7
2016;1;1128.7;Libre;9;Burgos;Castilla y León;7
2016;2;1143.3;Libre;9;Burgos;Castilla y León;7
2016;3;1112.3;Libre;9;Burgos;Castilla y León;7
2016;4;1096;Libre;9;Burgos;Castilla y León;7
2017;1;1133.6;Libre;9;Burgos;Castilla y León;7
2017;2;1120.8;Libre;9;Burgos;Castilla y León;7
2017;3;1118.7;Libre;9;Burgos;Castilla y León;7
2017;4;1128.7;Libre;9;Burgos;Castilla y León;7
2018;1;1112.4;Libre;9;Burgos;Castilla y León;7
2018;2;1120.6;Libre;9;Burgos;Castilla y León;7
2018;3;1120.1;Libre;9;Burgos;Castilla y León;7
2018;4;1114.7;Libre;9;Burgos;Castilla y León;7
2019;1;1143.1;Libre;9;Burgos;Castilla y León;7
2019;2;1119.8;Libre;9;Burgos;Castilla y León;7
2019;3;1139.4;Libre;9;Burgos;Castilla y León;7
2019;4;1118;Libre;9;Burgos;Castilla y León;7
2020;1;1107.3;Libre;9;Burgos;Castilla y León;7
2020;2;1109.1;Libre;9;Burgos;Castilla y León;7
2020;3;1101.6;Libre;9;Burgos;Castilla y León;7
2020;4;1122.9;Libre;9;Burgos;Castilla y León;7
2021;1;1118.6;Libre;9;Burgos;Castilla y León;7
2021;2;1111.5;Libre;9;Burgos;Castilla y León;7
2021;3;1123.8;Libre;9;Burgos;Castilla y León;7
2021;4;1138.7;Libre;9;Burgos;Castilla y León;7
2022;1;1167.7;Libre;9;Burgos;Castilla y León;7
2022;2;1147.2;Libre;9;Burgos;Castilla y León;7
2022;3;1175.3;Libre;9;Burgos;Castilla y León;7
2022;4;1161.3;Libre;9;Burgos;Castilla y León;7
2023;1;1143.1;Libre;9;Burgos;Castilla y León;7
2023;2;1150.2;Libre;9;Burgos;Castilla y León;7
2023;3;1136.2;Libre;9;Burgos;Castilla y León;7
2023;4;1169.3;Libre;9;Burgos;Castilla y León;7
2024;1;1193.9;Libre;9;Burgos;Castilla y León;7
2024;2;1205.5;Libre;9;Burgos;Castilla y León;7
2024;3;1179.8;Libre;9;Burgos;Castilla y León;7
2024;4;1212.3;Libre;9;Burgos;Castilla y León;7
2025;1;1269.1;Libre;9;Burgos;Castilla y León;7
2025;2;1283.8;Libre;9;Burgos;Castilla y León;7
2025;3;1322.3;Libre;9;Burgos;Castilla y León;7
2025;4;1371.2;Libre;9;Burgos;Castilla y León;7
2026;1;1423.9;Libre;9;Burgos;Castilla y León;7
2026;2;1500.1;Libre;9;Burgos;Castilla y León;7
2005;1;853.1;Protegida;24;León;Castilla y León;7
2005;2;852.3;Protegida;24;León;Castilla y León;7
2005;3;885.5;Protegida;24;León;Castilla y León;7
2005;4;931.5;Protegida;24;León;Castilla y León;7
2006;1;955.3;Protegida;24;León;Castilla y León;7
2006;2;977.3;Protegida;24;León;Castilla y León;7
2006;3;965.6;Protegida;24;León;Castilla y León;7
2006;4;983.6;Protegida;24;León;Castilla y León;7
2007;1;986;Protegida;24;León;Castilla y León;7
2007;2;1000.2;Protegida;24;León;Castilla y León;7
2007;3;1016.1;Protegida;24;León;Castilla y León;7
2007;4;1037.7;Protegida;24;León;Castilla y León;7
2008;1;1038.4;Protegida;24;León;Castilla y León;7
2008;2;1038.9;Protegida;24;León;Castilla y León;7
2008;3;1079.9;Protegida;24;León;Castilla y León;7
2008;4;1042.9;Protegida;24;León;Castilla y León;7
2009;1;1015.7;Protegida;24;León;Castilla y León;7
2009;2;1006.5;Protegida;24;León;Castilla y León;7
2009;3;1010.1;Protegida;24;León;Castilla y León;7
2009;4;1015.5;Protegida;24;León;Castilla y León;7
2010;1;1035.6;Protegida;24;León;Castilla y León;7
2010;2;1044.5;Protegida;24;León;Castilla y León;7
2010;3;1051.2;Protegida;24;León;Castilla y León;7
2010;4;1076.5;Protegida;24;León;Castilla y León;7
2011;1;1037.3;Protegida;24;León;Castilla y León;7
2011;2;1058;Protegida;24;León;Castilla y León;7
2011;3;1055.1;Protegida;24;León;Castilla y León;7
2011;4;1073.4;Protegida;24;León;Castilla y León;7
2012;1;1080.1;Protegida;24;León;Castilla y León;7
2014;2;912.1;Protegida;24;León;Castilla y León;7
2014;3;887.3;Protegida;24;León;Castilla y León;7
2014;4;893;Protegida;24;León;Castilla y León;7
2015;1;875.5;Protegida;24;León;Castilla y León;7
2015;2;907.6;Protegida;24;León;Castilla y León;7
2015;3;921.6;Protegida;24;León;Castilla y León;7
2015;4;946.7;Protegida;24;León;Castilla y León;7
2016;1;944.8;Protegida;24;León;Castilla y León;7
2016;2;926.7;Protegida;24;León;Castilla y León;7
2016;3;936.8;Protegida;24;León;Castilla y León;7
2016;4;968.4;Protegida;24;León;Castilla y León;7
2017;1;991;Protegida;24;León;Castilla y León;7
2017;2;979;Protegida;24;León;Castilla y León;7
2017;3;1001.4;Protegida;24;León;Castilla y León;7
2017;4;978.8;Protegida;24;León;Castilla y León;7
2018;1;952.7;Protegida;24;León;Castilla y León;7
2018;2;935.5;Protegida;24;León;Castilla y León;7
2018;3;969.9;Protegida;24;León;Castilla y León;7
2018;4;974.3;Protegida;24;León;Castilla y León;7
2019;1;971.8;Protegida;24;León;Castilla y León;7
2019;2;951.7;Protegida;24;León;Castilla y León;7
2019;3;949.2;Protegida;24;León;Castilla y León;7
2019;4;950.8;Protegida;24;León;Castilla y León;7
2020;1;943.7;Protegida;24;León;Castilla y León;7
2020;2;963.1;Protegida;24;León;Castilla y León;7
2020;3;947.5;Protegida;24;León;Castilla y León;7
2020;4;948.5;Protegida;24;León;Castilla y León;7
2021;1;939.3;Protegida;24;León;Castilla y León;7
2021;2;929.6;Protegida;24;León;Castilla y León;7
2021;3;958.8;Protegida;24;León;Castilla y León;7
2021;4;993.9;Protegida;24;León;Castilla y León;7
2022;1;965.1;Protegida;24;León;Castilla y León;7
2022;2;989.5;Protegida;24;León;Castilla y León;7
2022;3;971.6;Protegida;24;León;Castilla y León;7
2022;4;1006.2;Protegida;24;León;Castilla y León;7
2023;1;1036.3;Protegida;24;León;Castilla y León;7
2023;2;1009.6;Protegida;24;León;Castilla y León;7
2023;3;1045.2;Protegida;24;León;Castilla y León;7
2023;4;1011.2;Protegida;24;León;Castilla y León;7
2024;1;1036.4;Protegida;24;León;Castilla y León;7
2024;2;1065.6;Protegida;24;León;Castilla y León;7
2024;3;1060;Protegida;24;León;Castilla y León;7
2024;4;1062.4;Protegida;24;León;Castilla y León;7
2025;1;1042.2;Protegida;24;León;Castilla y León;7
2025;2;1051.8;Protegida;24;León;Castilla y León;7
2025;3;1064.1;Protegida;24;León;Castilla y León;7
2025;4;1067.4;Protegida;24;León;Castilla y León;7
2026;1;1073.3;Protegida;24;León;Castilla y León;7
1995;4;528.1;Libre;24;León;Castilla y León;7
1996;4;528.1;Libre;24;León;Castilla y León;7
1997;4;554.2;Libre;24;León;Castilla y León;7
1998;4;573.2;Libre;24;León;Castilla y León;7
1999;4;607.3;Libre;24;León;Castilla y León;7
2000;4;682.4;Libre;24;León;Castilla y León;7
2001;4;718.5;Libre;24;León;Castilla y León;7
2002;4;811.7;Libre;24;León;Castilla y León;7
2003;4;875.8;Libre;24;León;Castilla y León;7
2004;4;999.1;Libre;24;León;Castilla y León;7
2005;4;1046.1;Libre;24;León;Castilla y León;7
2006;4;1172.5;Libre;24;León;Castilla y León;7
2007;4;1250.6;Libre;24;León;Castilla y León;7
2008;4;1186.5;Libre;24;León;Castilla y León;7
2009;4;1158.4;Libre;24;León;Castilla y León;7
2010;4;1150.4;Libre;24;León;Castilla y León;7
2011;4;1114;Libre;24;León;Castilla y León;7
2012;4;972.9;Libre;24;León;Castilla y León;7
2013;4;932.2;Libre;24;León;Castilla y León;7
2014;4;887;Libre;24;León;Castilla y León;7
2015;4;908;Libre;24;León;Castilla y León;7
2016;4;905.9;Libre;24;León;Castilla y León;7
2017;4;870.5;Libre;24;León;Castilla y León;7
2018;4;875.3;Libre;24;León;Castilla y León;7
2019;4;874.4;Libre;24;León;Castilla y León;7
2020;4;849.5;Libre;24;León;Castilla y León;7
2021;4;849.7;Libre;24;León;Castilla y León;7
2022;4;873.9;Libre;24;León;Castilla y León;7
2023;4;889.8;Libre;24;León;Castilla y León;7
2024;4;914.8;Libre;24;León;Castilla y León;7
2025;4;990;Libre;24;León;Castilla y León;7
1995;3;541.1;Libre;24;León;Castilla y León;7
1996;3;551.2;Libre;24;León;Castilla y León;7
1997;3;551.2;Libre;24;León;Castilla y León;7
1998;3;581.2;Libre;24;León;Castilla y León;7
1999;3;601.3;Libre;24;León;Castilla y León;7
2000;3;683.4;Libre;24;León;Castilla y León;7
2001;3;737.5;Libre;24;León;Castilla y León;7
2002;3;804.7;Libre;24;León;Castilla y León;7
2003;3;893.9;Libre;24;León;Castilla y León;7
2004;3;953;Libre;24;León;Castilla y León;7
2005;3;1049.2;Libre;24;León;Castilla y León;7
2006;3;1134.4;Libre;24;León;Castilla y León;7
2007;3;1227.6;Libre;24;León;Castilla y León;7
2008;3;1191.5;Libre;24;León;Castilla y León;7
2009;3;1151.4;Libre;24;León;Castilla y León;7
2010;3;1115.3;Libre;24;León;Castilla y León;7
2011;3;1110.2;Libre;24;León;Castilla y León;7
2012;3;1014.5;Libre;24;León;Castilla y León;7
2013;3;914.8;Libre;24;León;Castilla y León;7
2014;3;877.4;Libre;24;León;Castilla y León;7
2015;3;892.6;Libre;24;León;Castilla y León;7
2016;3;911.1;Libre;24;León;Castilla y León;7
2017;3;868.3;Libre;24;León;Castilla y León;7
2018;3;860.3;Libre;24;León;Castilla y León;7
2019;3;865.7;Libre;24;León;Castilla y León;7
2020;3;867.8;Libre;24;León;Castilla y León;7
2021;3;860.4;Libre;24;León;Castilla y León;7
2022;3;870.5;Libre;24;León;Castilla y León;7
2023;3;871.5;Libre;24;León;Castilla y León;7
2024;3;908.8;Libre;24;León;Castilla y León;7
2025;3;978.4;Libre;24;León;Castilla y León;7
1995;2;546.1;Libre;24;León;Castilla y León;7
1996;2;552.2;Libre;24;León;Castilla y León;7
1997;2;540.1;Libre;24;León;Castilla y León;7
1998;2;569.2;Libre;24;León;Castilla y León;7
1999;2;584.2;Libre;24;León;Castilla y León;7
2000;2;644.4;Libre;24;León;Castilla y León;7
2001;2;718.5;Libre;24;León;Castilla y León;7
2002;2;773.6;Libre;24;León;Castilla y León;7
2003;2;843.8;Libre;24;León;Castilla y León;7
2004;2;950;Libre;24;León;Castilla y León;7
2005;2;1041.2;Libre;24;León;Castilla y León;7
2006;2;1137.4;Libre;24;León;Castilla y León;7
2007;2;1213.5;Libre;24;León;Castilla y León;7
2008;2;1216.5;Libre;24;León;Castilla y León;7
2009;2;1189.2;Libre;24;León;Castilla y León;7
2010;2;1152.4;Libre;24;León;Castilla y León;7
2011;2;1132.9;Libre;24;León;Castilla y León;7
2012;2;1046;Libre;24;León;Castilla y León;7
2013;2;965;Libre;24;León;Castilla y León;7
2014;2;893.8;Libre;24;León;Castilla y León;7
2015;2;872.8;Libre;24;León;Castilla y León;7
2016;2;880.4;Libre;24;León;Castilla y León;7
2017;2;887.5;Libre;24;León;Castilla y León;7
2018;2;875.1;Libre;24;León;Castilla y León;7
2019;2;852.3;Libre;24;León;Castilla y León;7
2020;2;857.4;Libre;24;León;Castilla y León;7
2021;2;837.6;Libre;24;León;Castilla y León;7
2022;2;867.1;Libre;24;León;Castilla y León;7
2023;2;886.6;Libre;24;León;Castilla y León;7
2024;2;881.2;Libre;24;León;Castilla y León;7
2025;2;959.4;Libre;24;León;Castilla y León;7
2026;2;1086.7;Libre;24;León;Castilla y León;7
1995;1;529.1;Libre;24;León;Castilla y León;7
1996;1;508.1;Libre;24;León;Castilla y León;7
1997;1;530.1;Libre;24;León;Castilla y León;7
1998;1;581.2;Libre;24;León;Castilla y León;7
1999;1;567.2;Libre;24;León;Castilla y León;7
2000;1;613.3;Libre;24;León;Castilla y León;7
2001;1;670.4;Libre;24;León;Castilla y León;7
2002;1;718.5;Libre;24;León;Castilla y León;7
2003;1;832.7;Libre;24;León;Castilla y León;7
2004;1;888.9;Libre;24;León;Castilla y León;7
2005;1;1002.1;Libre;24;León;Castilla y León;7
2006;1;1089.3;Libre;24;León;Castilla y León;7
2007;1;1171.5;Libre;24;León;Castilla y León;7
2008;1;1212.5;Libre;24;León;Castilla y León;7
2009;1;1170.5;Libre;24;León;Castilla y León;7
2010;1;1172.5;Libre;24;León;Castilla y León;7
2011;1;1106.3;Libre;24;León;Castilla y León;7
2012;1;1046;Libre;24;León;Castilla y León;7
2013;1;976.7;Libre;24;León;Castilla y León;7
2014;1;913.6;Libre;24;León;Castilla y León;7
2015;1;846.5;Libre;24;León;Castilla y León;7
2016;1;911.2;Libre;24;León;Castilla y León;7
2017;1;896;Libre;24;León;Castilla y León;7
2018;1;891.2;Libre;24;León;Castilla y León;7
2019;1;885.9;Libre;24;León;Castilla y León;7
2020;1;865.4;Libre;24;León;Castilla y León;7
2021;1;854.6;Libre;24;León;Castilla y León;7
2022;1;874.5;Libre;24;León;Castilla y León;7
2023;1;871.5;Libre;24;León;Castilla y León;7
2024;1;904.3;Libre;24;León;Castilla y León;7
2025;1;937.5;Libre;24;León;Castilla y León;7
2026;1;1047;Libre;24;León;Castilla y León;7
2005;3;926.3;Protegida;47;Valladolid;Castilla y León;7
2006;3;1006.2;Protegida;47;Valladolid;Castilla y León;7
2007;3;1062.9;Protegida;47;Valladolid;Castilla y León;7
2008;3;1041.66;Protegida;47;Valladolid;Castilla y León;7
2009;3;1053.2;Protegida;47;Valladolid;Castilla y León;7
2010;3;1094.3;Protegida;47;Valladolid;Castilla y León;7
2011;3;1136.8;Protegida;47;Valladolid;Castilla y León;7
2013;3;1068.6;Protegida;47;Valladolid;Castilla y León;7
2014;3;1042;Protegida;47;Valladolid;Castilla y León;7
2015;3;1086;Protegida;47;Valladolid;Castilla y León;7
2016;3;1083.9;Protegida;47;Valladolid;Castilla y León;7
2017;3;1070;Protegida;47;Valladolid;Castilla y León;7
2018;3;1043.1;Protegida;47;Valladolid;Castilla y León;7
2019;3;1033.2;Protegida;47;Valladolid;Castilla y León;7
2020;3;1063.5;Protegida;47;Valladolid;Castilla y León;7
2021;3;1032.4;Protegida;47;Valladolid;Castilla y León;7
2022;3;1073.9;Protegida;47;Valladolid;Castilla y León;7
2023;3;1095.9;Protegida;47;Valladolid;Castilla y León;7
2024;3;1071.7;Protegida;47;Valladolid;Castilla y León;7
2025;3;1095;Protegida;47;Valladolid;Castilla y León;7
2005;2;912.7;Protegida;47;Valladolid;Castilla y León;7
2006;2;949.6;Protegida;47;Valladolid;Castilla y León;7
2007;2;1040.7;Protegida;47;Valladolid;Castilla y León;7
2008;2;1018.1;Protegida;47;Valladolid;Castilla y León;7
2009;2;1064.4;Protegida;47;Valladolid;Castilla y León;7
2010;2;1085.7;Protegida;47;Valladolid;Castilla y León;7
2011;2;1141.3;Protegida;47;Valladolid;Castilla y León;7
2012;2;1213.6;Protegida;47;Valladolid;Castilla y León;7
2014;2;1092.9;Protegida;47;Valladolid;Castilla y León;7
2015;2;1052.6;Protegida;47;Valladolid;Castilla y León;7
2016;2;1095.7;Protegida;47;Valladolid;Castilla y León;7
2017;2;1091.7;Protegida;47;Valladolid;Castilla y León;7
2018;2;1058.4;Protegida;47;Valladolid;Castilla y León;7
2019;2;1042.2;Protegida;47;Valladolid;Castilla y León;7
2020;2;1041.5;Protegida;47;Valladolid;Castilla y León;7
2021;2;1055.3;Protegida;47;Valladolid;Castilla y León;7
2022;2;1079.3;Protegida;47;Valladolid;Castilla y León;7
2023;2;1092.4;Protegida;47;Valladolid;Castilla y León;7
2024;2;1073.8;Protegida;47;Valladolid;Castilla y León;7
2025;2;1095.1;Protegida;47;Valladolid;Castilla y León;7
2026;2;1173.1;Protegida;47;Valladolid;Castilla y León;7
2005;1;856.6;Protegida;47;Valladolid;Castilla y León;7
2006;1;992.1;Protegida;47;Valladolid;Castilla y León;7
2007;1;1016.9;Protegida;47;Valladolid;Castilla y León;7
2008;1;1062.5;Protegida;47;Valladolid;Castilla y León;7
2009;1;1061.8;Protegida;47;Valladolid;Castilla y León;7
2010;1;1073;Protegida;47;Valladolid;Castilla y León;7
2011;1;1125.6;Protegida;47;Valladolid;Castilla y León;7
2013;1;1118.5;Protegida;47;Valladolid;Castilla y León;7
2014;1;1121.9;Protegida;47;Valladolid;Castilla y León;7
2015;1;1087.9;Protegida;47;Valladolid;Castilla y León;7
2016;1;1079.6;Protegida;47;Valladolid;Castilla y León;7
2017;1;1101.4;Protegida;47;Valladolid;Castilla y León;7
2018;1;1074.7;Protegida;47;Valladolid;Castilla y León;7
2019;1;1029.5;Protegida;47;Valladolid;Castilla y León;7
2020;1;1011.9;Protegida;47;Valladolid;Castilla y León;7
2021;1;1080.5;Protegida;47;Valladolid;Castilla y León;7
2022;1;1050.1;Protegida;47;Valladolid;Castilla y León;7
2023;1;1066.9;Protegida;47;Valladolid;Castilla y León;7
2024;1;1077.2;Protegida;47;Valladolid;Castilla y León;7
2025;1;1071.4;Protegida;47;Valladolid;Castilla y León;7
2026;1;1121.2;Protegida;47;Valladolid;Castilla y León;7
2005;4;953;Protegida;47;Valladolid;Castilla y León;7
2006;4;940.5;Protegida;47;Valladolid;Castilla y León;7
2007;4;1063.5;Protegida;47;Valladolid;Castilla y León;7
2008;4;1092.6;Protegida;47;Valladolid;Castilla y León;7
2009;4;1068.9;Protegida;47;Valladolid;Castilla y León;7
2010;4;1101.3;Protegida;47;Valladolid;Castilla y León;7
2011;4;1125.2;Protegida;47;Valladolid;Castilla y León;7
2012;4;1143;Protegida;47;Valladolid;Castilla y León;7
2013;4;1071.7;Protegida;47;Valladolid;Castilla y León;7
2014;4;1070.1;Protegida;47;Valladolid;Castilla y León;7
2015;4;1096.2;Protegida;47;Valladolid;Castilla y León;7
2016;4;1112.2;Protegida;47;Valladolid;Castilla y León;7
2017;4;1088.1;Protegida;47;Valladolid;Castilla y León;7
2018;4;1037.1;Protegida;47;Valladolid;Castilla y León;7
2019;4;1017.5;Protegida;47;Valladolid;Castilla y León;7
2020;4;1076.8;Protegida;47;Valladolid;Castilla y León;7
2021;4;1065.4;Protegida;47;Valladolid;Castilla y León;7
2022;4;1082.4;Protegida;47;Valladolid;Castilla y León;7
2023;4;1068.8;Protegida;47;Valladolid;Castilla y León;7
2024;4;1057.8;Protegida;47;Valladolid;Castilla y León;7
2025;4;1112.9;Protegida;47;Valladolid;Castilla y León;7
1995;4;679.4;Libre;47;Valladolid;Castilla y León;7
1996;4;676.6;Libre;47;Valladolid;Castilla y León;7
1997;4;679.4;Libre;47;Valladolid;Castilla y León;7
1998;4;704;Libre;47;Valladolid;Castilla y León;7
1999;4;783.5;Libre;47;Valladolid;Castilla y León;7
2000;4;857.4;Libre;47;Valladolid;Castilla y León;7
2001;4;960.2;Libre;47;Valladolid;Castilla y León;7
2002;4;1027.3;Libre;47;Valladolid;Castilla y León;7
2003;4;1132.7;Libre;47;Valladolid;Castilla y León;7
2004;4;1319;Libre;47;Valladolid;Castilla y León;7
2005;4;1510.7;Libre;47;Valladolid;Castilla y León;7
2006;4;1621.5;Libre;47;Valladolid;Castilla y León;7
2007;4;1645.4;Libre;47;Valladolid;Castilla y León;7
2008;4;1605.3;Libre;47;Valladolid;Castilla y León;7
2009;4;1532.5;Libre;47;Valladolid;Castilla y León;7
2010;4;1488.9;Libre;47;Valladolid;Castilla y León;7
2011;4;1405.7;Libre;47;Valladolid;Castilla y León;7
2012;4;1321.8;Libre;47;Valladolid;Castilla y León;7
2013;4;1158.1;Libre;47;Valladolid;Castilla y León;7
2014;4;1153.4;Libre;47;Valladolid;Castilla y León;7
2015;4;1163.1;Libre;47;Valladolid;Castilla y León;7
2016;4;1175.4;Libre;47;Valladolid;Castilla y León;7
2017;4;1198.3;Libre;47;Valladolid;Castilla y León;7
2018;4;1232.3;Libre;47;Valladolid;Castilla y León;7
2019;4;1251.8;Libre;47;Valladolid;Castilla y León;7
2020;4;1228.9;Libre;47;Valladolid;Castilla y León;7
2021;4;1287.7;Libre;47;Valladolid;Castilla y León;7
2022;4;1290.1;Libre;47;Valladolid;Castilla y León;7
2023;4;1309.7;Libre;47;Valladolid;Castilla y León;7
2024;4;1374.6;Libre;47;Valladolid;Castilla y León;7
2025;4;1524.2;Libre;47;Valladolid;Castilla y León;7
1995;3;667;Libre;47;Valladolid;Castilla y León;7
1996;3;678;Libre;47;Valladolid;Castilla y León;7
1997;3;654.7;Libre;47;Valladolid;Castilla y León;7
1998;3;705.4;Libre;47;Valladolid;Castilla y León;7
1999;3;773.9;Libre;47;Valladolid;Castilla y León;7
2000;3;839.6;Libre;47;Valladolid;Castilla y León;7
2001;3;931.4;Libre;47;Valladolid;Castilla y León;7
2002;3;1034.1;Libre;47;Valladolid;Castilla y León;7
2003;3;1099.9;Libre;47;Valladolid;Castilla y León;7
2004;3;1310.8;Libre;47;Valladolid;Castilla y León;7
2005;3;1494.3;Libre;47;Valladolid;Castilla y León;7
2006;3;1584.7;Libre;47;Valladolid;Castilla y León;7
2007;3;1636.8;Libre;47;Valladolid;Castilla y León;7
2008;3;1669.7;Libre;47;Valladolid;Castilla y León;7
2009;3;1554.6;Libre;47;Valladolid;Castilla y León;7
2010;3;1520.4;Libre;47;Valladolid;Castilla y León;7
2011;3;1351.6;Libre;47;Valladolid;Castilla y León;7
2012;3;1261.3;Libre;47;Valladolid;Castilla y León;7
2013;3;1197.6;Libre;47;Valladolid;Castilla y León;7
2014;3;1163.3;Libre;47;Valladolid;Castilla y León;7
2015;3;1164.8;Libre;47;Valladolid;Castilla y León;7
2016;3;1139.7;Libre;47;Valladolid;Castilla y León;7
2017;3;1168.6;Libre;47;Valladolid;Castilla y León;7
2018;3;1193.6;Libre;47;Valladolid;Castilla y León;7
2019;3;1236.2;Libre;47;Valladolid;Castilla y León;7
2020;3;1209.7;Libre;47;Valladolid;Castilla y León;7
2021;3;1254.5;Libre;47;Valladolid;Castilla y León;7
2022;3;1250.5;Libre;47;Valladolid;Castilla y León;7
2023;3;1283.3;Libre;47;Valladolid;Castilla y León;7
2024;3;1344.2;Libre;47;Valladolid;Castilla y León;7
2025;3;1481.9;Libre;47;Valladolid;Castilla y León;7
1995;2;682.1;Libre;47;Valladolid;Castilla y León;7
1996;2;682.1;Libre;47;Valladolid;Castilla y León;7
1997;2;661.6;Libre;47;Valladolid;Castilla y León;7
1998;2;690.3;Libre;47;Valladolid;Castilla y León;7
1999;2;767;Libre;47;Valladolid;Castilla y León;7
2000;2;827.3;Libre;47;Valladolid;Castilla y León;7
2001;2;923.2;Libre;47;Valladolid;Castilla y León;7
2002;2;1005.4;Libre;47;Valladolid;Castilla y León;7
2003;2;1086.2;Libre;47;Valladolid;Castilla y León;7
2004;2;1299.8;Libre;47;Valladolid;Castilla y León;7
2005;2;1471.1;Libre;47;Valladolid;Castilla y León;7
2006;2;1588.9;Libre;47;Valladolid;Castilla y León;7
2007;2;1668.8;Libre;47;Valladolid;Castilla y León;7
2008;2;1653.6;Libre;47;Valladolid;Castilla y León;7
2009;2;1532.8;Libre;47;Valladolid;Castilla y León;7
2010;2;1519;Libre;47;Valladolid;Castilla y León;7
2011;2;1367.4;Libre;47;Valladolid;Castilla y León;7
2012;2;1337.5;Libre;47;Valladolid;Castilla y León;7
2013;2;1222;Libre;47;Valladolid;Castilla y León;7
2014;2;1154.1;Libre;47;Valladolid;Castilla y León;7
2015;2;1151.5;Libre;47;Valladolid;Castilla y León;7
2016;2;1172.6;Libre;47;Valladolid;Castilla y León;7
2017;2;1156.7;Libre;47;Valladolid;Castilla y León;7
2018;2;1206.6;Libre;47;Valladolid;Castilla y León;7
2019;2;1235.8;Libre;47;Valladolid;Castilla y León;7
2020;2;1215.8;Libre;47;Valladolid;Castilla y León;7
2021;2;1250.7;Libre;47;Valladolid;Castilla y León;7
2022;2;1289.8;Libre;47;Valladolid;Castilla y León;7
2023;2;1278.7;Libre;47;Valladolid;Castilla y León;7
2024;2;1315;Libre;47;Valladolid;Castilla y León;7
2025;2;1434;Libre;47;Valladolid;Castilla y León;7
2026;2;1658.4;Libre;47;Valladolid;Castilla y León;7
1995;1;654.7;Libre;47;Valladolid;Castilla y León;7
1996;1;678;Libre;47;Valladolid;Castilla y León;7
1997;1;684.9;Libre;47;Valladolid;Castilla y León;7
1998;1;682.1;Libre;47;Valladolid;Castilla y León;7
1999;1;728.7;Libre;47;Valladolid;Castilla y León;7
2000;1;836.9;Libre;47;Valladolid;Castilla y León;7
2001;1;936.9;Libre;47;Valladolid;Castilla y León;7
2002;1;983.4;Libre;47;Valladolid;Castilla y León;7
2003;1;1025.9;Libre;47;Valladolid;Castilla y León;7
2004;1;1173.8;Libre;47;Valladolid;Castilla y León;7
2005;1;1369.7;Libre;47;Valladolid;Castilla y León;7
2006;1;1534.1;Libre;47;Valladolid;Castilla y León;7
2007;1;1691.6;Libre;47;Valladolid;Castilla y León;7
2008;1;1680.7;Libre;47;Valladolid;Castilla y León;7
2009;1;1554.6;Libre;47;Valladolid;Castilla y León;7
2010;1;1525.3;Libre;47;Valladolid;Castilla y León;7
2011;1;1425.9;Libre;47;Valladolid;Castilla y León;7
2012;1;1325.6;Libre;47;Valladolid;Castilla y León;7
2013;1;1274.2;Libre;47;Valladolid;Castilla y León;7
2014;1;1179.5;Libre;47;Valladolid;Castilla y León;7
2015;1;1122.4;Libre;47;Valladolid;Castilla y León;7
2016;1;1148.6;Libre;47;Valladolid;Castilla y León;7
2017;1;1163.4;Libre;47;Valladolid;Castilla y León;7
2018;1;1173.9;Libre;47;Valladolid;Castilla y León;7
2019;1;1233.4;Libre;47;Valladolid;Castilla y León;7
2020;1;1247.4;Libre;47;Valladolid;Castilla y León;7
2021;1;1219.2;Libre;47;Valladolid;Castilla y León;7
2022;1;1276.9;Libre;47;Valladolid;Castilla y León;7
2023;1;1276;Libre;47;Valladolid;Castilla y León;7
2024;1;1314.3;Libre;47;Valladolid;Castilla y León;7
2025;1;1391.1;Libre;47;Valladolid;Castilla y León;7
2026;1;1591;Libre;47;Valladolid;Castilla y León;7
2005;4;894.1;Protegida;21;Huelva;Andalucía;1
2006;4;908.9;Protegida;21;Huelva;Andalucía;1
2007;4;960;Protegida;21;Huelva;Andalucía;1
2008;4;1050.9;Protegida;21;Huelva;Andalucía;1
2009;4;1021.9;Protegida;21;Huelva;Andalucía;1
2010;4;1044.5;Protegida;21;Huelva;Andalucía;1
2011;4;1105.6;Protegida;21;Huelva;Andalucía;1
2013;4;1071.8;Protegida;21;Huelva;Andalucía;1
2014;4;1035.6;Protegida;21;Huelva;Andalucía;1
2015;4;1059.6;Protegida;21;Huelva;Andalucía;1
2016;4;1092.3;Protegida;21;Huelva;Andalucía;1
2017;4;1074.3;Protegida;21;Huelva;Andalucía;1
2018;4;1053.9;Protegida;21;Huelva;Andalucía;1
2019;4;1069.3;Protegida;21;Huelva;Andalucía;1
2020;4;1105.9;Protegida;21;Huelva;Andalucía;1
2021;4;1085.8;Protegida;21;Huelva;Andalucía;1
2022;4;1108.5;Protegida;21;Huelva;Andalucía;1
2023;4;1133.9;Protegida;21;Huelva;Andalucía;1
2024;4;1139.6;Protegida;21;Huelva;Andalucía;1
2025;4;1177.6;Protegida;21;Huelva;Andalucía;1
2005;3;883.9;Protegida;21;Huelva;Andalucía;1
2006;3;902.1;Protegida;21;Huelva;Andalucía;1
2007;3;956;Protegida;21;Huelva;Andalucía;1
2008;3;1043.59;Protegida;21;Huelva;Andalucía;1
2009;3;1014.6;Protegida;21;Huelva;Andalucía;1
2010;3;1034.4;Protegida;21;Huelva;Andalucía;1
2011;3;1084.1;Protegida;21;Huelva;Andalucía;1
2013;3;1104.2;Protegida;21;Huelva;Andalucía;1
2014;3;1048.4;Protegida;21;Huelva;Andalucía;1
2015;3;1064.9;Protegida;21;Huelva;Andalucía;1
2016;3;1067.6;Protegida;21;Huelva;Andalucía;1
2017;3;1056.3;Protegida;21;Huelva;Andalucía;1
2018;3;1066.4;Protegida;21;Huelva;Andalucía;1
2019;3;1052;Protegida;21;Huelva;Andalucía;1
2020;3;1091;Protegida;21;Huelva;Andalucía;1
2021;3;1094.4;Protegida;21;Huelva;Andalucía;1
2022;3;1095;Protegida;21;Huelva;Andalucía;1
2023;3;1125.9;Protegida;21;Huelva;Andalucía;1
2024;3;1157.1;Protegida;21;Huelva;Andalucía;1
2025;3;1181;Protegida;21;Huelva;Andalucía;1
2005;2;834.8;Protegida;21;Huelva;Andalucía;1
2006;2;866.4;Protegida;21;Huelva;Andalucía;1
2007;2;947.4;Protegida;21;Huelva;Andalucía;1
2008;2;1026.1;Protegida;21;Huelva;Andalucía;1
2009;2;1007.5;Protegida;21;Huelva;Andalucía;1
2010;2;1049.3;Protegida;21;Huelva;Andalucía;1
2011;2;1091.1;Protegida;21;Huelva;Andalucía;1
2012;2;1127.3;Protegida;21;Huelva;Andalucía;1
2013;2;1108.6;Protegida;21;Huelva;Andalucía;1
2014;2;1060.1;Protegida;21;Huelva;Andalucía;1
2015;2;1067.6;Protegida;21;Huelva;Andalucía;1
2016;2;1043.6;Protegida;21;Huelva;Andalucía;1
2017;2;1076.7;Protegida;21;Huelva;Andalucía;1
2018;2;1084.8;Protegida;21;Huelva;Andalucía;1
2019;2;1057.9;Protegida;21;Huelva;Andalucía;1
2020;2;1075.6;Protegida;21;Huelva;Andalucía;1
2021;2;1112.4;Protegida;21;Huelva;Andalucía;1
2022;2;1115.3;Protegida;21;Huelva;Andalucía;1
2023;2;1134.8;Protegida;21;Huelva;Andalucía;1
2024;2;1167.6;Protegida;21;Huelva;Andalucía;1
2025;2;1168;Protegida;21;Huelva;Andalucía;1
2026;2;1154;Protegida;21;Huelva;Andalucía;1
2005;1;823.8;Protegida;21;Huelva;Andalucía;1
2006;1;889.1;Protegida;21;Huelva;Andalucía;1
2007;1;938.6;Protegida;21;Huelva;Andalucía;1
2008;1;991.9;Protegida;21;Huelva;Andalucía;1
2009;1;1001.4;Protegida;21;Huelva;Andalucía;1
2010;1;1019.7;Protegida;21;Huelva;Andalucía;1
2011;1;1062.9;Protegida;21;Huelva;Andalucía;1
2012;1;1115.1;Protegida;21;Huelva;Andalucía;1
2013;1;1127.5;Protegida;21;Huelva;Andalucía;1
2014;1;1084.5;Protegida;21;Huelva;Andalucía;1
2015;1;1065.1;Protegida;21;Huelva;Andalucía;1
2016;1;1072.9;Protegida;21;Huelva;Andalucía;1
2017;1;1072;Protegida;21;Huelva;Andalucía;1
2018;1;1104.8;Protegida;21;Huelva;Andalucía;1
2019;1;1072.3;Protegida;21;Huelva;Andalucía;1
2020;1;1096.9;Protegida;21;Huelva;Andalucía;1
2021;1;1091.8;Protegida;21;Huelva;Andalucía;1
2022;1;1086.5;Protegida;21;Huelva;Andalucía;1
2023;1;1138.3;Protegida;21;Huelva;Andalucía;1
2024;1;1137.2;Protegida;21;Huelva;Andalucía;1
2025;1;1142.3;Protegida;21;Huelva;Andalucía;1
2026;1;1167.2;Protegida;21;Huelva;Andalucía;1
1995;4;526.5;Libre;21;Huelva;Andalucía;1
1996;4;507.3;Libre;21;Huelva;Andalucía;1
1997;4;524;Libre;21;Huelva;Andalucía;1
1998;4;556;Libre;21;Huelva;Andalucía;1
1999;4;612.4;Libre;21;Huelva;Andalucía;1
2000;4;726.4;Libre;21;Huelva;Andalucía;1
2001;4;839.1;Libre;21;Huelva;Andalucía;1
2002;4;958.3;Libre;21;Huelva;Andalucía;1
2003;4;1119.7;Libre;21;Huelva;Andalucía;1
2004;4;1263.2;Libre;21;Huelva;Andalucía;1
2005;4;1467.8;Libre;21;Huelva;Andalucía;1
2006;4;1615.3;Libre;21;Huelva;Andalucía;1
2007;4;1718.4;Libre;21;Huelva;Andalucía;1
2008;4;1677.1;Libre;21;Huelva;Andalucía;1
2009;4;1610.1;Libre;21;Huelva;Andalucía;1
2010;4;1491;Libre;21;Huelva;Andalucía;1
2011;4;1360.3;Libre;21;Huelva;Andalucía;1
2012;4;1252.4;Libre;21;Huelva;Andalucía;1
2013;4;1123.2;Libre;21;Huelva;Andalucía;1
2014;4;1089.3;Libre;21;Huelva;Andalucía;1
2015;4;1098.5;Libre;21;Huelva;Andalucía;1
2016;4;1033.7;Libre;21;Huelva;Andalucía;1
2017;4;1079.9;Libre;21;Huelva;Andalucía;1
2018;4;1093.6;Libre;21;Huelva;Andalucía;1
2019;4;1102.7;Libre;21;Huelva;Andalucía;1
2020;4;1076.6;Libre;21;Huelva;Andalucía;1
2021;4;1162;Libre;21;Huelva;Andalucía;1
2022;4;1200.2;Libre;21;Huelva;Andalucía;1
2023;4;1237.4;Libre;21;Huelva;Andalucía;1
2024;4;1301.6;Libre;21;Huelva;Andalucía;1
2025;4;1454.2;Libre;21;Huelva;Andalucía;1
1995;3;506;Libre;21;Huelva;Andalucía;1
1996;3;518.8;Libre;21;Huelva;Andalucía;1
1997;3;517.6;Libre;21;Huelva;Andalucía;1
1998;3;548.3;Libre;21;Huelva;Andalucía;1
1999;3;598.3;Libre;21;Huelva;Andalucía;1
2000;3;693.1;Libre;21;Huelva;Andalucía;1
2001;3;846.8;Libre;21;Huelva;Andalucía;1
2002;3;940.3;Libre;21;Huelva;Andalucía;1
2003;3;1124.8;Libre;21;Huelva;Andalucía;1
2004;3;1242.7;Libre;21;Huelva;Andalucía;1
2005;3;1418.2;Libre;21;Huelva;Andalucía;1
2006;3;1575.8;Libre;21;Huelva;Andalucía;1
2007;3;1698;Libre;21;Huelva;Andalucía;1
2008;3;1788.7;Libre;21;Huelva;Andalucía;1
2009;3;1612.9;Libre;21;Huelva;Andalucía;1
2010;3;1530.6;Libre;21;Huelva;Andalucía;1
2011;3;1412.6;Libre;21;Huelva;Andalucía;1
2012;3;1303.2;Libre;21;Huelva;Andalucía;1
2013;3;1167.6;Libre;21;Huelva;Andalucía;1
2014;3;1109.3;Libre;21;Huelva;Andalucía;1
2015;3;1080.5;Libre;21;Huelva;Andalucía;1
2016;3;1065.4;Libre;21;Huelva;Andalucía;1
2017;3;1044.9;Libre;21;Huelva;Andalucía;1
2018;3;1061;Libre;21;Huelva;Andalucía;1
2019;3;1097.3;Libre;21;Huelva;Andalucía;1
2020;3;1065.4;Libre;21;Huelva;Andalucía;1
2021;3;1119.8;Libre;21;Huelva;Andalucía;1
2022;3;1162.4;Libre;21;Huelva;Andalucía;1
2023;3;1199.2;Libre;21;Huelva;Andalucía;1
2024;3;1258.2;Libre;21;Huelva;Andalucía;1
2025;3;1398.2;Libre;21;Huelva;Andalucía;1
1995;2;506;Libre;21;Huelva;Andalucía;1
1996;2;518.8;Libre;21;Huelva;Andalucía;1
1997;2;516.3;Libre;21;Huelva;Andalucía;1
1998;2;547;Libre;21;Huelva;Andalucía;1
1999;2;579.1;Libre;21;Huelva;Andalucía;1
2000;2;670;Libre;21;Huelva;Andalucía;1
2001;2;808.4;Libre;21;Huelva;Andalucía;1
2002;2;903.2;Libre;21;Huelva;Andalucía;1
2003;2;1036.4;Libre;21;Huelva;Andalucía;1
2004;2;1226;Libre;21;Huelva;Andalucía;1
2005;2;1414.3;Libre;21;Huelva;Andalucía;1
2006;2;1525.8;Libre;21;Huelva;Andalucía;1
2007;2;1679;Libre;21;Huelva;Andalucía;1
2008;2;1799;Libre;21;Huelva;Andalucía;1
2009;2;1640.5;Libre;21;Huelva;Andalucía;1
2010;2;1551.4;Libre;21;Huelva;Andalucía;1
2011;2;1423.8;Libre;21;Huelva;Andalucía;1
2012;2;1363;Libre;21;Huelva;Andalucía;1
2013;2;1228.8;Libre;21;Huelva;Andalucía;1
2014;2;1105.3;Libre;21;Huelva;Andalucía;1
2015;2;1082.1;Libre;21;Huelva;Andalucía;1
2016;2;1073.7;Libre;21;Huelva;Andalucía;1
2017;2;1058.5;Libre;21;Huelva;Andalucía;1
2018;2;1066.9;Libre;21;Huelva;Andalucía;1
2019;2;1072.8;Libre;21;Huelva;Andalucía;1
2020;2;1039.4;Libre;21;Huelva;Andalucía;1
2021;2;1104.7;Libre;21;Huelva;Andalucía;1
2022;2;1137.3;Libre;21;Huelva;Andalucía;1
2023;2;1198.2;Libre;21;Huelva;Andalucía;1
2024;2;1266.3;Libre;21;Huelva;Andalucía;1
2025;2;1352.6;Libre;21;Huelva;Andalucía;1
2026;2;1567.2;Libre;21;Huelva;Andalucía;1
1995;1;504.8;Libre;21;Huelva;Andalucía;1
1996;1;515;Libre;21;Huelva;Andalucía;1
1997;1;503.5;Libre;21;Huelva;Andalucía;1
1998;1;534.2;Libre;21;Huelva;Andalucía;1
1999;1;570.1;Libre;21;Huelva;Andalucía;1
2000;1;617.5;Libre;21;Huelva;Andalucía;1
2001;1;740.5;Libre;21;Huelva;Andalucía;1
2002;1;882.7;Libre;21;Huelva;Andalucía;1
2003;1;1004.4;Libre;21;Huelva;Andalucía;1
2004;1;1156.8;Libre;21;Huelva;Andalucía;1
2005;1;1281.1;Libre;21;Huelva;Andalucía;1
2006;1;1520.7;Libre;21;Huelva;Andalucía;1
2007;1;1630.7;Libre;21;Huelva;Andalucía;1
2008;1;1785.4;Libre;21;Huelva;Andalucía;1
2009;1;1670.6;Libre;21;Huelva;Andalucía;1
2010;1;1568.6;Libre;21;Huelva;Andalucía;1
2011;1;1454.3;Libre;21;Huelva;Andalucía;1
2012;1;1353.5;Libre;21;Huelva;Andalucía;1
2013;1;1284;Libre;21;Huelva;Andalucía;1
2014;1;1118.6;Libre;21;Huelva;Andalucía;1
2015;1;1059.2;Libre;21;Huelva;Andalucía;1
2016;1;1052.3;Libre;21;Huelva;Andalucía;1
2017;1;1041.6;Libre;21;Huelva;Andalucía;1
2018;1;1049.5;Libre;21;Huelva;Andalucía;1
2019;1;1083.4;Libre;21;Huelva;Andalucía;1
2020;1;1080.2;Libre;21;Huelva;Andalucía;1
2021;1;1084.5;Libre;21;Huelva;Andalucía;1
2022;1;1173.4;Libre;21;Huelva;Andalucía;1
2023;1;1199;Libre;21;Huelva;Andalucía;1
2024;1;1271.8;Libre;21;Huelva;Andalucía;1
2025;1;1331.7;Libre;21;Huelva;Andalucía;1
2026;1;1480;Libre;21;Huelva;Andalucía;1
2005;4;907.7;Protegida;4;Almería;Andalucía;1
2006;4;976.7;Protegida;4;Almería;Andalucía;1
2007;4;1033.6;Protegida;4;Almería;Andalucía;1
2008;4;1026.4;Protegida;4;Almería;Andalucía;1
2009;4;1030.3;Protegida;4;Almería;Andalucía;1
2010;4;1061.5;Protegida;4;Almería;Andalucía;1
2011;4;1050.6;Protegida;4;Almería;Andalucía;1
2013;4;1098.6;Protegida;4;Almería;Andalucía;1
2014;4;1071.3;Protegida;4;Almería;Andalucía;1
2015;4;1075;Protegida;4;Almería;Andalucía;1
2016;4;1117.4;Protegida;4;Almería;Andalucía;1
2017;4;1110.8;Protegida;4;Almería;Andalucía;1
2018;4;1098.2;Protegida;4;Almería;Andalucía;1
2019;4;1060.3;Protegida;4;Almería;Andalucía;1
2020;4;1087.7;Protegida;4;Almería;Andalucía;1
2021;4;1114.9;Protegida;4;Almería;Andalucía;1
2022;4;1130.7;Protegida;4;Almería;Andalucía;1
2023;4;1147.1;Protegida;4;Almería;Andalucía;1
2024;4;1153.7;Protegida;4;Almería;Andalucía;1
2025;4;1190.7;Protegida;4;Almería;Andalucía;1
2005;3;859.4;Protegida;4;Almería;Andalucía;1
2006;3;940.2;Protegida;4;Almería;Andalucía;1
2007;3;1005.1;Protegida;4;Almería;Andalucía;1
2008;3;1029.3;Protegida;4;Almería;Andalucía;1
2009;3;1032.4;Protegida;4;Almería;Andalucía;1
2010;3;1049;Protegida;4;Almería;Andalucía;1
2011;3;1091.2;Protegida;4;Almería;Andalucía;1
2012;3;1091.9;Protegida;4;Almería;Andalucía;1
2013;3;1105.9;Protegida;4;Almería;Andalucía;1
2014;3;1078.1;Protegida;4;Almería;Andalucía;1
2015;3;1097.5;Protegida;4;Almería;Andalucía;1
2016;3;1095.3;Protegida;4;Almería;Andalucía;1
2017;3;1099.4;Protegida;4;Almería;Andalucía;1
2018;3;1099.2;Protegida;4;Almería;Andalucía;1
2019;3;1071.1;Protegida;4;Almería;Andalucía;1
2020;3;1097.2;Protegida;4;Almería;Andalucía;1
2021;3;1091.9;Protegida;4;Almería;Andalucía;1
2022;3;1107.3;Protegida;4;Almería;Andalucía;1
2023;3;1154.9;Protegida;4;Almería;Andalucía;1
2024;3;1172.2;Protegida;4;Almería;Andalucía;1
2025;3;1192.9;Protegida;4;Almería;Andalucía;1
2005;2;823.2;Protegida;4;Almería;Andalucía;1
2006;2;929.5;Protegida;4;Almería;Andalucía;1
2007;2;1005.6;Protegida;4;Almería;Andalucía;1
2008;2;1043.2;Protegida;4;Almería;Andalucía;1
2009;2;1036.5;Protegida;4;Almería;Andalucía;1
2010;2;1035.7;Protegida;4;Almería;Andalucía;1
2011;2;1121.7;Protegida;4;Almería;Andalucía;1
2012;2;1067.1;Protegida;4;Almería;Andalucía;1
2013;2;1112.9;Protegida;4;Almería;Andalucía;1
2014;2;1059.4;Protegida;4;Almería;Andalucía;1
2015;2;1097;Protegida;4;Almería;Andalucía;1
2016;2;1088.1;Protegida;4;Almería;Andalucía;1
2017;2;1113.7;Protegida;4;Almería;Andalucía;1
2018;2;1112.9;Protegida;4;Almería;Andalucía;1
2019;2;1085.6;Protegida;4;Almería;Andalucía;1
2020;2;1098.8;Protegida;4;Almería;Andalucía;1
2021;2;1096.7;Protegida;4;Almería;Andalucía;1
2022;2;1126.6;Protegida;4;Almería;Andalucía;1
2023;2;1141.9;Protegida;4;Almería;Andalucía;1
2024;2;1168.9;Protegida;4;Almería;Andalucía;1
2025;2;1194.5;Protegida;4;Almería;Andalucía;1
2026;2;1271.4;Protegida;4;Almería;Andalucía;1
2005;1;817.8;Protegida;4;Almería;Andalucía;1
2006;1;935.8;Protegida;4;Almería;Andalucía;1
2007;1;983.5;Protegida;4;Almería;Andalucía;1
2008;1;1069.1;Protegida;4;Almería;Andalucía;1
2009;1;1025.7;Protegida;4;Almería;Andalucía;1
2010;1;1038.5;Protegida;4;Almería;Andalucía;1
2011;1;1098.2;Protegida;4;Almería;Andalucía;1
2012;1;1062.7;Protegida;4;Almería;Andalucía;1
2013;1;1124.4;Protegida;4;Almería;Andalucía;1
2014;1;1087.2;Protegida;4;Almería;Andalucía;1
2015;1;1077.1;Protegida;4;Almería;Andalucía;1
2016;1;1055;Protegida;4;Almería;Andalucía;1
2017;1;1095.8;Protegida;4;Almería;Andalucía;1
2018;1;1099.5;Protegida;4;Almería;Andalucía;1
2019;1;1096.5;Protegida;4;Almería;Andalucía;1
2020;1;1080.8;Protegida;4;Almería;Andalucía;1
2021;1;1105.3;Protegida;4;Almería;Andalucía;1
2022;1;1111.9;Protegida;4;Almería;Andalucía;1
2023;1;1111.6;Protegida;4;Almería;Andalucía;1
2024;1;1134;Protegida;4;Almería;Andalucía;1
2025;1;1176.4;Protegida;4;Almería;Andalucía;1
2026;1;1207.5;Protegida;4;Almería;Andalucía;1
1995;4;446.5;Libre;4;Almería;Andalucía;1
1996;4;469.4;Libre;4;Almería;Andalucía;1
1997;4;498.7;Libre;4;Almería;Andalucía;1
1998;4;529.2;Libre;4;Almería;Andalucía;1
1999;4;557.2;Libre;4;Almería;Andalucía;1
2000;4;652.6;Libre;4;Almería;Andalucía;1
2001;4;759.4;Libre;4;Almería;Andalucía;1
2002;4;901.9;Libre;4;Almería;Andalucía;1
2003;4;991;Libre;4;Almería;Andalucía;1
2004;4;1227.6;Libre;4;Almería;Andalucía;1
2005;4;1425.5;Libre;4;Almería;Andalucía;1
2006;4;1539.2;Libre;4;Almería;Andalucía;1
2007;4;1657.5;Libre;4;Almería;Andalucía;1
2008;4;1602.8;Libre;4;Almería;Andalucía;1
2009;4;1524.9;Libre;4;Almería;Andalucía;1
2010;4;1469;Libre;4;Almería;Andalucía;1
2011;4;1320.2;Libre;4;Almería;Andalucía;1
2012;4;1167.5;Libre;4;Almería;Andalucía;1
2013;4;1119.9;Libre;4;Almería;Andalucía;1
2014;4;1104.7;Libre;4;Almería;Andalucía;1
2015;4;1103.3;Libre;4;Almería;Andalucía;1
2016;4;1106.6;Libre;4;Almería;Andalucía;1
2017;4;1088.8;Libre;4;Almería;Andalucía;1
2018;4;1091.9;Libre;4;Almería;Andalucía;1
2019;4;1129.5;Libre;4;Almería;Andalucía;1
2020;4;1113.4;Libre;4;Almería;Andalucía;1
2021;4;1156.6;Libre;4;Almería;Andalucía;1
2022;4;1146.8;Libre;4;Almería;Andalucía;1
2023;4;1205.7;Libre;4;Almería;Andalucía;1
2024;4;1274.1;Libre;4;Almería;Andalucía;1
2025;4;1388.5;Libre;4;Almería;Andalucía;1
1995;3;447.8;Libre;4;Almería;Andalucía;1
1996;3;445.2;Libre;4;Almería;Andalucía;1
1997;3;499.9;Libre;4;Almería;Andalucía;1
1998;3;538.1;Libre;4;Almería;Andalucía;1
1999;3;577.5;Libre;4;Almería;Andalucía;1
2000;3;650;Libre;4;Almería;Andalucía;1
2001;3;728.9;Libre;4;Almería;Andalucía;1
2002;3;847.2;Libre;4;Almería;Andalucía;1
2003;3;982.1;Libre;4;Almería;Andalucía;1
2004;3;1190.7;Libre;4;Almería;Andalucía;1
2005;3;1384;Libre;4;Almería;Andalucía;1
2006;3;1527.8;Libre;4;Almería;Andalucía;1
2007;3;1629.6;Libre;4;Almería;Andalucía;1
2008;3;1683;Libre;4;Almería;Andalucía;1
2009;3;1537.7;Libre;4;Almería;Andalucía;1
2010;3;1457.7;Libre;4;Almería;Andalucía;1
2011;3;1359.6;Libre;4;Almería;Andalucía;1
2012;3;1197.4;Libre;4;Almería;Andalucía;1
2013;3;1181.3;Libre;4;Almería;Andalucía;1
2014;3;1092.3;Libre;4;Almería;Andalucía;1
2015;3;1096.4;Libre;4;Almería;Andalucía;1
2016;3;1091.3;Libre;4;Almería;Andalucía;1
2017;3;1075.9;Libre;4;Almería;Andalucía;1
2018;3;1077.3;Libre;4;Almería;Andalucía;1
2019;3;1116.1;Libre;4;Almería;Andalucía;1
2020;3;1091.4;Libre;4;Almería;Andalucía;1
2021;3;1152.8;Libre;4;Almería;Andalucía;1
2022;3;1159.7;Libre;4;Almería;Andalucía;1
2023;3;1194.6;Libre;4;Almería;Andalucía;1
2024;3;1241.6;Libre;4;Almería;Andalucía;1
2025;3;1364.5;Libre;4;Almería;Andalucía;1
1995;2;421.1;Libre;4;Almería;Andalucía;1
1996;2;466.9;Libre;4;Almería;Andalucía;1
1997;2;473.2;Libre;4;Almería;Andalucía;1
1998;2;524.1;Libre;4;Almería;Andalucía;1
1999;2;554.6;Libre;4;Almería;Andalucía;1
2000;2;641.1;Libre;4;Almería;Andalucía;1
2001;2;728.9;Libre;4;Almería;Andalucía;1
2002;2;851;Libre;4;Almería;Andalucía;1
2003;2;949;Libre;4;Almería;Andalucía;1
2004;2;1141.1;Libre;4;Almería;Andalucía;1
2005;2;1343.3;Libre;4;Almería;Andalucía;1
2006;2;1511.3;Libre;4;Almería;Andalucía;1
2007;2;1618.1;Libre;4;Almería;Andalucía;1
2008;2;1730.1;Libre;4;Almería;Andalucía;1
2009;2;1519.6;Libre;4;Almería;Andalucía;1
2010;2;1478.2;Libre;4;Almería;Andalucía;1
2011;2;1425.2;Libre;4;Almería;Andalucía;1
2012;2;1191.4;Libre;4;Almería;Andalucía;1
2013;2;1173.3;Libre;4;Almería;Andalucía;1
2014;2;1115.4;Libre;4;Almería;Andalucía;1
2015;2;1079.9;Libre;4;Almería;Andalucía;1
2016;2;1102.6;Libre;4;Almería;Andalucía;1
2017;2;1094.5;Libre;4;Almería;Andalucía;1
2018;2;1096.7;Libre;4;Almería;Andalucía;1
2019;2;1128.2;Libre;4;Almería;Andalucía;1
2020;2;1104.8;Libre;4;Almería;Andalucía;1
2021;2;1118.6;Libre;4;Almería;Andalucía;1
2022;2;1151.7;Libre;4;Almería;Andalucía;1
2023;2;1176.4;Libre;4;Almería;Andalucía;1
2024;2;1240.8;Libre;4;Almería;Andalucía;1
2025;2;1310.3;Libre;4;Almería;Andalucía;1
2026;2;1492.6;Libre;4;Almería;Andalucía;1
1995;1;419.8;Libre;4;Almería;Andalucía;1
1996;1;460.5;Libre;4;Almería;Andalucía;1
1997;1;478.3;Libre;4;Almería;Andalucía;1
1998;1;505;Libre;4;Almería;Andalucía;1
1999;1;538.1;Libre;4;Almería;Andalucía;1
2000;1;601.7;Libre;4;Almería;Andalucía;1
2001;1;702.2;Libre;4;Almería;Andalucía;1
2002;1;830.7;Libre;4;Almería;Andalucía;1
2003;1;969.3;Libre;4;Almería;Andalucía;1
2004;1;1053.3;Libre;4;Almería;Andalucía;1
2005;1;1272.1;Libre;4;Almería;Andalucía;1
2006;1;1478.2;Libre;4;Almería;Andalucía;1
2007;1;1574.9;Libre;4;Almería;Andalucía;1
2008;1;1680.4;Libre;4;Almería;Andalucía;1
2009;1;1544.3;Libre;4;Almería;Andalucía;1
2010;1;1466.7;Libre;4;Almería;Andalucía;1
2011;1;1395.6;Libre;4;Almería;Andalucía;1
2012;1;1256.8;Libre;4;Almería;Andalucía;1
2013;1;1173.3;Libre;4;Almería;Andalucía;1
2014;1;1114;Libre;4;Almería;Andalucía;1
2015;1;1076.5;Libre;4;Almería;Andalucía;1
2016;1;1079.2;Libre;4;Almería;Andalucía;1
2017;1;1109.3;Libre;4;Almería;Andalucía;1
2018;1;1096.6;Libre;4;Almería;Andalucía;1
2019;1;1116.6;Libre;4;Almería;Andalucía;1
2020;1;1106;Libre;4;Almería;Andalucía;1
2021;1;1086.7;Libre;4;Almería;Andalucía;1
2022;1;1161.5;Libre;4;Almería;Andalucía;1
2023;1;1156.6;Libre;4;Almería;Andalucía;1
2024;1;1218.1;Libre;4;Almería;Andalucía;1
2025;1;1306.6;Libre;4;Almería;Andalucía;1
2026;1;1454.3;Libre;4;Almería;Andalucía;1
2005;4;891.6;Protegida;41;Sevilla;Andalucía;1
2006;4;909.1;Protegida;41;Sevilla;Andalucía;1
2007;4;1004.7;Protegida;41;Sevilla;Andalucía;1
2008;4;1057.7;Protegida;41;Sevilla;Andalucía;1
2009;4;1079.4;Protegida;41;Sevilla;Andalucía;1
2010;4;1109.3;Protegida;41;Sevilla;Andalucía;1
2011;4;1178.9;Protegida;41;Sevilla;Andalucía;1
2012;4;1181.9;Protegida;41;Sevilla;Andalucía;1
2013;4;1093.2;Protegida;41;Sevilla;Andalucía;1
2014;4;1066.8;Protegida;41;Sevilla;Andalucía;1
2015;4;1023.6;Protegida;41;Sevilla;Andalucía;1
2016;4;1038.6;Protegida;41;Sevilla;Andalucía;1
2017;4;1097.5;Protegida;41;Sevilla;Andalucía;1
2018;4;1078.6;Protegida;41;Sevilla;Andalucía;1
2019;4;1085.7;Protegida;41;Sevilla;Andalucía;1
2020;4;1127.7;Protegida;41;Sevilla;Andalucía;1
2021;4;1099.6;Protegida;41;Sevilla;Andalucía;1
2022;4;1147;Protegida;41;Sevilla;Andalucía;1
2023;4;1151.8;Protegida;41;Sevilla;Andalucía;1
2024;4;1167.7;Protegida;41;Sevilla;Andalucía;1
2025;4;1222.4;Protegida;41;Sevilla;Andalucía;1
2005;3;859.4;Protegida;41;Sevilla;Andalucía;1
2006;3;898.8;Protegida;41;Sevilla;Andalucía;1
2007;3;966.7;Protegida;41;Sevilla;Andalucía;1
2008;3;1022.6;Protegida;41;Sevilla;Andalucía;1
2009;3;1080.9;Protegida;41;Sevilla;Andalucía;1
2010;3;1081.7;Protegida;41;Sevilla;Andalucía;1
2011;3;1190.5;Protegida;41;Sevilla;Andalucía;1
2012;3;1145.5;Protegida;41;Sevilla;Andalucía;1
2013;3;1127.8;Protegida;41;Sevilla;Andalucía;1
2014;3;1085.4;Protegida;41;Sevilla;Andalucía;1
2015;3;1033.3;Protegida;41;Sevilla;Andalucía;1
2016;3;1011.2;Protegida;41;Sevilla;Andalucía;1
2017;3;1082.1;Protegida;41;Sevilla;Andalucía;1
2018;3;1086.2;Protegida;41;Sevilla;Andalucía;1
2019;3;1087.2;Protegida;41;Sevilla;Andalucía;1
2020;3;1101.8;Protegida;41;Sevilla;Andalucía;1
2021;3;1100.9;Protegida;41;Sevilla;Andalucía;1
2022;3;1114.7;Protegida;41;Sevilla;Andalucía;1
2023;3;1166;Protegida;41;Sevilla;Andalucía;1
2024;3;1148.6;Protegida;41;Sevilla;Andalucía;1
2025;3;1216.8;Protegida;41;Sevilla;Andalucía;1
2005;2;835.3;Protegida;41;Sevilla;Andalucía;1
2006;2;918.5;Protegida;41;Sevilla;Andalucía;1
2007;2;948.9;Protegida;41;Sevilla;Andalucía;1
2008;2;1042.1;Protegida;41;Sevilla;Andalucía;1
2009;2;1071.6;Protegida;41;Sevilla;Andalucía;1
2010;2;1073.4;Protegida;41;Sevilla;Andalucía;1
2011;2;1161.8;Protegida;41;Sevilla;Andalucía;1
2012;2;1179.2;Protegida;41;Sevilla;Andalucía;1
2013;2;1160.9;Protegida;41;Sevilla;Andalucía;1
2014;2;1063.2;Protegida;41;Sevilla;Andalucía;1
2015;2;1055.2;Protegida;41;Sevilla;Andalucía;1
2016;2;1008.9;Protegida;41;Sevilla;Andalucía;1
2017;2;1072;Protegida;41;Sevilla;Andalucía;1
2018;2;1081;Protegida;41;Sevilla;Andalucía;1
2019;2;1081.5;Protegida;41;Sevilla;Andalucía;1
2020;2;1096.7;Protegida;41;Sevilla;Andalucía;1
2021;2;1119.7;Protegida;41;Sevilla;Andalucía;1
2022;2;1139;Protegida;41;Sevilla;Andalucía;1
2023;2;1182.8;Protegida;41;Sevilla;Andalucía;1
2024;2;1150;Protegida;41;Sevilla;Andalucía;1
2025;2;1210.2;Protegida;41;Sevilla;Andalucía;1
2026;2;1250.9;Protegida;41;Sevilla;Andalucía;1
2005;1;826.7;Protegida;41;Sevilla;Andalucía;1
2006;1;886.9;Protegida;41;Sevilla;Andalucía;1
2007;1;929.8;Protegida;41;Sevilla;Andalucía;1
2008;1;1023.2;Protegida;41;Sevilla;Andalucía;1
2009;1;1078.4;Protegida;41;Sevilla;Andalucía;1
2010;1;1098.6;Protegida;41;Sevilla;Andalucía;1
2011;1;1124.7;Protegida;41;Sevilla;Andalucía;1
2012;1;1163.4;Protegida;41;Sevilla;Andalucía;1
2013;1;1192.4;Protegida;41;Sevilla;Andalucía;1
2014;1;1069.5;Protegida;41;Sevilla;Andalucía;1
2015;1;1041.2;Protegida;41;Sevilla;Andalucía;1
2016;1;1018.2;Protegida;41;Sevilla;Andalucía;1
2017;1;1069.8;Protegida;41;Sevilla;Andalucía;1
2018;1;1076;Protegida;41;Sevilla;Andalucía;1
2019;1;1085.9;Protegida;41;Sevilla;Andalucía;1
2020;1;1102.6;Protegida;41;Sevilla;Andalucía;1
2021;1;1095.5;Protegida;41;Sevilla;Andalucía;1
2022;1;1116.8;Protegida;41;Sevilla;Andalucía;1
2023;1;1172.2;Protegida;41;Sevilla;Andalucía;1
2024;1;1174.3;Protegida;41;Sevilla;Andalucía;1
2025;1;1195.3;Protegida;41;Sevilla;Andalucía;1
2026;1;1249.8;Protegida;41;Sevilla;Andalucía;1
1995;4;496.9;Libre;41;Sevilla;Andalucía;1
1996;4;508;Libre;41;Sevilla;Andalucía;1
1997;4;506.6;Libre;41;Sevilla;Andalucía;1
1998;4;544;Libre;41;Sevilla;Andalucía;1
1999;4;599.4;Libre;41;Sevilla;Andalucía;1
2000;4;657.5;Libre;41;Sevilla;Andalucía;1
2001;4;790.4;Libre;41;Sevilla;Andalucía;1
2002;4;903.9;Libre;41;Sevilla;Andalucía;1
2003;4;1086.6;Libre;41;Sevilla;Andalucía;1
2004;4;1385.6;Libre;41;Sevilla;Andalucía;1
2005;4;1502.3;Libre;41;Sevilla;Andalucía;1
2006;4;1645.8;Libre;41;Sevilla;Andalucía;1
2007;4;1728.9;Libre;41;Sevilla;Andalucía;1
2008;4;1788.4;Libre;41;Sevilla;Andalucía;1
2009;4;1680.4;Libre;41;Sevilla;Andalucía;1
2010;4;1643;Libre;41;Sevilla;Andalucía;1
2011;4;1546.2;Libre;41;Sevilla;Andalucía;1
2012;4;1343.5;Libre;41;Sevilla;Andalucía;1
2013;4;1269.1;Libre;41;Sevilla;Andalucía;1
2014;4;1274.6;Libre;41;Sevilla;Andalucía;1
2015;4;1278.3;Libre;41;Sevilla;Andalucía;1
2016;4;1207.7;Libre;41;Sevilla;Andalucía;1
2017;4;1261.6;Libre;41;Sevilla;Andalucía;1
2018;4;1302.6;Libre;41;Sevilla;Andalucía;1
2019;4;1321.6;Libre;41;Sevilla;Andalucía;1
2020;4;1324.9;Libre;41;Sevilla;Andalucía;1
2021;4;1376.8;Libre;41;Sevilla;Andalucía;1
2022;4;1427.8;Libre;41;Sevilla;Andalucía;1
2023;4;1534.2;Libre;41;Sevilla;Andalucía;1
2024;4;1592.2;Libre;41;Sevilla;Andalucía;1
2025;4;1780.2;Libre;41;Sevilla;Andalucía;1
1995;3;499.7;Libre;41;Sevilla;Andalucía;1
1996;3;496.9;Libre;41;Sevilla;Andalucía;1
1997;3;516.3;Libre;41;Sevilla;Andalucía;1
1998;3;534.3;Libre;41;Sevilla;Andalucía;1
1999;3;577.2;Libre;41;Sevilla;Andalucía;1
2000;3;653.3;Libre;41;Sevilla;Andalucía;1
2001;3;759.9;Libre;41;Sevilla;Andalucía;1
2002;3;920.5;Libre;41;Sevilla;Andalucía;1
2003;3;1053.4;Libre;41;Sevilla;Andalucía;1
2004;3;1303.9;Libre;41;Sevilla;Andalucía;1
2005;3;1471.4;Libre;41;Sevilla;Andalucía;1
2006;3;1605.7;Libre;41;Sevilla;Andalucía;1
2007;3;1717.8;Libre;41;Sevilla;Andalucía;1
2008;3;1752.4;Libre;41;Sevilla;Andalucía;1
2009;3;1687;Libre;41;Sevilla;Andalucía;1
2010;3;1626;Libre;41;Sevilla;Andalucía;1
2011;3;1570;Libre;41;Sevilla;Andalucía;1
2012;3;1390.8;Libre;41;Sevilla;Andalucía;1
2013;3;1271.6;Libre;41;Sevilla;Andalucía;1
2014;3;1257.6;Libre;41;Sevilla;Andalucía;1
2015;3;1259.7;Libre;41;Sevilla;Andalucía;1
2016;3;1245.3;Libre;41;Sevilla;Andalucía;1
2017;3;1246.4;Libre;41;Sevilla;Andalucía;1
2018;3;1274.4;Libre;41;Sevilla;Andalucía;1
2019;3;1305.3;Libre;41;Sevilla;Andalucía;1
2020;3;1290;Libre;41;Sevilla;Andalucía;1
2021;3;1340.9;Libre;41;Sevilla;Andalucía;1
2022;3;1379.9;Libre;41;Sevilla;Andalucía;1
2023;3;1494.4;Libre;41;Sevilla;Andalucía;1
2024;3;1539.1;Libre;41;Sevilla;Andalucía;1
2025;3;1708.1;Libre;41;Sevilla;Andalucía;1
1995;2;509.4;Libre;41;Sevilla;Andalucía;1
1996;2;506.6;Libre;41;Sevilla;Andalucía;1
1997;2;510.8;Libre;41;Sevilla;Andalucía;1
1998;2;526;Libre;41;Sevilla;Andalucía;1
1999;2;564.8;Libre;41;Sevilla;Andalucía;1
2000;2;642.3;Libre;41;Sevilla;Andalucía;1
2001;2;739.2;Libre;41;Sevilla;Andalucía;1
2002;2;847.1;Libre;41;Sevilla;Andalucía;1
2003;2;986.9;Libre;41;Sevilla;Andalucía;1
2004;2;1261;Libre;41;Sevilla;Andalucía;1
2005;2;1457.6;Libre;41;Sevilla;Andalucía;1
2006;2;1601.5;Libre;41;Sevilla;Andalucía;1
2007;2;1702.6;Libre;41;Sevilla;Andalucía;1
2008;2;1777.3;Libre;41;Sevilla;Andalucía;1
2009;2;1725.5;Libre;41;Sevilla;Andalucía;1
2010;2;1656.8;Libre;41;Sevilla;Andalucía;1
2011;2;1583.2;Libre;41;Sevilla;Andalucía;1
2012;2;1430.9;Libre;41;Sevilla;Andalucía;1
2013;2;1301.5;Libre;41;Sevilla;Andalucía;1
2014;2;1252.7;Libre;41;Sevilla;Andalucía;1
2015;2;1279.3;Libre;41;Sevilla;Andalucía;1
2016;2;1243.5;Libre;41;Sevilla;Andalucía;1
2017;2;1256;Libre;41;Sevilla;Andalucía;1
2018;2;1257;Libre;41;Sevilla;Andalucía;1
2019;2;1290.1;Libre;41;Sevilla;Andalucía;1
2020;2;1300.6;Libre;41;Sevilla;Andalucía;1
2021;2;1333.9;Libre;41;Sevilla;Andalucía;1
2022;2;1374.3;Libre;41;Sevilla;Andalucía;1
2023;2;1469.7;Libre;41;Sevilla;Andalucía;1
2024;2;1567.1;Libre;41;Sevilla;Andalucía;1
2025;2;1673.6;Libre;41;Sevilla;Andalucía;1
2026;2;1889.8;Libre;41;Sevilla;Andalucía;1
1995;1;505.2;Libre;41;Sevilla;Andalucía;1
1996;1;492.8;Libre;41;Sevilla;Andalucía;1
1997;1;506.6;Libre;41;Sevilla;Andalucía;1
1998;1;532.9;Libre;41;Sevilla;Andalucía;1
1999;1;550.9;Libre;41;Sevilla;Andalucía;1
2000;1;611.8;Libre;41;Sevilla;Andalucía;1
2001;1;705.9;Libre;41;Sevilla;Andalucía;1
2002;1;808.4;Libre;41;Sevilla;Andalucía;1
2003;1;957.9;Libre;41;Sevilla;Andalucía;1
2004;1;1176.6;Libre;41;Sevilla;Andalucía;1
2005;1;1384.2;Libre;41;Sevilla;Andalucía;1
2006;1;1548.9;Libre;41;Sevilla;Andalucía;1
2007;1;1683.2;Libre;41;Sevilla;Andalucía;1
2008;1;1791.2;Libre;41;Sevilla;Andalucía;1
2009;1;1748.2;Libre;41;Sevilla;Andalucía;1
2010;1;1665.7;Libre;41;Sevilla;Andalucía;1
2011;1;1606.2;Libre;41;Sevilla;Andalucía;1
2012;1;1490.5;Libre;41;Sevilla;Andalucía;1
2013;1;1341.8;Libre;41;Sevilla;Andalucía;1
2014;1;1245.3;Libre;41;Sevilla;Andalucía;1
2015;1;1268.1;Libre;41;Sevilla;Andalucía;1
2016;1;1224.4;Libre;41;Sevilla;Andalucía;1
2017;1;1249.5;Libre;41;Sevilla;Andalucía;1
2018;1;1232.5;Libre;41;Sevilla;Andalucía;1
2019;1;1332.6;Libre;41;Sevilla;Andalucía;1
2020;1;1348.7;Libre;41;Sevilla;Andalucía;1
2021;1;1308.5;Libre;41;Sevilla;Andalucía;1
2022;1;1412.2;Libre;41;Sevilla;Andalucía;1
2023;1;1474.7;Libre;41;Sevilla;Andalucía;1
2024;1;1549.7;Libre;41;Sevilla;Andalucía;1
2025;1;1630.7;Libre;41;Sevilla;Andalucía;1
2026;1;1839.8;Libre;41;Sevilla;Andalucía;1
2005;4;870.3;Protegida;18;Granada;Andalucía;1
2006;4;902;Protegida;18;Granada;Andalucía;1
2007;4;940.1;Protegida;18;Granada;Andalucía;1
2008;4;1028;Protegida;18;Granada;Andalucía;1
2009;4;1021;Protegida;18;Granada;Andalucía;1
2010;4;1060.6;Protegida;18;Granada;Andalucía;1
2011;4;1055.7;Protegida;18;Granada;Andalucía;1
2014;4;1039.6;Protegida;18;Granada;Andalucía;1
2015;4;1040;Protegida;18;Granada;Andalucía;1
2016;4;1063;Protegida;18;Granada;Andalucía;1
2017;4;1096.9;Protegida;18;Granada;Andalucía;1
2018;4;1068.7;Protegida;18;Granada;Andalucía;1
2019;4;1033.9;Protegida;18;Granada;Andalucía;1
2020;4;1126.1;Protegida;18;Granada;Andalucía;1
2021;4;1139.3;Protegida;18;Granada;Andalucía;1
2022;4;1129.6;Protegida;18;Granada;Andalucía;1
2023;4;1130.5;Protegida;18;Granada;Andalucía;1
2024;4;1126.1;Protegida;18;Granada;Andalucía;1
2025;4;1198;Protegida;18;Granada;Andalucía;1
2005;3;846;Protegida;18;Granada;Andalucía;1
2006;3;914.7;Protegida;18;Granada;Andalucía;1
2007;3;933.2;Protegida;18;Granada;Andalucía;1
2008;3;1026.8;Protegida;18;Granada;Andalucía;1
2009;3;1004.1;Protegida;18;Granada;Andalucía;1
2010;3;1041.4;Protegida;18;Granada;Andalucía;1
2011;3;1068.6;Protegida;18;Granada;Andalucía;1
2012;3;1077.6;Protegida;18;Granada;Andalucía;1
2013;3;1076.8;Protegida;18;Granada;Andalucía;1
2014;3;1020;Protegida;18;Granada;Andalucía;1
2015;3;1061.2;Protegida;18;Granada;Andalucía;1
2016;3;1088.7;Protegida;18;Granada;Andalucía;1
2017;3;1079.1;Protegida;18;Granada;Andalucía;1
2018;3;1044.2;Protegida;18;Granada;Andalucía;1
2019;3;1056.8;Protegida;18;Granada;Andalucía;1
2020;3;1106.1;Protegida;18;Granada;Andalucía;1
2021;3;1109.8;Protegida;18;Granada;Andalucía;1
2022;3;1110.1;Protegida;18;Granada;Andalucía;1
2023;3;1127.8;Protegida;18;Granada;Andalucía;1
2024;3;1140.7;Protegida;18;Granada;Andalucía;1
2025;3;1181;Protegida;18;Granada;Andalucía;1
2005;2;857.9;Protegida;18;Granada;Andalucía;1
2006;2;880.6;Protegida;18;Granada;Andalucía;1
2007;2;927.2;Protegida;18;Granada;Andalucía;1
2008;2;1014.2;Protegida;18;Granada;Andalucía;1
2009;2;1008.4;Protegida;18;Granada;Andalucía;1
2010;2;1028.2;Protegida;18;Granada;Andalucía;1
2011;2;1066.6;Protegida;18;Granada;Andalucía;1
2012;2;1088.7;Protegida;18;Granada;Andalucía;1
2013;2;1113.7;Protegida;18;Granada;Andalucía;1
2014;2;1048;Protegida;18;Granada;Andalucía;1
2015;2;1070.4;Protegida;18;Granada;Andalucía;1
2016;2;1096.2;Protegida;18;Granada;Andalucía;1
2017;2;1066.9;Protegida;18;Granada;Andalucía;1
2018;2;1078.7;Protegida;18;Granada;Andalucía;1
2019;2;1050.6;Protegida;18;Granada;Andalucía;1
2020;2;1082.9;Protegida;18;Granada;Andalucía;1
2021;2;1121.5;Protegida;18;Granada;Andalucía;1
2022;2;1134.8;Protegida;18;Granada;Andalucía;1
2023;2;1132.5;Protegida;18;Granada;Andalucía;1
2024;2;1155;Protegida;18;Granada;Andalucía;1
2025;2;1178.6;Protegida;18;Granada;Andalucía;1
2026;2;1251.2;Protegida;18;Granada;Andalucía;1
2005;1;845.9;Protegida;18;Granada;Andalucía;1
2006;1;917.2;Protegida;18;Granada;Andalucía;1
2007;1;872.6;Protegida;18;Granada;Andalucía;1
2008;1;990.4;Protegida;18;Granada;Andalucía;1
2009;1;1012.2;Protegida;18;Granada;Andalucía;1
2010;1;1038.7;Protegida;18;Granada;Andalucía;1
2011;1;1072.9;Protegida;18;Granada;Andalucía;1
2012;1;1085.9;Protegida;18;Granada;Andalucía;1
2013;1;1133;Protegida;18;Granada;Andalucía;1
2014;1;1042.3;Protegida;18;Granada;Andalucía;1
2015;1;1034.9;Protegida;18;Granada;Andalucía;1
2016;1;1072.9;Protegida;18;Granada;Andalucía;1
2017;1;1074.2;Protegida;18;Granada;Andalucía;1
2018;1;1076.5;Protegida;18;Granada;Andalucía;1
2019;1;1065.3;Protegida;18;Granada;Andalucía;1
2020;1;1056.3;Protegida;18;Granada;Andalucía;1
2021;1;1101.4;Protegida;18;Granada;Andalucía;1
2022;1;1162.1;Protegida;18;Granada;Andalucía;1
2023;1;1165.6;Protegida;18;Granada;Andalucía;1
2024;1;1144.3;Protegida;18;Granada;Andalucía;1
2025;1;1149;Protegida;18;Granada;Andalucía;1
2026;1;1217;Protegida;18;Granada;Andalucía;1
1995;4;471.9;Libre;18;Granada;Andalucía;1
1996;4;490.2;Libre;18;Granada;Andalucía;1
1997;4;506.3;Libre;18;Granada;Andalucía;1
1998;4;531.6;Libre;18;Granada;Andalucía;1
1999;4;586.7;Libre;18;Granada;Andalucía;1
2000;4;677.4;Libre;18;Granada;Andalucía;1
2001;4;744;Libre;18;Granada;Andalucía;1
2002;4;824.3;Libre;18;Granada;Andalucía;1
2003;4;959.8;Libre;18;Granada;Andalucía;1
2004;4;1079.2;Libre;18;Granada;Andalucía;1
2005;4;1259.1;Libre;18;Granada;Andalucía;1
2006;4;1397.9;Libre;18;Granada;Andalucía;1
2007;4;1516.6;Libre;18;Granada;Andalucía;1
2008;4;1483.2;Libre;18;Granada;Andalucía;1
2009;4;1352.5;Libre;18;Granada;Andalucía;1
2010;4;1331.8;Libre;18;Granada;Andalucía;1
2011;4;1288;Libre;18;Granada;Andalucía;1
2012;4;1148.6;Libre;18;Granada;Andalucía;1
2013;4;1123.9;Libre;18;Granada;Andalucía;1
2014;4;1073.1;Libre;18;Granada;Andalucía;1
2015;4;1076.9;Libre;18;Granada;Andalucía;1
2016;4;1089.9;Libre;18;Granada;Andalucía;1
2017;4;1084.4;Libre;18;Granada;Andalucía;1
2018;4;1124.4;Libre;18;Granada;Andalucía;1
2019;4;1114.7;Libre;18;Granada;Andalucía;1
2020;4;1117.8;Libre;18;Granada;Andalucía;1
2021;4;1165.5;Libre;18;Granada;Andalucía;1
2022;4;1229.5;Libre;18;Granada;Andalucía;1
2023;4;1281.1;Libre;18;Granada;Andalucía;1
2024;4;1389.2;Libre;18;Granada;Andalucía;1
2025;4;1568.6;Libre;18;Granada;Andalucía;1
1995;3;473;Libre;18;Granada;Andalucía;1
1996;3;490.2;Libre;18;Granada;Andalucía;1
1997;3;490.2;Libre;18;Granada;Andalucía;1
1998;3;522.4;Libre;18;Granada;Andalucía;1
1999;3;584.4;Libre;18;Granada;Andalucía;1
2000;3;656.7;Libre;18;Granada;Andalucía;1
2001;3;741.7;Libre;18;Granada;Andalucía;1
2002;3;832.4;Libre;18;Granada;Andalucía;1
2003;3;919.6;Libre;18;Granada;Andalucía;1
2004;3;1041.3;Libre;18;Granada;Andalucía;1
2005;3;1229.6;Libre;18;Granada;Andalucía;1
2006;3;1366.2;Libre;18;Granada;Andalucía;1
2007;3;1499.4;Libre;18;Granada;Andalucía;1
2008;3;1507.5;Libre;18;Granada;Andalucía;1
2009;3;1405.3;Libre;18;Granada;Andalucía;1
2010;3;1355.9;Libre;18;Granada;Andalucía;1
2011;3;1310.3;Libre;18;Granada;Andalucía;1
2012;3;1189;Libre;18;Granada;Andalucía;1
2013;3;1137.5;Libre;18;Granada;Andalucía;1
2014;3;1068.9;Libre;18;Granada;Andalucía;1
2015;3;1059.9;Libre;18;Granada;Andalucía;1
2016;3;1070.1;Libre;18;Granada;Andalucía;1
2017;3;1054.6;Libre;18;Granada;Andalucía;1
2018;3;1100.5;Libre;18;Granada;Andalucía;1
2019;3;1116.3;Libre;18;Granada;Andalucía;1
2020;3;1107.9;Libre;18;Granada;Andalucía;1
2021;3;1130.6;Libre;18;Granada;Andalucía;1
2022;3;1197.2;Libre;18;Granada;Andalucía;1
2023;3;1253.3;Libre;18;Granada;Andalucía;1
2024;3;1343.5;Libre;18;Granada;Andalucía;1
2025;3;1516.9;Libre;18;Granada;Andalucía;1
1995;2;475.3;Libre;18;Granada;Andalucía;1
1996;2;471.9;Libre;18;Granada;Andalucía;1
1997;2;520.1;Libre;18;Granada;Andalucía;1
1998;2;527;Libre;18;Granada;Andalucía;1
1999;2;571.8;Libre;18;Granada;Andalucía;1
2000;2;639.5;Libre;18;Granada;Andalucía;1
2001;2;737.1;Libre;18;Granada;Andalucía;1
2002;2;841.6;Libre;18;Granada;Andalucía;1
2003;2;913.9;Libre;18;Granada;Andalucía;1
2004;2;1048.2;Libre;18;Granada;Andalucía;1
2005;2;1218.1;Libre;18;Granada;Andalucía;1
2006;2;1338.7;Libre;18;Granada;Andalucía;1
2007;2;1470.7;Libre;18;Granada;Andalucía;1
2008;2;1527;Libre;18;Granada;Andalucía;1
2009;2;1433.2;Libre;18;Granada;Andalucía;1
2010;2;1347.9;Libre;18;Granada;Andalucía;1
2011;2;1290.9;Libre;18;Granada;Andalucía;1
2012;2;1239.8;Libre;18;Granada;Andalucía;1
2013;2;1164.3;Libre;18;Granada;Andalucía;1
2014;2;1087.2;Libre;18;Granada;Andalucía;1
2015;2;1072.9;Libre;18;Granada;Andalucía;1
2016;2;1082.3;Libre;18;Granada;Andalucía;1
2017;2;1083.9;Libre;18;Granada;Andalucía;1
2018;2;1094.6;Libre;18;Granada;Andalucía;1
2019;2;1126.8;Libre;18;Granada;Andalucía;1
2020;2;1101.4;Libre;18;Granada;Andalucía;1
2021;2;1114.5;Libre;18;Granada;Andalucía;1
2022;2;1209.9;Libre;18;Granada;Andalucía;1
2023;2;1243.7;Libre;18;Granada;Andalucía;1
2024;2;1322;Libre;18;Granada;Andalucía;1
2025;2;1479;Libre;18;Granada;Andalucía;1
2026;2;1673.3;Libre;18;Granada;Andalucía;1
1995;1;494.8;Libre;18;Granada;Andalucía;1
1996;1;473;Libre;18;Granada;Andalucía;1
1997;1;501.7;Libre;18;Granada;Andalucía;1
1998;1;510.9;Libre;18;Granada;Andalucía;1
1999;1;547.6;Libre;18;Granada;Andalucía;1
2000;1;603.9;Libre;18;Granada;Andalucía;1
2001;1;706.1;Libre;18;Granada;Andalucía;1
2002;1;768.1;Libre;18;Granada;Andalucía;1
2003;1;856.5;Libre;18;Granada;Andalucía;1
2004;1;1009.2;Libre;18;Granada;Andalucía;1
2005;1;1148.1;Libre;18;Granada;Andalucía;1
2006;1;1296.2;Libre;18;Granada;Andalucía;1
2007;1;1430.5;Libre;18;Granada;Andalucía;1
2008;1;1521.2;Libre;18;Granada;Andalucía;1
2009;1;1453.5;Libre;18;Granada;Andalucía;1
2010;1;1336.4;Libre;18;Granada;Andalucía;1
2011;1;1297.4;Libre;18;Granada;Andalucía;1
2012;1;1227.5;Libre;18;Granada;Andalucía;1
2013;1;1179.6;Libre;18;Granada;Andalucía;1
2014;1;1104.2;Libre;18;Granada;Andalucía;1
2015;1;1065.1;Libre;18;Granada;Andalucía;1
2016;1;1082.3;Libre;18;Granada;Andalucía;1
2017;1;1050.7;Libre;18;Granada;Andalucía;1
2018;1;1094;Libre;18;Granada;Andalucía;1
2019;1;1119.7;Libre;18;Granada;Andalucía;1
2020;1;1108.2;Libre;18;Granada;Andalucía;1
2021;1;1128.2;Libre;18;Granada;Andalucía;1
2022;1;1200.4;Libre;18;Granada;Andalucía;1
2023;1;1225.3;Libre;18;Granada;Andalucía;1
2024;1;1285.3;Libre;18;Granada;Andalucía;1
2025;1;1422.7;Libre;18;Granada;Andalucía;1
2026;1;1635;Libre;18;Granada;Andalucía;1
2005;2;867.2;Protegida;11;Cádiz;Andalucía;1
2006;2;869.7;Protegida;11;Cádiz;Andalucía;1
2007;2;932.7;Protegida;11;Cádiz;Andalucía;1
2008;2;1025.2;Protegida;11;Cádiz;Andalucía;1
2009;2;1016.3;Protegida;11;Cádiz;Andalucía;1
2010;2;1027.1;Protegida;11;Cádiz;Andalucía;1
2011;2;1058.3;Protegida;11;Cádiz;Andalucía;1
2013;2;1181.9;Protegida;11;Cádiz;Andalucía;1
2014;2;1055.5;Protegida;11;Cádiz;Andalucía;1
2015;2;1063.4;Protegida;11;Cádiz;Andalucía;1
2016;2;1070.2;Protegida;11;Cádiz;Andalucía;1
2017;2;1117.6;Protegida;11;Cádiz;Andalucía;1
2018;2;1139;Protegida;11;Cádiz;Andalucía;1
2019;2;1132.4;Protegida;11;Cádiz;Andalucía;1
2020;2;1142.7;Protegida;11;Cádiz;Andalucía;1
2021;2;1138.8;Protegida;11;Cádiz;Andalucía;1
2022;2;1131.1;Protegida;11;Cádiz;Andalucía;1
2023;2;1174.2;Protegida;11;Cádiz;Andalucía;1
2024;2;1189;Protegida;11;Cádiz;Andalucía;1
2025;2;1203.3;Protegida;11;Cádiz;Andalucía;1
2026;2;1226.5;Protegida;11;Cádiz;Andalucía;1
2005;4;867.1;Protegida;11;Cádiz;Andalucía;1
2006;4;879.3;Protegida;11;Cádiz;Andalucía;1
2007;4;962.9;Protegida;11;Cádiz;Andalucía;1
2008;4;1008.7;Protegida;11;Cádiz;Andalucía;1
2009;4;975.2;Protegida;11;Cádiz;Andalucía;1
2010;4;1037.8;Protegida;11;Cádiz;Andalucía;1
2011;4;1081.2;Protegida;11;Cádiz;Andalucía;1
2012;4;1193.6;Protegida;11;Cádiz;Andalucía;1
2013;4;1102.7;Protegida;11;Cádiz;Andalucía;1
2014;4;1077.9;Protegida;11;Cádiz;Andalucía;1
2015;4;1058.6;Protegida;11;Cádiz;Andalucía;1
2016;4;1106.1;Protegida;11;Cádiz;Andalucía;1
2017;4;1144.7;Protegida;11;Cádiz;Andalucía;1
2018;4;1141;Protegida;11;Cádiz;Andalucía;1
2019;4;1143.7;Protegida;11;Cádiz;Andalucía;1
2020;4;1143.7;Protegida;11;Cádiz;Andalucía;1
2021;4;1156;Protegida;11;Cádiz;Andalucía;1
2022;4;1184.3;Protegida;11;Cádiz;Andalucía;1
2023;4;1181;Protegida;11;Cádiz;Andalucía;1
2024;4;1174.4;Protegida;11;Cádiz;Andalucía;1
2025;4;1216.2;Protegida;11;Cádiz;Andalucía;1
2005;3;843.7;Protegida;11;Cádiz;Andalucía;1
2006;3;863.4;Protegida;11;Cádiz;Andalucía;1
2007;3;955.2;Protegida;11;Cádiz;Andalucía;1
2008;3;1019.7;Protegida;11;Cádiz;Andalucía;1
2009;3;963.5;Protegida;11;Cádiz;Andalucía;1
2010;3;1026.5;Protegida;11;Cádiz;Andalucía;1
2011;3;1054.9;Protegida;11;Cádiz;Andalucía;1
2012;3;1152.9;Protegida;11;Cádiz;Andalucía;1
2013;3;1147.9;Protegida;11;Cádiz;Andalucía;1
2014;3;1064.2;Protegida;11;Cádiz;Andalucía;1
2015;3;1046.8;Protegida;11;Cádiz;Andalucía;1
2016;3;1089.1;Protegida;11;Cádiz;Andalucía;1
2017;3;1128.4;Protegida;11;Cádiz;Andalucía;1
2018;3;1140.5;Protegida;11;Cádiz;Andalucía;1
2019;3;1142.2;Protegida;11;Cádiz;Andalucía;1
2020;3;1155.3;Protegida;11;Cádiz;Andalucía;1
2021;3;1143.4;Protegida;11;Cádiz;Andalucía;1
2022;3;1143.3;Protegida;11;Cádiz;Andalucía;1
2023;3;1197.4;Protegida;11;Cádiz;Andalucía;1
2024;3;1201;Protegida;11;Cádiz;Andalucía;1
2025;3;1208.3;Protegida;11;Cádiz;Andalucía;1
2005;1;835.9;Protegida;11;Cádiz;Andalucía;1
2006;1;862.7;Protegida;11;Cádiz;Andalucía;1
2007;1;920.7;Protegida;11;Cádiz;Andalucía;1
2008;1;999.1;Protegida;11;Cádiz;Andalucía;1
2009;1;996.2;Protegida;11;Cádiz;Andalucía;1
2010;1;1007.3;Protegida;11;Cádiz;Andalucía;1
2011;1;1054.4;Protegida;11;Cádiz;Andalucía;1
2012;1;1092.8;Protegida;11;Cádiz;Andalucía;1
2013;1;1193.9;Protegida;11;Cádiz;Andalucía;1
2014;1;1083.7;Protegida;11;Cádiz;Andalucía;1
2015;1;1072.8;Protegida;11;Cádiz;Andalucía;1
2016;1;1059.3;Protegida;11;Cádiz;Andalucía;1
2017;1;1115.9;Protegida;11;Cádiz;Andalucía;1
2018;1;1148.8;Protegida;11;Cádiz;Andalucía;1
2019;1;1130.3;Protegida;11;Cádiz;Andalucía;1
2020;1;1150.2;Protegida;11;Cádiz;Andalucía;1
2021;1;1142.3;Protegida;11;Cádiz;Andalucía;1
2022;1;1158;Protegida;11;Cádiz;Andalucía;1
2023;1;1162.8;Protegida;11;Cádiz;Andalucía;1
2024;1;1177.3;Protegida;11;Cádiz;Andalucía;1
2025;1;1198;Protegida;11;Cádiz;Andalucía;1
2026;1;1219.5;Protegida;11;Cádiz;Andalucía;1
1995;4;507.8;Libre;11;Cádiz;Andalucía;1
1996;4;504.9;Libre;11;Cádiz;Andalucía;1
1997;4;512.2;Libre;11;Cádiz;Andalucía;1
1998;4;555.6;Libre;11;Cádiz;Andalucía;1
1999;4;607.7;Libre;11;Cádiz;Andalucía;1
2000;4;654;Libre;11;Cádiz;Andalucía;1
2001;4;768.3;Libre;11;Cádiz;Andalucía;1
2002;4;928.8;Libre;11;Cádiz;Andalucía;1
2003;4;1128.5;Libre;11;Cádiz;Andalucía;1
2004;4;1404.8;Libre;11;Cádiz;Andalucía;1
2005;4;1609;Libre;11;Cádiz;Andalucía;1
2006;4;1770.9;Libre;11;Cádiz;Andalucía;1
2007;4;1860.6;Libre;11;Cádiz;Andalucía;1
2008;4;1916;Libre;11;Cádiz;Andalucía;1
2009;4;1787.6;Libre;11;Cádiz;Andalucía;1
2010;4;1736.9;Libre;11;Cádiz;Andalucía;1
2011;4;1618.9;Libre;11;Cádiz;Andalucía;1
2012;4;1447.2;Libre;11;Cádiz;Andalucía;1
2013;4;1281.1;Libre;11;Cádiz;Andalucía;1
2014;4;1312.8;Libre;11;Cádiz;Andalucía;1
2015;4;1291.4;Libre;11;Cádiz;Andalucía;1
2016;4;1256.2;Libre;11;Cádiz;Andalucía;1
2017;4;1291.8;Libre;11;Cádiz;Andalucía;1
2018;4;1340.3;Libre;11;Cádiz;Andalucía;1
2019;4;1346.2;Libre;11;Cádiz;Andalucía;1
2020;4;1373.1;Libre;11;Cádiz;Andalucía;1
2021;4;1426.2;Libre;11;Cádiz;Andalucía;1
2022;4;1466.7;Libre;11;Cádiz;Andalucía;1
2023;4;1558.9;Libre;11;Cádiz;Andalucía;1
2024;4;1688.1;Libre;11;Cádiz;Andalucía;1
2025;4;1893.2;Libre;11;Cádiz;Andalucía;1
1995;3;506.4;Libre;11;Cádiz;Andalucía;1
1996;3;510.7;Libre;11;Cádiz;Andalucía;1
1997;3;515.1;Libre;11;Cádiz;Andalucía;1
1998;3;559.9;Libre;11;Cádiz;Andalucía;1
1999;3;591.7;Libre;11;Cádiz;Andalucía;1
2000;3;651.1;Libre;11;Cádiz;Andalucía;1
2001;3;762.5;Libre;11;Cádiz;Andalucía;1
2002;3;904.3;Libre;11;Cádiz;Andalucía;1
2003;3;1080.8;Libre;11;Cádiz;Andalucía;1
2004;3;1335.4;Libre;11;Cádiz;Andalucía;1
2005;3;1569.8;Libre;11;Cádiz;Andalucía;1
2006;3;1723.1;Libre;11;Cádiz;Andalucía;1
2007;3;1849;Libre;11;Cádiz;Andalucía;1
2008;3;1900.2;Libre;11;Cádiz;Andalucía;1
2009;3;1812.8;Libre;11;Cádiz;Andalucía;1
2010;3;1716.7;Libre;11;Cádiz;Andalucía;1
2011;3;1650.3;Libre;11;Cádiz;Andalucía;1
2012;3;1484.3;Libre;11;Cádiz;Andalucía;1
2013;3;1315.3;Libre;11;Cádiz;Andalucía;1
2014;3;1303.6;Libre;11;Cádiz;Andalucía;1
2015;3;1311.3;Libre;11;Cádiz;Andalucía;1
2016;3;1274.4;Libre;11;Cádiz;Andalucía;1
2017;3;1264;Libre;11;Cádiz;Andalucía;1
2018;3;1306.7;Libre;11;Cádiz;Andalucía;1
2019;3;1359.1;Libre;11;Cádiz;Andalucía;1
2020;3;1360.2;Libre;11;Cádiz;Andalucía;1
2021;3;1412.7;Libre;11;Cádiz;Andalucía;1
2022;3;1469.8;Libre;11;Cádiz;Andalucía;1
2023;3;1558;Libre;11;Cádiz;Andalucía;1
2024;3;1652.4;Libre;11;Cádiz;Andalucía;1
2025;3;1835.8;Libre;11;Cádiz;Andalucía;1
1995;2;499.1;Libre;11;Cádiz;Andalucía;1
1996;2;502;Libre;11;Cádiz;Andalucía;1
1997;2;520.8;Libre;11;Cádiz;Andalucía;1
1998;2;545.4;Libre;11;Cádiz;Andalucía;1
1999;2;577.3;Libre;11;Cádiz;Andalucía;1
2000;2;643.8;Libre;11;Cádiz;Andalucía;1
2001;2;740.8;Libre;11;Cádiz;Andalucía;1
2002;2;846.4;Libre;11;Cádiz;Andalucía;1
2003;2;1012.8;Libre;11;Cádiz;Andalucía;1
2004;2;1273.2;Libre;11;Cádiz;Andalucía;1
2005;2;1529.3;Libre;11;Cádiz;Andalucía;1
2006;2;1713;Libre;11;Cádiz;Andalucía;1
2007;2;1856.2;Libre;11;Cádiz;Andalucía;1
2008;2;1961.9;Libre;11;Cádiz;Andalucía;1
2009;2;1856.3;Libre;11;Cádiz;Andalucía;1
2010;2;1747.7;Libre;11;Cádiz;Andalucía;1
2011;2;1684;Libre;11;Cádiz;Andalucía;1
2012;2;1516.1;Libre;11;Cádiz;Andalucía;1
2013;2;1357.4;Libre;11;Cádiz;Andalucía;1
2014;2;1291.8;Libre;11;Cádiz;Andalucía;1
2015;2;1303.4;Libre;11;Cádiz;Andalucía;1
2016;2;1299.5;Libre;11;Cádiz;Andalucía;1
2017;2;1282.5;Libre;11;Cádiz;Andalucía;1
2018;2;1290.5;Libre;11;Cádiz;Andalucía;1
2019;2;1344.9;Libre;11;Cádiz;Andalucía;1
2020;2;1329.5;Libre;11;Cádiz;Andalucía;1
2021;2;1405.1;Libre;11;Cádiz;Andalucía;1
2022;2;1439.3;Libre;11;Cádiz;Andalucía;1
2023;2;1507;Libre;11;Cádiz;Andalucía;1
2024;2;1618.5;Libre;11;Cádiz;Andalucía;1
2025;2;1765.2;Libre;11;Cádiz;Andalucía;1
2026;2;2043;Libre;11;Cádiz;Andalucía;1
1995;1;500.6;Libre;11;Cádiz;Andalucía;1
1996;1;503.5;Libre;11;Cádiz;Andalucía;1
1997;1;513.6;Libre;11;Cádiz;Andalucía;1
1998;1;533.9;Libre;11;Cádiz;Andalucía;1
1999;1;559.9;Libre;11;Cádiz;Andalucía;1
2000;1;627.9;Libre;11;Cádiz;Andalucía;1
2001;1;682.9;Libre;11;Cádiz;Andalucía;1
2002;1;808.8;Libre;11;Cádiz;Andalucía;1
2003;1;970.8;Libre;11;Cádiz;Andalucía;1
2004;1;1183.5;Libre;11;Cádiz;Andalucía;1
2005;1;1446.8;Libre;11;Cádiz;Andalucía;1
2006;1;1671.1;Libre;11;Cádiz;Andalucía;1
2007;1;1801.3;Libre;11;Cádiz;Andalucía;1
2008;1;1911.2;Libre;11;Cádiz;Andalucía;1
2009;1;1880.8;Libre;11;Cádiz;Andalucía;1
2010;1;1754.2;Libre;11;Cádiz;Andalucía;1
2011;1;1694.2;Libre;11;Cádiz;Andalucía;1
2012;1;1604.3;Libre;11;Cádiz;Andalucía;1
2013;1;1408.1;Libre;11;Cádiz;Andalucía;1
2014;1;1298.6;Libre;11;Cádiz;Andalucía;1
2015;1;1307.8;Libre;11;Cádiz;Andalucía;1
2016;1;1289.5;Libre;11;Cádiz;Andalucía;1
2017;1;1288.3;Libre;11;Cádiz;Andalucía;1
2018;1;1290.8;Libre;11;Cádiz;Andalucía;1
2019;1;1354.1;Libre;11;Cádiz;Andalucía;1
2020;1;1365.5;Libre;11;Cádiz;Andalucía;1
2021;1;1366.9;Libre;11;Cádiz;Andalucía;1
2022;1;1444.5;Libre;11;Cádiz;Andalucía;1
2023;1;1509.1;Libre;11;Cádiz;Andalucía;1
2024;1;1597.2;Libre;11;Cádiz;Andalucía;1
2025;1;1753.7;Libre;11;Cádiz;Andalucía;1
2026;1;1988.3;Libre;11;Cádiz;Andalucía;1
2005;3;844.7;Protegida;29;Málaga;Andalucía;1
2006;3;874.3;Protegida;29;Málaga;Andalucía;1
2007;3;916.4;Protegida;29;Málaga;Andalucía;1
2008;3;983.8;Protegida;29;Málaga;Andalucía;1
2009;3;1024.8;Protegida;29;Málaga;Andalucía;1
2010;3;1072.8;Protegida;29;Málaga;Andalucía;1
2011;3;1143.1;Protegida;29;Málaga;Andalucía;1
2013;3;1172.6;Protegida;29;Málaga;Andalucía;1
2014;3;1101.7;Protegida;29;Málaga;Andalucía;1
2015;3;1123.8;Protegida;29;Málaga;Andalucía;1
2016;3;1102.8;Protegida;29;Málaga;Andalucía;1
2017;3;1128.3;Protegida;29;Málaga;Andalucía;1
2018;3;1146.6;Protegida;29;Málaga;Andalucía;1
2019;3;1125.5;Protegida;29;Málaga;Andalucía;1
2020;3;1132.6;Protegida;29;Málaga;Andalucía;1
2021;3;1191.3;Protegida;29;Málaga;Andalucía;1
2022;3;1178.6;Protegida;29;Málaga;Andalucía;1
2023;3;1193.8;Protegida;29;Málaga;Andalucía;1
2024;3;1189.6;Protegida;29;Málaga;Andalucía;1
2025;3;1221.5;Protegida;29;Málaga;Andalucía;1
2005;1;838.2;Protegida;29;Málaga;Andalucía;1
2006;1;877.9;Protegida;29;Málaga;Andalucía;1
2007;1;910.1;Protegida;29;Málaga;Andalucía;1
2008;1;1006.8;Protegida;29;Málaga;Andalucía;1
2009;1;1025.7;Protegida;29;Málaga;Andalucía;1
2010;1;1047.8;Protegida;29;Málaga;Andalucía;1
2011;1;1107.85;Protegida;29;Málaga;Andalucía;1
2012;1;1151.6;Protegida;29;Málaga;Andalucía;1
2013;1;1225.2;Protegida;29;Málaga;Andalucía;1
2014;1;1133.2;Protegida;29;Málaga;Andalucía;1
2015;1;1102.5;Protegida;29;Málaga;Andalucía;1
2016;1;1117.3;Protegida;29;Málaga;Andalucía;1
2017;1;1146;Protegida;29;Málaga;Andalucía;1
2018;1;1126.8;Protegida;29;Málaga;Andalucía;1
2019;1;1119.5;Protegida;29;Málaga;Andalucía;1
2020;1;1151.3;Protegida;29;Málaga;Andalucía;1
2021;1;1180;Protegida;29;Málaga;Andalucía;1
2023;1;1182.3;Protegida;29;Málaga;Andalucía;1
2024;1;1163.3;Protegida;29;Málaga;Andalucía;1
2025;1;1202.7;Protegida;29;Málaga;Andalucía;1
2026;1;1273.1;Protegida;29;Málaga;Andalucía;1
2005;4;879;Protegida;29;Málaga;Andalucía;1
2006;4;909;Protegida;29;Málaga;Andalucía;1
2007;4;953.2;Protegida;29;Málaga;Andalucía;1
2008;4;1007;Protegida;29;Málaga;Andalucía;1
2009;4;1024.4;Protegida;29;Málaga;Andalucía;1
2010;4;1102.5;Protegida;29;Málaga;Andalucía;1
2011;4;1159.1;Protegida;29;Málaga;Andalucía;1
2012;4;1176.8;Protegida;29;Málaga;Andalucía;1
2013;4;1137.2;Protegida;29;Málaga;Andalucía;1
2014;4;1089.8;Protegida;29;Málaga;Andalucía;1
2015;4;1121.2;Protegida;29;Málaga;Andalucía;1
2016;4;1123;Protegida;29;Málaga;Andalucía;1
2017;4;1146.8;Protegida;29;Málaga;Andalucía;1
2018;4;1128.2;Protegida;29;Málaga;Andalucía;1
2019;4;1137;Protegida;29;Málaga;Andalucía;1
2020;4;1141.1;Protegida;29;Málaga;Andalucía;1
2021;4;1219.2;Protegida;29;Málaga;Andalucía;1
2022;4;1198.7;Protegida;29;Málaga;Andalucía;1
2023;4;1173.9;Protegida;29;Málaga;Andalucía;1
2024;4;1218;Protegida;29;Málaga;Andalucía;1
2025;4;1232.6;Protegida;29;Málaga;Andalucía;1
2005;2;836;Protegida;29;Málaga;Andalucía;1
2006;2;885.4;Protegida;29;Málaga;Andalucía;1
2007;2;912.2;Protegida;29;Málaga;Andalucía;1
2008;2;1008.7;Protegida;29;Málaga;Andalucía;1
2009;2;1029.3;Protegida;29;Málaga;Andalucía;1
2010;2;1067.6;Protegida;29;Málaga;Andalucía;1
2011;2;1140;Protegida;29;Málaga;Andalucía;1
2012;2;1169.1;Protegida;29;Málaga;Andalucía;1
2013;2;1182.7;Protegida;29;Málaga;Andalucía;1
2014;2;1115.2;Protegida;29;Málaga;Andalucía;1
2015;2;1113.6;Protegida;29;Málaga;Andalucía;1
2016;2;1108.8;Protegida;29;Málaga;Andalucía;1
2017;2;1149;Protegida;29;Málaga;Andalucía;1
2018;2;1152.3;Protegida;29;Málaga;Andalucía;1
2019;2;1143.7;Protegida;29;Málaga;Andalucía;1
2020;2;1137.8;Protegida;29;Málaga;Andalucía;1
2021;2;1174.4;Protegida;29;Málaga;Andalucía;1
2022;2;1192.1;Protegida;29;Málaga;Andalucía;1
2023;2;1165.2;Protegida;29;Málaga;Andalucía;1
2024;2;1206.4;Protegida;29;Málaga;Andalucía;1
2025;2;1208.7;Protegida;29;Málaga;Andalucía;1
2026;2;1299.3;Protegida;29;Málaga;Andalucía;1
1995;4;519.3;Libre;29;Málaga;Andalucía;1
1996;4;528.8;Libre;29;Málaga;Andalucía;1
1997;4;542.2;Libre;29;Málaga;Andalucía;1
1998;4;603.3;Libre;29;Málaga;Andalucía;1
1999;4;694.9;Libre;29;Málaga;Andalucía;1
2000;4;822.9;Libre;29;Málaga;Andalucía;1
2001;4;992.8;Libre;29;Málaga;Andalucía;1
2002;4;1185.6;Libre;29;Málaga;Andalucía;1
2003;4;1529.3;Libre;29;Málaga;Andalucía;1
2004;4;1897.7;Libre;29;Málaga;Andalucía;1
2005;4;2048.9;Libre;29;Málaga;Andalucía;1
2006;4;2229.8;Libre;29;Málaga;Andalucía;1
2007;4;2314;Libre;29;Málaga;Andalucía;1
2008;4;2199.9;Libre;29;Málaga;Andalucía;1
2009;4;1946.4;Libre;29;Málaga;Andalucía;1
2010;4;1880.7;Libre;29;Málaga;Andalucía;1
2011;4;1701;Libre;29;Málaga;Andalucía;1
2012;4;1548.9;Libre;29;Málaga;Andalucía;1
2013;4;1447.2;Libre;29;Málaga;Andalucía;1
2014;4;1482.4;Libre;29;Málaga;Andalucía;1
2015;4;1520.2;Libre;29;Málaga;Andalucía;1
2016;4;1587.4;Libre;29;Málaga;Andalucía;1
2017;4;1649.5;Libre;29;Málaga;Andalucía;1
2018;4;1786.1;Libre;29;Málaga;Andalucía;1
2019;4;1834.9;Libre;29;Málaga;Andalucía;1
2020;4;1810.5;Libre;29;Málaga;Andalucía;1
2021;4;1921.6;Libre;29;Málaga;Andalucía;1
2022;4;2072.4;Libre;29;Málaga;Andalucía;1
2023;4;2272.8;Libre;29;Málaga;Andalucía;1
2024;4;2522.2;Libre;29;Málaga;Andalucía;1
2025;4;2897.3;Libre;29;Málaga;Andalucía;1
1995;3;488.8;Libre;29;Málaga;Andalucía;1
1996;3;517.4;Libre;29;Málaga;Andalucía;1
1997;3;551.8;Libre;29;Málaga;Andalucía;1
1998;3;578.5;Libre;29;Málaga;Andalucía;1
1999;3;666.3;Libre;29;Málaga;Andalucía;1
2000;3;805.7;Libre;29;Málaga;Andalucía;1
2001;3;964.1;Libre;29;Málaga;Andalucía;1
2002;3;1185.6;Libre;29;Málaga;Andalucía;1
2003;3;1479.6;Libre;29;Málaga;Andalucía;1
2004;3;1995.1;Libre;29;Málaga;Andalucía;1
2005;3;2002.8;Libre;29;Málaga;Andalucía;1
2006;3;2201.3;Libre;29;Málaga;Andalucía;1
2007;3;2292.9;Libre;29;Málaga;Andalucía;1
2008;3;2277.7;Libre;29;Málaga;Andalucía;1
2009;3;1977.9;Libre;29;Málaga;Andalucía;1
2010;3;1874.4;Libre;29;Málaga;Andalucía;1
2011;3;1744.4;Libre;29;Málaga;Andalucía;1
2012;3;1575.7;Libre;29;Málaga;Andalucía;1
2013;3;1484.3;Libre;29;Málaga;Andalucía;1
2014;3;1492.5;Libre;29;Málaga;Andalucía;1
2015;3;1524.5;Libre;29;Málaga;Andalucía;1
2016;3;1531;Libre;29;Málaga;Andalucía;1
2017;3;1615.2;Libre;29;Málaga;Andalucía;1
2018;3;1734.1;Libre;29;Málaga;Andalucía;1
2019;3;1825.2;Libre;29;Málaga;Andalucía;1
2020;3;1788.6;Libre;29;Málaga;Andalucía;1
2021;3;1924.3;Libre;29;Málaga;Andalucía;1
2022;3;2066.1;Libre;29;Málaga;Andalucía;1
2023;3;2230.4;Libre;29;Málaga;Andalucía;1
2024;3;2440.1;Libre;29;Málaga;Andalucía;1
2025;3;2833.9;Libre;29;Málaga;Andalucía;1
1995;2;507.8;Libre;29;Málaga;Andalucía;1
1996;2;521.2;Libre;29;Málaga;Andalucía;1
1997;2;544.1;Libre;29;Málaga;Andalucía;1
1998;2;568.9;Libre;29;Málaga;Andalucía;1
1999;2;633.9;Libre;29;Málaga;Andalucía;1
2000;2;750.3;Libre;29;Málaga;Andalucía;1
2001;2;916.4;Libre;29;Málaga;Andalucía;1
2002;2;1111.2;Libre;29;Málaga;Andalucía;1
2003;2;1372.7;Libre;29;Málaga;Andalucía;1
2004;2;1766;Libre;29;Málaga;Andalucía;1
2005;2;1985.6;Libre;29;Málaga;Andalucía;1
2006;2;2184.1;Libre;29;Málaga;Andalucía;1
2007;2;2270;Libre;29;Málaga;Andalucía;1
2008;2;2304.3;Libre;29;Málaga;Andalucía;1
2009;2;2033.2;Libre;29;Málaga;Andalucía;1
2010;2;1916.1;Libre;29;Málaga;Andalucía;1
2011;2;1824.7;Libre;29;Málaga;Andalucía;1
2012;2;1660.4;Libre;29;Málaga;Andalucía;1
2013;2;1535;Libre;29;Málaga;Andalucía;1
2014;2;1477.3;Libre;29;Málaga;Andalucía;1
2015;2;1481.3;Libre;29;Málaga;Andalucía;1
2016;2;1565.2;Libre;29;Málaga;Andalucía;1
2017;2;1611.5;Libre;29;Málaga;Andalucía;1
2018;2;1714.8;Libre;29;Málaga;Andalucía;1
2019;2;1815.1;Libre;29;Málaga;Andalucía;1
2020;2;1811.2;Libre;29;Málaga;Andalucía;1
2021;2;1852.1;Libre;29;Málaga;Andalucía;1
2022;2;2015.7;Libre;29;Málaga;Andalucía;1
2023;2;2187;Libre;29;Málaga;Andalucía;1
2024;2;2400.7;Libre;29;Málaga;Andalucía;1
2025;2;2708.4;Libre;29;Málaga;Andalucía;1
2026;2;3083.5;Libre;29;Málaga;Andalucía;1
1995;1;494.5;Libre;29;Málaga;Andalucía;1
1996;1;507.8;Libre;29;Málaga;Andalucía;1
1997;1;528.8;Libre;29;Málaga;Andalucía;1
1998;1;547.9;Libre;29;Málaga;Andalucía;1
1999;1;614.8;Libre;29;Málaga;Andalucía;1
2000;1;727.4;Libre;29;Málaga;Andalucía;1
2001;1;857.2;Libre;29;Málaga;Andalucía;1
2002;1;1034.8;Libre;29;Málaga;Andalucía;1
2003;1;1271.5;Libre;29;Málaga;Andalucía;1
2004;1;1630.5;Libre;29;Málaga;Andalucía;1
2005;1;1909.2;Libre;29;Málaga;Andalucía;1
2006;1;2155.5;Libre;29;Málaga;Andalucía;1
2007;1;2254.7;Libre;29;Málaga;Andalucía;1
2008;1;2348.3;Libre;29;Málaga;Andalucía;1
2009;1;2113.5;Libre;29;Málaga;Andalucía;1
2010;1;1985.5;Libre;29;Málaga;Andalucía;1
2011;1;1826.5;Libre;29;Málaga;Andalucía;1
2012;1;1687.4;Libre;29;Málaga;Andalucía;1
2013;1;1544.3;Libre;29;Málaga;Andalucía;1
2014;1;1466.3;Libre;29;Málaga;Andalucía;1
2015;1;1487.2;Libre;29;Málaga;Andalucía;1
2016;1;1539.8;Libre;29;Málaga;Andalucía;1
2017;1;1615.9;Libre;29;Málaga;Andalucía;1
2018;1;1680.7;Libre;29;Málaga;Andalucía;1
2019;1;1768.9;Libre;29;Málaga;Andalucía;1
2020;1;1808.9;Libre;29;Málaga;Andalucía;1
2021;1;1804.3;Libre;29;Málaga;Andalucía;1
2022;1;1980.8;Libre;29;Málaga;Andalucía;1
2023;1;2152.1;Libre;29;Málaga;Andalucía;1
2024;1;2327.4;Libre;29;Málaga;Andalucía;1
2025;1;2615.4;Libre;29;Málaga;Andalucía;1
2026;1;2988;Libre;29;Málaga;Andalucía;1
2005;4;867.5;Protegida;14;Córdoba;Andalucía;1
2006;4;887.4;Protegida;14;Córdoba;Andalucía;1
2007;4;968;Protegida;14;Córdoba;Andalucía;1
2008;4;1038.7;Protegida;14;Córdoba;Andalucía;1
2009;4;1003;Protegida;14;Córdoba;Andalucía;1
2010;4;1018.3;Protegida;14;Córdoba;Andalucía;1
2011;4;1131;Protegida;14;Córdoba;Andalucía;1
2013;4;1040.4;Protegida;14;Córdoba;Andalucía;1
2014;4;1078;Protegida;14;Córdoba;Andalucía;1
2015;4;1072.6;Protegida;14;Córdoba;Andalucía;1
2016;4;1104.5;Protegida;14;Córdoba;Andalucía;1
2017;4;1107.7;Protegida;14;Córdoba;Andalucía;1
2018;4;1065.8;Protegida;14;Córdoba;Andalucía;1
2019;4;1078.8;Protegida;14;Córdoba;Andalucía;1
2020;4;1097.9;Protegida;14;Córdoba;Andalucía;1
2021;4;1115;Protegida;14;Córdoba;Andalucía;1
2022;4;1118;Protegida;14;Córdoba;Andalucía;1
2023;4;1176.8;Protegida;14;Córdoba;Andalucía;1
2024;4;1162.8;Protegida;14;Córdoba;Andalucía;1
2025;4;1194.1;Protegida;14;Córdoba;Andalucía;1
2005;3;865.9;Protegida;14;Córdoba;Andalucía;1
2006;3;893.6;Protegida;14;Córdoba;Andalucía;1
2007;3;949;Protegida;14;Córdoba;Andalucía;1
2008;3;1041.9;Protegida;14;Córdoba;Andalucía;1
2009;3;1008.8;Protegida;14;Córdoba;Andalucía;1
2010;3;1025.1;Protegida;14;Córdoba;Andalucía;1
2011;3;1097.8;Protegida;14;Córdoba;Andalucía;1
2012;3;1141.8;Protegida;14;Córdoba;Andalucía;1
2013;3;1028.2;Protegida;14;Córdoba;Andalucía;1
2014;3;1043.8;Protegida;14;Córdoba;Andalucía;1
2015;3;1071.6;Protegida;14;Córdoba;Andalucía;1
2016;3;1083.8;Protegida;14;Córdoba;Andalucía;1
2017;3;1125.1;Protegida;14;Córdoba;Andalucía;1
2018;3;1073.2;Protegida;14;Córdoba;Andalucía;1
2019;3;1058.2;Protegida;14;Córdoba;Andalucía;1
2020;3;1114.8;Protegida;14;Córdoba;Andalucía;1
2021;3;1139;Protegida;14;Córdoba;Andalucía;1
2022;3;1097.4;Protegida;14;Córdoba;Andalucía;1
2023;3;1187.4;Protegida;14;Córdoba;Andalucía;1
2024;3;1192.6;Protegida;14;Córdoba;Andalucía;1
2025;3;1193.4;Protegida;14;Córdoba;Andalucía;1
2005;2;848.4;Protegida;14;Córdoba;Andalucía;1
2006;2;867.6;Protegida;14;Córdoba;Andalucía;1
2007;2;947.5;Protegida;14;Córdoba;Andalucía;1
2008;2;1029.7;Protegida;14;Córdoba;Andalucía;1
2009;2;991.6;Protegida;14;Córdoba;Andalucía;1
2010;2;1028.7;Protegida;14;Córdoba;Andalucía;1
2011;2;1073.9;Protegida;14;Córdoba;Andalucía;1
2012;2;1116.8;Protegida;14;Córdoba;Andalucía;1
2013;2;1090.4;Protegida;14;Córdoba;Andalucía;1
2014;2;1037.5;Protegida;14;Córdoba;Andalucía;1
2015;2;1086;Protegida;14;Córdoba;Andalucía;1
2016;2;1112.1;Protegida;14;Córdoba;Andalucía;1
2017;2;1150.6;Protegida;14;Córdoba;Andalucía;1
2018;2;1060.6;Protegida;14;Córdoba;Andalucía;1
2019;2;1069.1;Protegida;14;Córdoba;Andalucía;1
2020;2;1097.3;Protegida;14;Córdoba;Andalucía;1
2021;2;1149.6;Protegida;14;Córdoba;Andalucía;1
2022;2;1115.7;Protegida;14;Córdoba;Andalucía;1
2023;2;1151.3;Protegida;14;Córdoba;Andalucía;1
2024;2;1189.8;Protegida;14;Córdoba;Andalucía;1
2025;2;1185.8;Protegida;14;Córdoba;Andalucía;1
2026;2;1230.6;Protegida;14;Córdoba;Andalucía;1
2005;1;845.3;Protegida;14;Córdoba;Andalucía;1
2006;1;900.3;Protegida;14;Córdoba;Andalucía;1
2007;1;922.1;Protegida;14;Córdoba;Andalucía;1
2008;1;1001.9;Protegida;14;Córdoba;Andalucía;1
2009;1;1011.5;Protegida;14;Córdoba;Andalucía;1
2010;1;1010.5;Protegida;14;Córdoba;Andalucía;1
2011;1;1048.9;Protegida;14;Córdoba;Andalucía;1
2012;1;1121.4;Protegida;14;Córdoba;Andalucía;1
2013;1;1116.5;Protegida;14;Córdoba;Andalucía;1
2014;1;1072.1;Protegida;14;Córdoba;Andalucía;1
2015;1;1103.6;Protegida;14;Córdoba;Andalucía;1
2016;1;1088.4;Protegida;14;Córdoba;Andalucía;1
2017;1;1129.1;Protegida;14;Córdoba;Andalucía;1
2018;1;1083.2;Protegida;14;Córdoba;Andalucía;1
2019;1;1047.7;Protegida;14;Córdoba;Andalucía;1
2020;1;1091.6;Protegida;14;Córdoba;Andalucía;1
2021;1;1121.2;Protegida;14;Córdoba;Andalucía;1
2022;1;1084;Protegida;14;Córdoba;Andalucía;1
2023;1;1152.4;Protegida;14;Córdoba;Andalucía;1
2024;1;1161.2;Protegida;14;Córdoba;Andalucía;1
2025;1;1177.3;Protegida;14;Córdoba;Andalucía;1
2026;1;1232.2;Protegida;14;Córdoba;Andalucía;1
1995;4;502;Libre;14;Córdoba;Andalucía;1
1996;4;478.7;Libre;14;Córdoba;Andalucía;1
1997;4;484.6;Libre;14;Córdoba;Andalucía;1
1998;4;504.4;Libre;14;Córdoba;Andalucía;1
1999;4;523;Libre;14;Córdoba;Andalucía;1
2000;4;585.9;Libre;14;Córdoba;Andalucía;1
2001;4;648.8;Libre;14;Córdoba;Andalucía;1
2002;4;764.1;Libre;14;Córdoba;Andalucía;1
2003;4;868.9;Libre;14;Córdoba;Andalucía;1
2004;4;1075.1;Libre;14;Córdoba;Andalucía;1
2005;4;1273.1;Libre;14;Córdoba;Andalucía;1
2006;4;1462.2;Libre;14;Córdoba;Andalucía;1
2007;4;1524.2;Libre;14;Córdoba;Andalucía;1
2008;4;1489.8;Libre;14;Córdoba;Andalucía;1
2009;4;1395.8;Libre;14;Córdoba;Andalucía;1
2010;4;1311.6;Libre;14;Córdoba;Andalucía;1
2011;4;1361.7;Libre;14;Córdoba;Andalucía;1
2012;4;1271.9;Libre;14;Córdoba;Andalucía;1
2013;4;1163.4;Libre;14;Córdoba;Andalucía;1
2014;4;1123.3;Libre;14;Córdoba;Andalucía;1
2015;4;1173.4;Libre;14;Córdoba;Andalucía;1
2016;4;1144.4;Libre;14;Córdoba;Andalucía;1
2017;4;1132.4;Libre;14;Córdoba;Andalucía;1
2018;4;1144.2;Libre;14;Córdoba;Andalucía;1
2019;4;1141.3;Libre;14;Córdoba;Andalucía;1
2020;4;1130.1;Libre;14;Córdoba;Andalucía;1
2021;4;1092.5;Libre;14;Córdoba;Andalucía;1
2022;4;1116.3;Libre;14;Córdoba;Andalucía;1
2023;4;1119;Libre;14;Córdoba;Andalucía;1
2024;4;1139.6;Libre;14;Córdoba;Andalucía;1
2025;4;1243.4;Libre;14;Córdoba;Andalucía;1
1995;3;516;Libre;14;Córdoba;Andalucía;1
1996;3;484.6;Libre;14;Córdoba;Andalucía;1
1997;3;490.4;Libre;14;Córdoba;Andalucía;1
1998;3;503.2;Libre;14;Córdoba;Andalucía;1
1999;3;520.7;Libre;14;Córdoba;Andalucía;1
2000;3;557.9;Libre;14;Córdoba;Andalucía;1
2001;3;639.5;Libre;14;Córdoba;Andalucía;1
2002;3;749;Libre;14;Córdoba;Andalucía;1
2003;3;864.3;Libre;14;Córdoba;Andalucía;1
2004;3;1015.7;Libre;14;Córdoba;Andalucía;1
2005;3;1210.2;Libre;14;Córdoba;Andalucía;1
2006;3;1422.2;Libre;14;Córdoba;Andalucía;1
2007;3;1556.2;Libre;14;Córdoba;Andalucía;1
2008;3;1545.7;Libre;14;Córdoba;Andalucía;1
2009;3;1461.8;Libre;14;Córdoba;Andalucía;1
2010;3;1340.7;Libre;14;Córdoba;Andalucía;1
2011;3;1328.5;Libre;14;Córdoba;Andalucía;1
2012;3;1333.2;Libre;14;Córdoba;Andalucía;1
2013;3;1208.1;Libre;14;Córdoba;Andalucía;1
2014;3;1122.6;Libre;14;Córdoba;Andalucía;1
2015;3;1150.3;Libre;14;Córdoba;Andalucía;1
2016;3;1147.8;Libre;14;Córdoba;Andalucía;1
2017;3;1123.6;Libre;14;Córdoba;Andalucía;1
2018;3;1131.4;Libre;14;Córdoba;Andalucía;1
2019;3;1126.4;Libre;14;Córdoba;Andalucía;1
2020;3;1118.8;Libre;14;Córdoba;Andalucía;1
2021;3;1093.5;Libre;14;Córdoba;Andalucía;1
2022;3;1115.4;Libre;14;Córdoba;Andalucía;1
2023;3;1093.8;Libre;14;Córdoba;Andalucía;1
2024;3;1127.6;Libre;14;Córdoba;Andalucía;1
2025;3;1219.4;Libre;14;Córdoba;Andalucía;1
1995;2;531.1;Libre;14;Córdoba;Andalucía;1
1996;2;467.1;Libre;14;Córdoba;Andalucía;1
1997;2;476.4;Libre;14;Córdoba;Andalucía;1
1998;2;485.7;Libre;14;Córdoba;Andalucía;1
1999;2;500.9;Libre;14;Córdoba;Andalucía;1
2000;2;552.1;Libre;14;Córdoba;Andalucía;1
2001;2;631.3;Libre;14;Córdoba;Andalucía;1
2002;2;700;Libre;14;Córdoba;Andalucía;1
2003;2;793.2;Libre;14;Córdoba;Andalucía;1
2004;2;980.8;Libre;14;Córdoba;Andalucía;1
2005;2;1183.4;Libre;14;Córdoba;Andalucía;1
2006;2;1405.9;Libre;14;Córdoba;Andalucía;1
2007;2;1516.4;Libre;14;Córdoba;Andalucía;1
2008;2;1544.5;Libre;14;Córdoba;Andalucía;1
2009;2;1466.1;Libre;14;Córdoba;Andalucía;1
2010;2;1373.3;Libre;14;Córdoba;Andalucía;1
2011;2;1350.1;Libre;14;Córdoba;Andalucía;1
2012;2;1350.8;Libre;14;Córdoba;Andalucía;1
2013;2;1200.1;Libre;14;Córdoba;Andalucía;1
2014;2;1135.9;Libre;14;Córdoba;Andalucía;1
2015;2;1144.6;Libre;14;Córdoba;Andalucía;1
2016;2;1133.8;Libre;14;Córdoba;Andalucía;1
2017;2;1143.4;Libre;14;Córdoba;Andalucía;1
2018;2;1158.5;Libre;14;Córdoba;Andalucía;1
2019;2;1170.4;Libre;14;Córdoba;Andalucía;1
2020;2;1121.5;Libre;14;Córdoba;Andalucía;1
2021;2;1107.9;Libre;14;Córdoba;Andalucía;1
2022;2;1116.3;Libre;14;Córdoba;Andalucía;1
2023;2;1108.8;Libre;14;Córdoba;Andalucía;1
2024;2;1147;Libre;14;Córdoba;Andalucía;1
2025;2;1182.7;Libre;14;Córdoba;Andalucía;1
2026;2;1307.1;Libre;14;Córdoba;Andalucía;1
1995;1;491.5;Libre;14;Córdoba;Andalucía;1
1996;1;498.5;Libre;14;Córdoba;Andalucía;1
1997;1;475.2;Libre;14;Córdoba;Andalucía;1
1998;1;470.6;Libre;14;Córdoba;Andalucía;1
1999;1;517.2;Libre;14;Córdoba;Andalucía;1
2000;1;533.5;Libre;14;Córdoba;Andalucía;1
2001;1;596.4;Libre;14;Córdoba;Andalucía;1
2002;1;677.9;Libre;14;Córdoba;Andalucía;1
2003;1;778.1;Libre;14;Córdoba;Andalucía;1
2004;1;928.3;Libre;14;Córdoba;Andalucía;1
2005;1;1164.8;Libre;14;Córdoba;Andalucía;1
2006;1;1310.4;Libre;14;Córdoba;Andalucía;1
2007;1;1493.3;Libre;14;Córdoba;Andalucía;1
2008;1;1551.5;Libre;14;Córdoba;Andalucía;1
2009;1;1444.4;Libre;14;Córdoba;Andalucía;1
2010;1;1368.6;Libre;14;Córdoba;Andalucía;1
2011;1;1319.7;Libre;14;Córdoba;Andalucía;1
2012;1;1333.1;Libre;14;Córdoba;Andalucía;1
2013;1;1234.7;Libre;14;Córdoba;Andalucía;1
2014;1;1156.4;Libre;14;Córdoba;Andalucía;1
2015;1;1149.8;Libre;14;Córdoba;Andalucía;1
2016;1;1149.7;Libre;14;Córdoba;Andalucía;1
2017;1;1135.7;Libre;14;Córdoba;Andalucía;1
2018;1;1143.3;Libre;14;Córdoba;Andalucía;1
2019;1;1155;Libre;14;Córdoba;Andalucía;1
2020;1;1132;Libre;14;Córdoba;Andalucía;1
2021;1;1099.9;Libre;14;Córdoba;Andalucía;1
2022;1;1123.5;Libre;14;Córdoba;Andalucía;1
2023;1;1113.6;Libre;14;Córdoba;Andalucía;1
2024;1;1125.9;Libre;14;Córdoba;Andalucía;1
2025;1;1161.7;Libre;14;Córdoba;Andalucía;1
2026;1;1285.7;Libre;14;Córdoba;Andalucía;1
2005;4;829.7;Protegida;23;Jaén;Andalucía;1
2006;4;892.5;Protegida;23;Jaén;Andalucía;1
2007;4;936.6;Protegida;23;Jaén;Andalucía;1
2008;4;930.1;Protegida;23;Jaén;Andalucía;1
2009;4;975.6;Protegida;23;Jaén;Andalucía;1
2010;4;993.7;Protegida;23;Jaén;Andalucía;1
2011;4;1036;Protegida;23;Jaén;Andalucía;1
2014;4;1066;Protegida;23;Jaén;Andalucía;1
2015;4;1040.2;Protegida;23;Jaén;Andalucía;1
2016;4;1070.2;Protegida;23;Jaén;Andalucía;1
2017;4;1101.1;Protegida;23;Jaén;Andalucía;1
2018;4;1065.1;Protegida;23;Jaén;Andalucía;1
2019;4;1063.1;Protegida;23;Jaén;Andalucía;1
2020;4;1098.6;Protegida;23;Jaén;Andalucía;1
2021;4;1068.1;Protegida;23;Jaén;Andalucía;1
2022;4;1114.1;Protegida;23;Jaén;Andalucía;1
2023;4;1181.6;Protegida;23;Jaén;Andalucía;1
2024;4;1154.4;Protegida;23;Jaén;Andalucía;1
2025;4;1159.3;Protegida;23;Jaén;Andalucía;1
2005;3;806.1;Protegida;23;Jaén;Andalucía;1
2006;3;882.1;Protegida;23;Jaén;Andalucía;1
2007;3;915.2;Protegida;23;Jaén;Andalucía;1
2008;3;949.2;Protegida;23;Jaén;Andalucía;1
2009;3;956.3;Protegida;23;Jaén;Andalucía;1
2010;3;981.8;Protegida;23;Jaén;Andalucía;1
2011;3;1002.2;Protegida;23;Jaén;Andalucía;1
2014;3;1027.4;Protegida;23;Jaén;Andalucía;1
2015;3;1076.3;Protegida;23;Jaén;Andalucía;1
2016;3;1096.2;Protegida;23;Jaén;Andalucía;1
2017;3;1083.2;Protegida;23;Jaén;Andalucía;1
2018;3;1087.6;Protegida;23;Jaén;Andalucía;1
2019;3;1044;Protegida;23;Jaén;Andalucía;1
2020;3;1082;Protegida;23;Jaén;Andalucía;1
2021;3;1092.9;Protegida;23;Jaén;Andalucía;1
2022;3;1101;Protegida;23;Jaén;Andalucía;1
2023;3;1149.4;Protegida;23;Jaén;Andalucía;1
2024;3;1158.2;Protegida;23;Jaén;Andalucía;1
2025;3;1147.7;Protegida;23;Jaén;Andalucía;1
2005;2;834.2;Protegida;23;Jaén;Andalucía;1
2006;2;854.1;Protegida;23;Jaén;Andalucía;1
2007;2;900.8;Protegida;23;Jaén;Andalucía;1
2008;2;972.3;Protegida;23;Jaén;Andalucía;1
2009;2;950.1;Protegida;23;Jaén;Andalucía;1
2010;2;973.7;Protegida;23;Jaén;Andalucía;1
2011;2;1011.9;Protegida;23;Jaén;Andalucía;1
2012;2;1102;Protegida;23;Jaén;Andalucía;1
2013;2;1085.5;Protegida;23;Jaén;Andalucía;1
2014;2;1041.2;Protegida;23;Jaén;Andalucía;1
2015;2;1084.1;Protegida;23;Jaén;Andalucía;1
2016;2;1072.8;Protegida;23;Jaén;Andalucía;1
2017;2;1077.3;Protegida;23;Jaén;Andalucía;1
2018;2;1079.6;Protegida;23;Jaén;Andalucía;1
2019;2;1044.7;Protegida;23;Jaén;Andalucía;1
2020;2;1075.9;Protegida;23;Jaén;Andalucía;1
2021;2;1109;Protegida;23;Jaén;Andalucía;1
2022;2;1122.7;Protegida;23;Jaén;Andalucía;1
2023;2;1141;Protegida;23;Jaén;Andalucía;1
2024;2;1179.6;Protegida;23;Jaén;Andalucía;1
2025;2;1139.5;Protegida;23;Jaén;Andalucía;1
2026;2;1154.8;Protegida;23;Jaén;Andalucía;1
2005;1;849.7;Protegida;23;Jaén;Andalucía;1
2006;1;848.3;Protegida;23;Jaén;Andalucía;1
2007;1;886.5;Protegida;23;Jaén;Andalucía;1
2008;1;964.2;Protegida;23;Jaén;Andalucía;1
2009;1;936.3;Protegida;23;Jaén;Andalucía;1
2010;1;982.2;Protegida;23;Jaén;Andalucía;1
2011;1;992.8;Protegida;23;Jaén;Andalucía;1
2012;1;1068.7;Protegida;23;Jaén;Andalucía;1
2013;1;1106.1;Protegida;23;Jaén;Andalucía;1
2014;1;1056.2;Protegida;23;Jaén;Andalucía;1
2015;1;1080.5;Protegida;23;Jaén;Andalucía;1
2016;1;1071.2;Protegida;23;Jaén;Andalucía;1
2017;1;1094.8;Protegida;23;Jaén;Andalucía;1
2018;1;1087.8;Protegida;23;Jaén;Andalucía;1
2019;1;1042.9;Protegida;23;Jaén;Andalucía;1
2020;1;1077.7;Protegida;23;Jaén;Andalucía;1
2021;1;1081.9;Protegida;23;Jaén;Andalucía;1
2022;1;1093.9;Protegida;23;Jaén;Andalucía;1
2023;1;1140.9;Protegida;23;Jaén;Andalucía;1
2024;1;1160.4;Protegida;23;Jaén;Andalucía;1
2025;1;1123.5;Protegida;23;Jaén;Andalucía;1
2026;1;1151.2;Protegida;23;Jaén;Andalucía;1
1995;4;387.8;Libre;23;Jaén;Andalucía;1
1996;4;381.4;Libre;23;Jaén;Andalucía;1
1997;4;390.2;Libre;23;Jaén;Andalucía;1
1998;4;417.3;Libre;23;Jaén;Andalucía;1
1999;4;451.7;Libre;23;Jaén;Andalucía;1
2000;4;493.3;Libre;23;Jaén;Andalucía;1
2001;4;563.6;Libre;23;Jaén;Andalucía;1
2002;4;621.2;Libre;23;Jaén;Andalucía;1
2003;4;714.8;Libre;23;Jaén;Andalucía;1
2004;4;813.1;Libre;23;Jaén;Andalucía;1
2005;4;948.9;Libre;23;Jaén;Andalucía;1
2006;4;1053.7;Libre;23;Jaén;Andalucía;1
2007;4;1096.1;Libre;23;Jaén;Andalucía;1
2008;4;1073.7;Libre;23;Jaén;Andalucía;1
2009;4;1015.6;Libre;23;Jaén;Andalucía;1
2010;4;1039.1;Libre;23;Jaén;Andalucía;1
2011;4;1020.7;Libre;23;Jaén;Andalucía;1
2012;4;882.5;Libre;23;Jaén;Andalucía;1
2013;4;826.8;Libre;23;Jaén;Andalucía;1
2014;4;786.1;Libre;23;Jaén;Andalucía;1
2015;4;807.2;Libre;23;Jaén;Andalucía;1
2016;4;830;Libre;23;Jaén;Andalucía;1
2017;4;812.4;Libre;23;Jaén;Andalucía;1
2018;4;820.6;Libre;23;Jaén;Andalucía;1
2019;4;801.5;Libre;23;Jaén;Andalucía;1
2020;4;789.1;Libre;23;Jaén;Andalucía;1
2021;4;781.6;Libre;23;Jaén;Andalucía;1
2022;4;793.3;Libre;23;Jaén;Andalucía;1
2023;4;789.1;Libre;23;Jaén;Andalucía;1
2024;4;813.9;Libre;23;Jaén;Andalucía;1
2025;4;862.8;Libre;23;Jaén;Andalucía;1
1995;3;388.6;Libre;23;Jaén;Andalucía;1
1996;3;382.2;Libre;23;Jaén;Andalucía;1
1997;3;389.4;Libre;23;Jaén;Andalucía;1
1998;3;409.3;Libre;23;Jaén;Andalucía;1
1999;3;444.5;Libre;23;Jaén;Andalucía;1
2000;3;497.3;Libre;23;Jaén;Andalucía;1
2001;3;534.9;Libre;23;Jaén;Andalucía;1
2002;3;610.8;Libre;23;Jaén;Andalucía;1
2003;3;679.6;Libre;23;Jaén;Andalucía;1
2004;3;785.1;Libre;23;Jaén;Andalucía;1
2005;3;933.8;Libre;23;Jaén;Andalucía;1
2006;3;1034.6;Libre;23;Jaén;Andalucía;1
2007;3;1088.1;Libre;23;Jaén;Andalucía;1
2008;3;1124.1;Libre;23;Jaén;Andalucía;1
2009;3;1015.4;Libre;23;Jaén;Andalucía;1
2010;3;1045.7;Libre;23;Jaén;Andalucía;1
2011;3;1026.9;Libre;23;Jaén;Andalucía;1
2012;3;919.3;Libre;23;Jaén;Andalucía;1
2013;3;862.2;Libre;23;Jaén;Andalucía;1
2014;3;793.6;Libre;23;Jaén;Andalucía;1
2015;3;822;Libre;23;Jaén;Andalucía;1
2016;3;831.7;Libre;23;Jaén;Andalucía;1
2017;3;817.5;Libre;23;Jaén;Andalucía;1
2018;3;803.6;Libre;23;Jaén;Andalucía;1
2019;3;800.3;Libre;23;Jaén;Andalucía;1
2020;3;773.9;Libre;23;Jaén;Andalucía;1
2021;3;786;Libre;23;Jaén;Andalucía;1
2022;3;787.5;Libre;23;Jaén;Andalucía;1
2023;3;797.1;Libre;23;Jaén;Andalucía;1
2024;3;802.5;Libre;23;Jaén;Andalucía;1
2025;3;867.2;Libre;23;Jaén;Andalucía;1
1995;2;380.6;Libre;23;Jaén;Andalucía;1
1996;2;389.4;Libre;23;Jaén;Andalucía;1
1997;2;393.4;Libre;23;Jaén;Andalucía;1
1998;2;395.8;Libre;23;Jaén;Andalucía;1
1999;2;433.3;Libre;23;Jaén;Andalucía;1
2000;2;486.1;Libre;23;Jaén;Andalucía;1
2001;2;536.5;Libre;23;Jaén;Andalucía;1
2002;2;590.8;Libre;23;Jaén;Andalucía;1
2003;2;651.6;Libre;23;Jaén;Andalucía;1
2004;2;750.7;Libre;23;Jaén;Andalucía;1
2005;2;889;Libre;23;Jaén;Andalucía;1
2006;2;993;Libre;23;Jaén;Andalucía;1
2007;2;1096.1;Libre;23;Jaén;Andalucía;1
2008;2;1139.3;Libre;23;Jaén;Andalucía;1
2009;2;1042;Libre;23;Jaén;Andalucía;1
2010;2;1071.3;Libre;23;Jaén;Andalucía;1
2011;2;1035.2;Libre;23;Jaén;Andalucía;1
2012;2;920.2;Libre;23;Jaén;Andalucía;1
2013;2;870.9;Libre;23;Jaén;Andalucía;1
2014;2;801.8;Libre;23;Jaén;Andalucía;1
2015;2;829.5;Libre;23;Jaén;Andalucía;1
2016;2;813.3;Libre;23;Jaén;Andalucía;1
2017;2;806.2;Libre;23;Jaén;Andalucía;1
2018;2;813.5;Libre;23;Jaén;Andalucía;1
2019;2;785;Libre;23;Jaén;Andalucía;1
2020;2;786.3;Libre;23;Jaén;Andalucía;1
2021;2;777.1;Libre;23;Jaén;Andalucía;1
2022;2;798.9;Libre;23;Jaén;Andalucía;1
2023;2;803.8;Libre;23;Jaén;Andalucía;1
2024;2;813.7;Libre;23;Jaén;Andalucía;1
2025;2;840.3;Libre;23;Jaén;Andalucía;1
2026;2;912.7;Libre;23;Jaén;Andalucía;1
1995;1;375.8;Libre;23;Jaén;Andalucía;1
1996;1;381.4;Libre;23;Jaén;Andalucía;1
1997;1;397.4;Libre;23;Jaén;Andalucía;1
1998;1;395.8;Libre;23;Jaén;Andalucía;1
1999;1;430.1;Libre;23;Jaén;Andalucía;1
2000;1;467.7;Libre;23;Jaén;Andalucía;1
2001;1;513.3;Libre;23;Jaén;Andalucía;1
2002;1;568.4;Libre;23;Jaén;Andalucía;1
2003;1;634;Libre;23;Jaén;Andalucía;1
2004;1;730.7;Libre;23;Jaén;Andalucía;1
2005;1;799.5;Libre;23;Jaén;Andalucía;1
2006;1;973;Libre;23;Jaén;Andalucía;1
2007;1;1059.9;Libre;23;Jaén;Andalucía;1
2008;1;1113.7;Libre;23;Jaén;Andalucía;1
2009;1;1066.5;Libre;23;Jaén;Andalucía;1
2010;1;1043.3;Libre;23;Jaén;Andalucía;1
2011;1;1042.5;Libre;23;Jaén;Andalucía;1
2012;1;966.6;Libre;23;Jaén;Andalucía;1
2013;1;865.7;Libre;23;Jaén;Andalucía;1
2014;1;809.3;Libre;23;Jaén;Andalucía;1
2015;1;809.4;Libre;23;Jaén;Andalucía;1
2016;1;821.4;Libre;23;Jaén;Andalucía;1
2017;1;809;Libre;23;Jaén;Andalucía;1
2018;1;798.6;Libre;23;Jaén;Andalucía;1
2019;1;809.9;Libre;23;Jaén;Andalucía;1
2020;1;794.4;Libre;23;Jaén;Andalucía;1
2021;1;765.5;Libre;23;Jaén;Andalucía;1
2022;1;796.4;Libre;23;Jaén;Andalucía;1
2023;1;798.2;Libre;23;Jaén;Andalucía;1
2024;1;797.3;Libre;23;Jaén;Andalucía;1
2025;1;825.8;Libre;23;Jaén;Andalucía;1
2026;1;898.2;Libre;23;Jaén;Andalucía;1
2005;3;1076.6;Protegida;;Total CCAA;Navarra, Comunidad Foral de;15
2005;3;1076.6;Protegida;;Total CCAA;Navarra, Comunidad Foral de;15
2006;3;1121.5;Protegida;;Total CCAA;Navarra, Comunidad Foral de;15
2006;3;1121.5;Protegida;;Total CCAA;Navarra, Comunidad Foral de;15
2007;3;1169.2;Protegida;;Total CCAA;Navarra, Comunidad Foral de;15
2007;3;1169.2;Protegida;;Total CCAA;Navarra, Comunidad Foral de;15
2008;3;1270.32;Protegida;;Total CCAA;Navarra, Comunidad Foral de;15
2008;3;1270.32;Protegida;;Total CCAA;Navarra, Comunidad Foral de;15
2009;3;1242.5;Protegida;;Total CCAA;Navarra, Comunidad Foral de;15
2009;3;1242.5;Protegida;;Total CCAA;Navarra, Comunidad Foral de;15
2010;3;1299.5;Protegida;;Total CCAA;Navarra, Comunidad Foral de;15
2010;3;1299.5;Protegida;;Total CCAA;Navarra, Comunidad Foral de;15
2011;3;1268.9;Protegida;;Total CCAA;Navarra, Comunidad Foral de;15
2011;3;1268.9;Protegida;;Total CCAA;Navarra, Comunidad Foral de;15
2012;3;1161.1;Protegida;;Total CCAA;Navarra, Comunidad Foral de;15
2012;3;1161.1;Protegida;;Total CCAA;Navarra, Comunidad Foral de;15
2013;3;1134.9;Protegida;;Total CCAA;Navarra, Comunidad Foral de;15
2014;3;1181.2;Protegida;;Total CCAA;Navarra, Comunidad Foral de;15
2015;3;1184.2;Protegida;;Total CCAA;Navarra, Comunidad Foral de;15
2016;3;1174.5;Protegida;;Total CCAA;Navarra, Comunidad Foral de;15
2017;3;1154.6;Protegida;;Total CCAA;Navarra, Comunidad Foral de;15
2018;3;1160.8;Protegida;;Total CCAA;Navarra, Comunidad Foral de;15
2019;3;1120;Protegida;;Total CCAA;Navarra, Comunidad Foral de;15
2020;3;1167.6;Protegida;;Total CCAA;Navarra, Comunidad Foral de;15
2021;3;1190.7;Protegida;;Total CCAA;Navarra, Comunidad Foral de;15
2022;3;1164.6;Protegida;;Total CCAA;Navarra, Comunidad Foral de;15
2023;3;1146.4;Protegida;;Total CCAA;Navarra, Comunidad Foral de;15
2024;3;1132.5;Protegida;;Total CCAA;Navarra, Comunidad Foral de;15
2025;3;1147.6;Protegida;;Total CCAA;Navarra, Comunidad Foral de;15
2005;4;1074.4;Protegida;;Total CCAA;Navarra, Comunidad Foral de;15
2005;4;1074.4;Protegida;;Total CCAA;Navarra, Comunidad Foral de;15
2006;4;1155.6;Protegida;;Total CCAA;Navarra, Comunidad Foral de;15
2006;4;1155.6;Protegida;;Total CCAA;Navarra, Comunidad Foral de;15
2007;4;1219;Protegida;;Total CCAA;Navarra, Comunidad Foral de;15
2007;4;1219;Protegida;;Total CCAA;Navarra, Comunidad Foral de;15
2008;4;1281.3;Protegida;;Total CCAA;Navarra, Comunidad Foral de;15
2008;4;1281.3;Protegida;;Total CCAA;Navarra, Comunidad Foral de;15
2009;4;1269.2;Protegida;;Total CCAA;Navarra, Comunidad Foral de;15
2009;4;1269.2;Protegida;;Total CCAA;Navarra, Comunidad Foral de;15
2010;4;1298.3;Protegida;;Total CCAA;Navarra, Comunidad Foral de;15
2010;4;1298.3;Protegida;;Total CCAA;Navarra, Comunidad Foral de;15
2011;4;1264.3;Protegida;;Total CCAA;Navarra, Comunidad Foral de;15
2011;4;1264.3;Protegida;;Total CCAA;Navarra, Comunidad Foral de;15
2012;4;1143.5;Protegida;;Total CCAA;Navarra, Comunidad Foral de;15
2012;4;1143.5;Protegida;;Total CCAA;Navarra, Comunidad Foral de;15
2013;4;1127.6;Protegida;;Total CCAA;Navarra, Comunidad Foral de;15
2014;4;1157.2;Protegida;;Total CCAA;Navarra, Comunidad Foral de;15
2015;4;1176.9;Protegida;;Total CCAA;Navarra, Comunidad Foral de;15
2016;4;1185.3;Protegida;;Total CCAA;Navarra, Comunidad Foral de;15
2017;4;1171.8;Protegida;;Total CCAA;Navarra, Comunidad Foral de;15
2018;4;1153.7;Protegida;;Total CCAA;Navarra, Comunidad Foral de;15
2019;4;1140.3;Protegida;;Total CCAA;Navarra, Comunidad Foral de;15
2020;4;1181.9;Protegida;;Total CCAA;Navarra, Comunidad Foral de;15
2021;4;1164.8;Protegida;;Total CCAA;Navarra, Comunidad Foral de;15
2022;4;1164.3;Protegida;;Total CCAA;Navarra, Comunidad Foral de;15
2023;4;1134.7;Protegida;;Total CCAA;Navarra, Comunidad Foral de;15
2024;4;1124.7;Protegida;;Total CCAA;Navarra, Comunidad Foral de;15
2025;4;1174.7;Protegida;;Total CCAA;Navarra, Comunidad Foral de;15
2005;2;1038.4;Protegida;;Total CCAA;Navarra, Comunidad Foral de;15
2005;2;1038.4;Protegida;;Total CCAA;Navarra, Comunidad Foral de;15
2006;2;1124.8;Protegida;;Total CCAA;Navarra, Comunidad Foral de;15
2006;2;1124.8;Protegida;;Total CCAA;Navarra, Comunidad Foral de;15
2007;2;1178;Protegida;;Total CCAA;Navarra, Comunidad Foral de;15
2007;2;1178;Protegida;;Total CCAA;Navarra, Comunidad Foral de;15
2008;2;1238;Protegida;;Total CCAA;Navarra, Comunidad Foral de;15
2008;2;1238;Protegida;;Total CCAA;Navarra, Comunidad Foral de;15
2009;2;1262.8;Protegida;;Total CCAA;Navarra, Comunidad Foral de;15
2009;2;1262.8;Protegida;;Total CCAA;Navarra, Comunidad Foral de;15
2010;2;1284.5;Protegida;;Total CCAA;Navarra, Comunidad Foral de;15
2010;2;1284.5;Protegida;;Total CCAA;Navarra, Comunidad Foral de;15
2011;2;1278.2;Protegida;;Total CCAA;Navarra, Comunidad Foral de;15
2011;2;1278.2;Protegida;;Total CCAA;Navarra, Comunidad Foral de;15
2012;2;1183.2;Protegida;;Total CCAA;Navarra, Comunidad Foral de;15
2012;2;1183.2;Protegida;;Total CCAA;Navarra, Comunidad Foral de;15
2013;2;1154.7;Protegida;;Total CCAA;Navarra, Comunidad Foral de;15
2014;2;1168.4;Protegida;;Total CCAA;Navarra, Comunidad Foral de;15
2015;2;1197.5;Protegida;;Total CCAA;Navarra, Comunidad Foral de;15
2016;2;1174.9;Protegida;;Total CCAA;Navarra, Comunidad Foral de;15
2017;2;1163.6;Protegida;;Total CCAA;Navarra, Comunidad Foral de;15
2018;2;1167.4;Protegida;;Total CCAA;Navarra, Comunidad Foral de;15
2019;2;1136.7;Protegida;;Total CCAA;Navarra, Comunidad Foral de;15
2020;2;1169.7;Protegida;;Total CCAA;Navarra, Comunidad Foral de;15
2021;2;1192.6;Protegida;;Total CCAA;Navarra, Comunidad Foral de;15
2022;2;1158.3;Protegida;;Total CCAA;Navarra, Comunidad Foral de;15
2023;2;1154;Protegida;;Total CCAA;Navarra, Comunidad Foral de;15
2024;2;1132.1;Protegida;;Total CCAA;Navarra, Comunidad Foral de;15
2025;2;1144.4;Protegida;;Total CCAA;Navarra, Comunidad Foral de;15
2026;2;;Protegida;;Total CCAA;Navarra, Comunidad Foral de;15
2005;1;1044.7;Protegida;;Total CCAA;Navarra, Comunidad Foral de;15
2005;1;1044.7;Protegida;;Total CCAA;Navarra, Comunidad Foral de;15
2006;1;1098.7;Protegida;;Total CCAA;Navarra, Comunidad Foral de;15
2006;1;1098.7;Protegida;;Total CCAA;Navarra, Comunidad Foral de;15
2007;1;1149.2;Protegida;;Total CCAA;Navarra, Comunidad Foral de;15
2007;1;1149.2;Protegida;;Total CCAA;Navarra, Comunidad Foral de;15
2008;1;1241.7;Protegida;;Total CCAA;Navarra, Comunidad Foral de;15
2008;1;1241.7;Protegida;;Total CCAA;Navarra, Comunidad Foral de;15
2009;1;1251.85;Protegida;;Total CCAA;Navarra, Comunidad Foral de;15
2009;1;1251.85;Protegida;;Total CCAA;Navarra, Comunidad Foral de;15
2010;1;1275.2;Protegida;;Total CCAA;Navarra, Comunidad Foral de;15
2010;1;1275.2;Protegida;;Total CCAA;Navarra, Comunidad Foral de;15
2011;1;1283.9;Protegida;;Total CCAA;Navarra, Comunidad Foral de;15
2011;1;1283.9;Protegida;;Total CCAA;Navarra, Comunidad Foral de;15
2012;1;1227.1;Protegida;;Total CCAA;Navarra, Comunidad Foral de;15
2012;1;1227.1;Protegida;;Total CCAA;Navarra, Comunidad Foral de;15
2013;1;1156.1;Protegida;;Total CCAA;Navarra, Comunidad Foral de;15
2014;1;1143.5;Protegida;;Total CCAA;Navarra, Comunidad Foral de;15
2015;1;1178.7;Protegida;;Total CCAA;Navarra, Comunidad Foral de;15
2016;1;1162.7;Protegida;;Total CCAA;Navarra, Comunidad Foral de;15
2017;1;1172.3;Protegida;;Total CCAA;Navarra, Comunidad Foral de;15
2018;1;1150.8;Protegida;;Total CCAA;Navarra, Comunidad Foral de;15
2019;1;1139.5;Protegida;;Total CCAA;Navarra, Comunidad Foral de;15
2020;1;1146.9;Protegida;;Total CCAA;Navarra, Comunidad Foral de;15
2021;1;1186.2;Protegida;;Total CCAA;Navarra, Comunidad Foral de;15
2022;1;1174.8;Protegida;;Total CCAA;Navarra, Comunidad Foral de;15
2023;1;1142.4;Protegida;;Total CCAA;Navarra, Comunidad Foral de;15
2024;1;1134.3;Protegida;;Total CCAA;Navarra, Comunidad Foral de;15
2025;1;1124.6;Protegida;;Total CCAA;Navarra, Comunidad Foral de;15
2026;1;;Protegida;;Total CCAA;Navarra, Comunidad Foral de;15
1995;4;721.3;Libre;;Total CCAA;Navarra, Comunidad Foral de;15
1995;4;721.3;Libre;;Total CCAA;Navarra, Comunidad Foral de;15
1996;4;741.2;Libre;;Total CCAA;Navarra, Comunidad Foral de;15
1996;4;741.2;Libre;;Total CCAA;Navarra, Comunidad Foral de;15
1997;4;797.9;Libre;;Total CCAA;Navarra, Comunidad Foral de;15
1997;4;797.9;Libre;;Total CCAA;Navarra, Comunidad Foral de;15
1998;4;805.5;Libre;;Total CCAA;Navarra, Comunidad Foral de;15
1998;4;805.5;Libre;;Total CCAA;Navarra, Comunidad Foral de;15
1999;4;925;Libre;;Total CCAA;Navarra, Comunidad Foral de;15
1999;4;925;Libre;;Total CCAA;Navarra, Comunidad Foral de;15
2000;4;1068.9;Libre;;Total CCAA;Navarra, Comunidad Foral de;15
2000;4;1068.9;Libre;;Total CCAA;Navarra, Comunidad Foral de;15
2001;4;1157.7;Libre;;Total CCAA;Navarra, Comunidad Foral de;15
2001;4;1157.7;Libre;;Total CCAA;Navarra, Comunidad Foral de;15
2002;4;1255.7;Libre;;Total CCAA;Navarra, Comunidad Foral de;15
2002;4;1255.7;Libre;;Total CCAA;Navarra, Comunidad Foral de;15
2003;4;1343;Libre;;Total CCAA;Navarra, Comunidad Foral de;15
2003;4;1343;Libre;;Total CCAA;Navarra, Comunidad Foral de;15
2004;4;1433.4;Libre;;Total CCAA;Navarra, Comunidad Foral de;15
2004;4;1433.4;Libre;;Total CCAA;Navarra, Comunidad Foral de;15
2005;4;1596.3;Libre;;Total CCAA;Navarra, Comunidad Foral de;15
2005;4;1596.3;Libre;;Total CCAA;Navarra, Comunidad Foral de;15
2006;4;1698.3;Libre;;Total CCAA;Navarra, Comunidad Foral de;15
2006;4;1698.3;Libre;;Total CCAA;Navarra, Comunidad Foral de;15
2007;4;1709;Libre;;Total CCAA;Navarra, Comunidad Foral de;15
2007;4;1709;Libre;;Total CCAA;Navarra, Comunidad Foral de;15
2008;4;1745.8;Libre;;Total CCAA;Navarra, Comunidad Foral de;15
2008;4;1745.8;Libre;;Total CCAA;Navarra, Comunidad Foral de;15
2009;4;1623.3;Libre;;Total CCAA;Navarra, Comunidad Foral de;15
2009;4;1623.3;Libre;;Total CCAA;Navarra, Comunidad Foral de;15
2010;4;1521.9;Libre;;Total CCAA;Navarra, Comunidad Foral de;15
2010;4;1521.9;Libre;;Total CCAA;Navarra, Comunidad Foral de;15
2011;4;1449.4;Libre;;Total CCAA;Navarra, Comunidad Foral de;15
2011;4;1449.4;Libre;;Total CCAA;Navarra, Comunidad Foral de;15
2012;4;1382.6;Libre;;Total CCAA;Navarra, Comunidad Foral de;15
2012;4;1382.6;Libre;;Total CCAA;Navarra, Comunidad Foral de;15
2013;4;1366.8;Libre;;Total CCAA;Navarra, Comunidad Foral de;15
2013;4;1366.8;Libre;;Total CCAA;Navarra, Comunidad Foral de;15
2014;4;1309.6;Libre;;Total CCAA;Navarra, Comunidad Foral de;15
2014;4;1309.6;Libre;;Total CCAA;Navarra, Comunidad Foral de;15
2019;4;1467.5;Libre;;Total CCAA;Navarra, Comunidad Foral de;15
2019;4;1467.5;Libre;;Total CCAA;Navarra, Comunidad Foral de;15
2020;4;1408;Libre;;Total CCAA;Navarra, Comunidad Foral de;15
2020;4;1408;Libre;;Total CCAA;Navarra, Comunidad Foral de;15
2021;4;1458.2;Libre;;Total CCAA;Navarra, Comunidad Foral de;15
2021;4;1458.2;Libre;;Total CCAA;Navarra, Comunidad Foral de;15
2022;4;1547.2;Libre;;Total CCAA;Navarra, Comunidad Foral de;15
2022;4;1547.2;Libre;;Total CCAA;Navarra, Comunidad Foral de;15
2023;4;1605.3;Libre;;Total CCAA;Navarra, Comunidad Foral de;15
2023;4;1605.3;Libre;;Total CCAA;Navarra, Comunidad Foral de;15
2024;4;1672.8;Libre;;Total CCAA;Navarra, Comunidad Foral de;15
2024;4;1672.8;Libre;;Total CCAA;Navarra, Comunidad Foral de;15
2025;4;1851.5;Libre;;Total CCAA;Navarra, Comunidad Foral de;15
2025;4;1851.5;Libre;;Total CCAA;Navarra, Comunidad Foral de;15
2015;4;1337.9;Libre;;Total CCAA;Navarra, Comunidad Foral de;15
2016;4;1300;Libre;;Total CCAA;Navarra, Comunidad Foral de;15
2017;4;1353.9;Libre;;Total CCAA;Navarra, Comunidad Foral de;15
2018;4;1383.7;Libre;;Total CCAA;Navarra, Comunidad Foral de;15
1995;3;759.6;Libre;;Total CCAA;Navarra, Comunidad Foral de;15
1995;3;759.6;Libre;;Total CCAA;Navarra, Comunidad Foral de;15
1996;3;785.6;Libre;;Total CCAA;Navarra, Comunidad Foral de;15
1996;3;785.6;Libre;;Total CCAA;Navarra, Comunidad Foral de;15
1997;3;814.7;Libre;;Total CCAA;Navarra, Comunidad Foral de;15
1997;3;814.7;Libre;;Total CCAA;Navarra, Comunidad Foral de;15
1998;3;837.7;Libre;;Total CCAA;Navarra, Comunidad Foral de;15
1998;3;837.7;Libre;;Total CCAA;Navarra, Comunidad Foral de;15
1999;3;897.4;Libre;;Total CCAA;Navarra, Comunidad Foral de;15
1999;3;897.4;Libre;;Total CCAA;Navarra, Comunidad Foral de;15
2000;3;1044.4;Libre;;Total CCAA;Navarra, Comunidad Foral de;15
2000;3;1044.4;Libre;;Total CCAA;Navarra, Comunidad Foral de;15
2001;3;1130.2;Libre;;Total CCAA;Navarra, Comunidad Foral de;15
2001;3;1130.2;Libre;;Total CCAA;Navarra, Comunidad Foral de;15
2002;3;1232.8;Libre;;Total CCAA;Navarra, Comunidad Foral de;15
2002;3;1232.8;Libre;;Total CCAA;Navarra, Comunidad Foral de;15
2003;3;1341.5;Libre;;Total CCAA;Navarra, Comunidad Foral de;15
2003;3;1341.5;Libre;;Total CCAA;Navarra, Comunidad Foral de;15
2004;3;1444.1;Libre;;Total CCAA;Navarra, Comunidad Foral de;15
2004;3;1444.1;Libre;;Total CCAA;Navarra, Comunidad Foral de;15
2005;3;1557.4;Libre;;Total CCAA;Navarra, Comunidad Foral de;15
2005;3;1557.4;Libre;;Total CCAA;Navarra, Comunidad Foral de;15
2006;3;1652.4;Libre;;Total CCAA;Navarra, Comunidad Foral de;15
2006;3;1652.4;Libre;;Total CCAA;Navarra, Comunidad Foral de;15
2007;3;1661.6;Libre;;Total CCAA;Navarra, Comunidad Foral de;15
2007;3;1661.6;Libre;;Total CCAA;Navarra, Comunidad Foral de;15
2008;3;1745.8;Libre;;Total CCAA;Navarra, Comunidad Foral de;15
2008;3;1745.8;Libre;;Total CCAA;Navarra, Comunidad Foral de;15
2009;3;1601.8;Libre;;Total CCAA;Navarra, Comunidad Foral de;15
2009;3;1601.8;Libre;;Total CCAA;Navarra, Comunidad Foral de;15
2010;3;1502.1;Libre;;Total CCAA;Navarra, Comunidad Foral de;15
2010;3;1502.1;Libre;;Total CCAA;Navarra, Comunidad Foral de;15
2011;3;1389.6;Libre;;Total CCAA;Navarra, Comunidad Foral de;15
2011;3;1389.6;Libre;;Total CCAA;Navarra, Comunidad Foral de;15
2012;3;1350.2;Libre;;Total CCAA;Navarra, Comunidad Foral de;15
2012;3;1350.2;Libre;;Total CCAA;Navarra, Comunidad Foral de;15
2013;3;1407.6;Libre;;Total CCAA;Navarra, Comunidad Foral de;15
2013;3;1407.6;Libre;;Total CCAA;Navarra, Comunidad Foral de;15
2014;3;1301.5;Libre;;Total CCAA;Navarra, Comunidad Foral de;15
2014;3;1301.5;Libre;;Total CCAA;Navarra, Comunidad Foral de;15
2019;3;1439.9;Libre;;Total CCAA;Navarra, Comunidad Foral de;15
2019;3;1439.9;Libre;;Total CCAA;Navarra, Comunidad Foral de;15
2020;3;1396.2;Libre;;Total CCAA;Navarra, Comunidad Foral de;15
2020;3;1396.2;Libre;;Total CCAA;Navarra, Comunidad Foral de;15
2021;3;1427.6;Libre;;Total CCAA;Navarra, Comunidad Foral de;15
2021;3;1427.6;Libre;;Total CCAA;Navarra, Comunidad Foral de;15
2022;3;1502.3;Libre;;Total CCAA;Navarra, Comunidad Foral de;15
2022;3;1502.3;Libre;;Total CCAA;Navarra, Comunidad Foral de;15
2023;3;1569.7;Libre;;Total CCAA;Navarra, Comunidad Foral de;15
2023;3;1569.7;Libre;;Total CCAA;Navarra, Comunidad Foral de;15
2024;3;1624.6;Libre;;Total CCAA;Navarra, Comunidad Foral de;15
2024;3;1624.6;Libre;;Total CCAA;Navarra, Comunidad Foral de;15
2025;3;1804.7;Libre;;Total CCAA;Navarra, Comunidad Foral de;15
2025;3;1804.7;Libre;;Total CCAA;Navarra, Comunidad Foral de;15
2015;3;1329.2;Libre;;Total CCAA;Navarra, Comunidad Foral de;15
2016;3;1353.4;Libre;;Total CCAA;Navarra, Comunidad Foral de;15
2017;3;1335.9;Libre;;Total CCAA;Navarra, Comunidad Foral de;15
2018;3;1376.7;Libre;;Total CCAA;Navarra, Comunidad Foral de;15
1995;2;742.7;Libre;;Total CCAA;Navarra, Comunidad Foral de;15
1995;2;742.7;Libre;;Total CCAA;Navarra, Comunidad Foral de;15
1996;2;724.4;Libre;;Total CCAA;Navarra, Comunidad Foral de;15
1996;2;724.4;Libre;;Total CCAA;Navarra, Comunidad Foral de;15
1997;2;794.8;Libre;;Total CCAA;Navarra, Comunidad Foral de;15
1997;2;794.8;Libre;;Total CCAA;Navarra, Comunidad Foral de;15
1998;2;800.9;Libre;;Total CCAA;Navarra, Comunidad Foral de;15
1998;2;800.9;Libre;;Total CCAA;Navarra, Comunidad Foral de;15
1999;2;851.5;Libre;;Total CCAA;Navarra, Comunidad Foral de;15
1999;2;851.5;Libre;;Total CCAA;Navarra, Comunidad Foral de;15
2000;2;993.9;Libre;;Total CCAA;Navarra, Comunidad Foral de;15
2000;2;993.9;Libre;;Total CCAA;Navarra, Comunidad Foral de;15
2001;2;1122.5;Libre;;Total CCAA;Navarra, Comunidad Foral de;15
2001;2;1122.5;Libre;;Total CCAA;Navarra, Comunidad Foral de;15
2002;2;1206.7;Libre;;Total CCAA;Navarra, Comunidad Foral de;15
2002;2;1206.7;Libre;;Total CCAA;Navarra, Comunidad Foral de;15
2003;2;1310.9;Libre;;Total CCAA;Navarra, Comunidad Foral de;15
2003;2;1310.9;Libre;;Total CCAA;Navarra, Comunidad Foral de;15
2004;2;1402.8;Libre;;Total CCAA;Navarra, Comunidad Foral de;15
2004;2;1402.8;Libre;;Total CCAA;Navarra, Comunidad Foral de;15
2005;2;1539.1;Libre;;Total CCAA;Navarra, Comunidad Foral de;15
2005;2;1539.1;Libre;;Total CCAA;Navarra, Comunidad Foral de;15
2006;2;1670.8;Libre;;Total CCAA;Navarra, Comunidad Foral de;15
2006;2;1670.8;Libre;;Total CCAA;Navarra, Comunidad Foral de;15
2007;2;1721.3;Libre;;Total CCAA;Navarra, Comunidad Foral de;15
2007;2;1721.3;Libre;;Total CCAA;Navarra, Comunidad Foral de;15
2008;2;1750.4;Libre;;Total CCAA;Navarra, Comunidad Foral de;15
2008;2;1750.4;Libre;;Total CCAA;Navarra, Comunidad Foral de;15
2009;2;1630.2;Libre;;Total CCAA;Navarra, Comunidad Foral de;15
2009;2;1630.2;Libre;;Total CCAA;Navarra, Comunidad Foral de;15
2010;2;1549.5;Libre;;Total CCAA;Navarra, Comunidad Foral de;15
2010;2;1549.5;Libre;;Total CCAA;Navarra, Comunidad Foral de;15
2011;2;1464.3;Libre;;Total CCAA;Navarra, Comunidad Foral de;15
2011;2;1464.3;Libre;;Total CCAA;Navarra, Comunidad Foral de;15
2012;2;1377.8;Libre;;Total CCAA;Navarra, Comunidad Foral de;15
2012;2;1377.8;Libre;;Total CCAA;Navarra, Comunidad Foral de;15
2013;2;1410.4;Libre;;Total CCAA;Navarra, Comunidad Foral de;15
2013;2;1410.4;Libre;;Total CCAA;Navarra, Comunidad Foral de;15
2014;2;1322.3;Libre;;Total CCAA;Navarra, Comunidad Foral de;15
2014;2;1322.3;Libre;;Total CCAA;Navarra, Comunidad Foral de;15
2019;2;1412.2;Libre;;Total CCAA;Navarra, Comunidad Foral de;15
2019;2;1412.2;Libre;;Total CCAA;Navarra, Comunidad Foral de;15
2020;2;1396.3;Libre;;Total CCAA;Navarra, Comunidad Foral de;15
2020;2;1396.3;Libre;;Total CCAA;Navarra, Comunidad Foral de;15
2021;2;1410.4;Libre;;Total CCAA;Navarra, Comunidad Foral de;15
2021;2;1410.4;Libre;;Total CCAA;Navarra, Comunidad Foral de;15
2022;2;1519.8;Libre;;Total CCAA;Navarra, Comunidad Foral de;15
2022;2;1519.8;Libre;;Total CCAA;Navarra, Comunidad Foral de;15
2023;2;1580.5;Libre;;Total CCAA;Navarra, Comunidad Foral de;15
2023;2;1580.5;Libre;;Total CCAA;Navarra, Comunidad Foral de;15
2024;2;1677.5;Libre;;Total CCAA;Navarra, Comunidad Foral de;15
2024;2;1677.5;Libre;;Total CCAA;Navarra, Comunidad Foral de;15
2025;2;1783.9;Libre;;Total CCAA;Navarra, Comunidad Foral de;15
2025;2;1783.9;Libre;;Total CCAA;Navarra, Comunidad Foral de;15
2015;2;1340.1;Libre;;Total CCAA;Navarra, Comunidad Foral de;15
2016;2;1311.1;Libre;;Total CCAA;Navarra, Comunidad Foral de;15
2017;2;1325.4;Libre;;Total CCAA;Navarra, Comunidad Foral de;15
2018;2;1367;Libre;;Total CCAA;Navarra, Comunidad Foral de;15
2026;2;1936.4;Libre;;Total CCAA;Navarra, Comunidad Foral de;15
2026;2;1936.4;Libre;;Total CCAA;Navarra, Comunidad Foral de;15
1995;1;722.8;Libre;;Total CCAA;Navarra, Comunidad Foral de;15
1995;1;722.8;Libre;;Total CCAA;Navarra, Comunidad Foral de;15
1996;1;736.6;Libre;;Total CCAA;Navarra, Comunidad Foral de;15
1996;1;736.6;Libre;;Total CCAA;Navarra, Comunidad Foral de;15
1997;1;744.3;Libre;;Total CCAA;Navarra, Comunidad Foral de;15
1997;1;744.3;Libre;;Total CCAA;Navarra, Comunidad Foral de;15
1998;1;802.5;Libre;;Total CCAA;Navarra, Comunidad Foral de;15
1998;1;802.5;Libre;;Total CCAA;Navarra, Comunidad Foral de;15
1999;1;827;Libre;;Total CCAA;Navarra, Comunidad Foral de;15
1999;1;827;Libre;;Total CCAA;Navarra, Comunidad Foral de;15
2000;1;947.9;Libre;;Total CCAA;Navarra, Comunidad Foral de;15
2000;1;947.9;Libre;;Total CCAA;Navarra, Comunidad Foral de;15
2001;1;1099.5;Libre;;Total CCAA;Navarra, Comunidad Foral de;15
2001;1;1099.5;Libre;;Total CCAA;Navarra, Comunidad Foral de;15
2002;1;1168.5;Libre;;Total CCAA;Navarra, Comunidad Foral de;15
2002;1;1168.5;Libre;;Total CCAA;Navarra, Comunidad Foral de;15
2003;1;1258.8;Libre;;Total CCAA;Navarra, Comunidad Foral de;15
2003;1;1258.8;Libre;;Total CCAA;Navarra, Comunidad Foral de;15
2004;1;1362.9;Libre;;Total CCAA;Navarra, Comunidad Foral de;15
2004;1;1362.9;Libre;;Total CCAA;Navarra, Comunidad Foral de;15
2005;1;1531.4;Libre;;Total CCAA;Navarra, Comunidad Foral de;15
2005;1;1531.4;Libre;;Total CCAA;Navarra, Comunidad Foral de;15
2006;1;1632.5;Libre;;Total CCAA;Navarra, Comunidad Foral de;15
2006;1;1632.5;Libre;;Total CCAA;Navarra, Comunidad Foral de;15
2007;1;1729;Libre;;Total CCAA;Navarra, Comunidad Foral de;15
2007;1;1729;Libre;;Total CCAA;Navarra, Comunidad Foral de;15
2008;1;1751.9;Libre;;Total CCAA;Navarra, Comunidad Foral de;15
2008;1;1751.9;Libre;;Total CCAA;Navarra, Comunidad Foral de;15
2009;1;1687.6;Libre;;Total CCAA;Navarra, Comunidad Foral de;15
2009;1;1687.6;Libre;;Total CCAA;Navarra, Comunidad Foral de;15
2010;1;1615.6;Libre;;Total CCAA;Navarra, Comunidad Foral de;15
2010;1;1615.6;Libre;;Total CCAA;Navarra, Comunidad Foral de;15
2011;1;1482.1;Libre;;Total CCAA;Navarra, Comunidad Foral de;15
2011;1;1482.1;Libre;;Total CCAA;Navarra, Comunidad Foral de;15
2012;1;1405.9;Libre;;Total CCAA;Navarra, Comunidad Foral de;15
2012;1;1405.9;Libre;;Total CCAA;Navarra, Comunidad Foral de;15
2013;1;1399.2;Libre;;Total CCAA;Navarra, Comunidad Foral de;15
2013;1;1399.2;Libre;;Total CCAA;Navarra, Comunidad Foral de;15
2014;1;1349.3;Libre;;Total CCAA;Navarra, Comunidad Foral de;15
2014;1;1349.3;Libre;;Total CCAA;Navarra, Comunidad Foral de;15
2019;1;1417.2;Libre;;Total CCAA;Navarra, Comunidad Foral de;15
2019;1;1417.2;Libre;;Total CCAA;Navarra, Comunidad Foral de;15
2020;1;1434.3;Libre;;Total CCAA;Navarra, Comunidad Foral de;15
2020;1;1434.3;Libre;;Total CCAA;Navarra, Comunidad Foral de;15
2021;1;1418.5;Libre;;Total CCAA;Navarra, Comunidad Foral de;15
2021;1;1418.5;Libre;;Total CCAA;Navarra, Comunidad Foral de;15
2022;1;1509.9;Libre;;Total CCAA;Navarra, Comunidad Foral de;15
2022;1;1509.9;Libre;;Total CCAA;Navarra, Comunidad Foral de;15
2023;1;1560.5;Libre;;Total CCAA;Navarra, Comunidad Foral de;15
2023;1;1560.5;Libre;;Total CCAA;Navarra, Comunidad Foral de;15
2024;1;1643.6;Libre;;Total CCAA;Navarra, Comunidad Foral de;15
2024;1;1643.6;Libre;;Total CCAA;Navarra, Comunidad Foral de;15
2025;1;1719.4;Libre;;Total CCAA;Navarra, Comunidad Foral de;15
2025;1;1719.4;Libre;;Total CCAA;Navarra, Comunidad Foral de;15
2015;1;1306.8;Libre;;Total CCAA;Navarra, Comunidad Foral de;15
2016;1;1308.3;Libre;;Total CCAA;Navarra, Comunidad Foral de;15
2017;1;1342.2;Libre;;Total CCAA;Navarra, Comunidad Foral de;15
2018;1;1325.1;Libre;;Total CCAA;Navarra, Comunidad Foral de;15
2026;1;1934.3;Libre;;Total CCAA;Navarra, Comunidad Foral de;15
2026;1;1934.3;Libre;;Total CCAA;Navarra, Comunidad Foral de;15
1995;3;495.3;Libre;;Total CCAA;Andalucía;1
1996;3;505;Libre;;Total CCAA;Andalucía;1
1997;3;510.6;Libre;;Total CCAA;Andalucía;1
1998;3;548.1;Libre;;Total CCAA;Andalucía;1
1999;3;601;Libre;;Total CCAA;Andalucía;1
2000;3;680.3;Libre;;Total CCAA;Andalucía;1
2001;3;787.4;Libre;;Total CCAA;Andalucía;1
2002;3;926.5;Libre;;Total CCAA;Andalucía;1
2003;3;1090.7;Libre;;Total CCAA;Andalucía;1
2004;3;1303.6;Libre;;Total CCAA;Andalucía;1
2005;3;1490.8;Libre;;Total CCAA;Andalucía;1
2006;3;1643;Libre;;Total CCAA;Andalucía;1
2007;3;1752.9;Libre;;Total CCAA;Andalucía;1
2008;3;1780.7;Libre;;Total CCAA;Andalucía;1
2009;3;1634.7;Libre;;Total CCAA;Andalucía;1
2010;3;1561.3;Libre;;Total CCAA;Andalucía;1
2011;3;1480.9;Libre;;Total CCAA;Andalucía;1
2012;3;1322.3;Libre;;Total CCAA;Andalucía;1
2013;3;1237.6;Libre;;Total CCAA;Andalucía;1
2014;3;1206.4;Libre;;Total CCAA;Andalucía;1
2015;3;1218.9;Libre;;Total CCAA;Andalucía;1
2016;3;1212.8;Libre;;Total CCAA;Andalucía;1
2017;3;1222.7;Libre;;Total CCAA;Andalucía;1
2018;3;1267.6;Libre;;Total CCAA;Andalucía;1
2019;3;1309.1;Libre;;Total CCAA;Andalucía;1
2020;3;1290.4;Libre;;Total CCAA;Andalucía;1
2021;3;1351.5;Libre;;Total CCAA;Andalucía;1
2022;3;1414.3;Libre;;Total CCAA;Andalucía;1
2023;3;1501.1;Libre;;Total CCAA;Andalucía;1
2024;3;1597.7;Libre;;Total CCAA;Andalucía;1
2025;3;1804;Libre;;Total CCAA;Andalucía;1
1995;3;590.1;Libre;;Total CCAA;Aragón;2
1996;3;599;Libre;;Total CCAA;Aragón;2
1997;3;585.6;Libre;;Total CCAA;Aragón;2
1998;3;642.3;Libre;;Total CCAA;Aragón;2
1999;3;715.5;Libre;;Total CCAA;Aragón;2
2000;3;848.5;Libre;;Total CCAA;Aragón;2
2001;3;942.6;Libre;;Total CCAA;Aragón;2
2002;3;1084.5;Libre;;Total CCAA;Aragón;2
2003;3;1199.5;Libre;;Total CCAA;Aragón;2
2004;3;1386.2;Libre;;Total CCAA;Aragón;2
2005;3;1613.3;Libre;;Total CCAA;Aragón;2
2006;3;1847.3;Libre;;Total CCAA;Aragón;2
2007;3;1907.6;Libre;;Total CCAA;Aragón;2
2008;3;1877.7;Libre;;Total CCAA;Aragón;2
2009;3;1697.1;Libre;;Total CCAA;Aragón;2
2010;3;1667.6;Libre;;Total CCAA;Aragón;2
2011;3;1524.5;Libre;;Total CCAA;Aragón;2
2012;3;1350.9;Libre;;Total CCAA;Aragón;2
2013;3;1209.3;Libre;;Total CCAA;Aragón;2
2014;3;1157.8;Libre;;Total CCAA;Aragón;2
2015;3;1193.2;Libre;;Total CCAA;Aragón;2
2016;3;1175.3;Libre;;Total CCAA;Aragón;2
2017;3;1168.8;Libre;;Total CCAA;Aragón;2
2018;3;1179.9;Libre;;Total CCAA;Aragón;2
2019;3;1230;Libre;;Total CCAA;Aragón;2
2020;3;1194.3;Libre;;Total CCAA;Aragón;2
2021;3;1211.6;Libre;;Total CCAA;Aragón;2
2022;3;1267.5;Libre;;Total CCAA;Aragón;2
2023;3;1320.3;Libre;;Total CCAA;Aragón;2
2024;3;1406;Libre;;Total CCAA;Aragón;2
2025;3;1589;Libre;;Total CCAA;Aragón;2
1995;3;643.7;Libre;;Total CCAA;Asturias, Principado de;3
1996;3;679.3;Libre;;Total CCAA;Asturias, Principado de;3
1997;3;695;Libre;;Total CCAA;Asturias, Principado de;3
1998;3;714.9;Libre;;Total CCAA;Asturias, Principado de;3
1999;3;786.1;Libre;;Total CCAA;Asturias, Principado de;3
2000;3;873;Libre;;Total CCAA;Asturias, Principado de;3
2001;3;948.5;Libre;;Total CCAA;Asturias, Principado de;3
2002;3;1058.1;Libre;;Total CCAA;Asturias, Principado de;3
2003;3;1167.8;Libre;;Total CCAA;Asturias, Principado de;3
2004;3;1301.6;Libre;;Total CCAA;Asturias, Principado de;3
2005;3;1480.3;Libre;;Total CCAA;Asturias, Principado de;3
2006;3;1607.8;Libre;;Total CCAA;Asturias, Principado de;3
2007;3;1748.8;Libre;;Total CCAA;Asturias, Principado de;3
2008;3;1768.7;Libre;;Total CCAA;Asturias, Principado de;3
2009;3;1586.8;Libre;;Total CCAA;Asturias, Principado de;3
2010;3;1616.4;Libre;;Total CCAA;Asturias, Principado de;3
2011;3;1595.4;Libre;;Total CCAA;Asturias, Principado de;3
2012;3;1512.9;Libre;;Total CCAA;Asturias, Principado de;3
2013;3;1360.6;Libre;;Total CCAA;Asturias, Principado de;3
2014;3;1306.4;Libre;;Total CCAA;Asturias, Principado de;3
2015;3;1259.9;Libre;;Total CCAA;Asturias, Principado de;3
2016;3;1279.2;Libre;;Total CCAA;Asturias, Principado de;3
2017;3;1288.7;Libre;;Total CCAA;Asturias, Principado de;3
2018;3;1276.6;Libre;;Total CCAA;Asturias, Principado de;3
2019;3;1268.7;Libre;;Total CCAA;Asturias, Principado de;3
2020;3;1275.6;Libre;;Total CCAA;Asturias, Principado de;3
2021;3;1293.5;Libre;;Total CCAA;Asturias, Principado de;3
2022;3;1298.8;Libre;;Total CCAA;Asturias, Principado de;3
2023;3;1363.4;Libre;;Total CCAA;Asturias, Principado de;3
2024;3;1435.8;Libre;;Total CCAA;Asturias, Principado de;3
2025;3;1638.1;Libre;;Total CCAA;Asturias, Principado de;3
1995;3;593.8;Libre;;Total CCAA;Canarias;5
1996;3;622.8;Libre;;Total CCAA;Canarias;5
1997;3;676.2;Libre;;Total CCAA;Canarias;5
1998;3;744.9;Libre;;Total CCAA;Canarias;5
1999;3;850.3;Libre;;Total CCAA;Canarias;5
2000;3;972.4;Libre;;Total CCAA;Canarias;5
2001;3;1089.9;Libre;;Total CCAA;Canarias;5
2002;3;1184.6;Libre;;Total CCAA;Canarias;5
2003;3;1311.3;Libre;;Total CCAA;Canarias;5
2004;3;1431.9;Libre;;Total CCAA;Canarias;5
2005;3;1567.7;Libre;;Total CCAA;Canarias;5
2006;3;1700.5;Libre;;Total CCAA;Canarias;5
2007;3;1809.4;Libre;;Total CCAA;Canarias;5
2008;3;1765.6;Libre;;Total CCAA;Canarias;5
2009;3;1673;Libre;;Total CCAA;Canarias;5
2010;3;1559.5;Libre;;Total CCAA;Canarias;5
2011;3;1498.5;Libre;;Total CCAA;Canarias;5
2012;3;1323.9;Libre;;Total CCAA;Canarias;5
2013;3;1282.4;Libre;;Total CCAA;Canarias;5
2014;3;1281;Libre;;Total CCAA;Canarias;5
2015;3;1311.7;Libre;;Total CCAA;Canarias;5
2016;3;1345.7;Libre;;Total CCAA;Canarias;5
2017;3;1419.6;Libre;;Total CCAA;Canarias;5
2018;3;1486.1;Libre;;Total CCAA;Canarias;5
2019;3;1516.6;Libre;;Total CCAA;Canarias;5
2020;3;1494.5;Libre;;Total CCAA;Canarias;5
2021;3;1546.5;Libre;;Total CCAA;Canarias;5
2022;3;1602.3;Libre;;Total CCAA;Canarias;5
2023;3;1733.4;Libre;;Total CCAA;Canarias;5
2024;3;1837.3;Libre;;Total CCAA;Canarias;5
2025;3;2067.6;Libre;;Total CCAA;Canarias;5
1995;3;641.4;Libre;;Total CCAA;Castilla y León;7
1996;3;636.5;Libre;;Total CCAA;Castilla y León;7
1997;3;646.3;Libre;;Total CCAA;Castilla y León;7
1998;3;686.9;Libre;;Total CCAA;Castilla y León;7
1999;3;736.1;Libre;;Total CCAA;Castilla y León;7
2000;3;813.5;Libre;;Total CCAA;Castilla y León;7
2001;3;877.4;Libre;;Total CCAA;Castilla y León;7
2002;3;959.7;Libre;;Total CCAA;Castilla y León;7
2003;3;1040.8;Libre;;Total CCAA;Castilla y León;7
2004;3;1162.4;Libre;;Total CCAA;Castilla y León;7
2005;3;1297.6;Libre;;Total CCAA;Castilla y León;7
2006;3;1424.2;Libre;;Total CCAA;Castilla y León;7
2007;3;1505.3;Libre;;Total CCAA;Castilla y León;7
2008;3;1489.3;Libre;;Total CCAA;Castilla y León;7
2009;3;1382.9;Libre;;Total CCAA;Castilla y León;7
2010;3;1369;Libre;;Total CCAA;Castilla y León;7
2011;3;1285.6;Libre;;Total CCAA;Castilla y León;7
2012;3;1206.6;Libre;;Total CCAA;Castilla y León;7
2013;3;1101.1;Libre;;Total CCAA;Castilla y León;7
2014;3;1058.1;Libre;;Total CCAA;Castilla y León;7
2015;3;1063.1;Libre;;Total CCAA;Castilla y León;7
2016;3;1048.4;Libre;;Total CCAA;Castilla y León;7
2017;3;1042.8;Libre;;Total CCAA;Castilla y León;7
2018;3;1037.1;Libre;;Total CCAA;Castilla y León;7
2019;3;1037.5;Libre;;Total CCAA;Castilla y León;7
2020;3;1024.8;Libre;;Total CCAA;Castilla y León;7
2021;3;1030.2;Libre;;Total CCAA;Castilla y León;7
2022;3;1044.9;Libre;;Total CCAA;Castilla y León;7
2023;3;1054;Libre;;Total CCAA;Castilla y León;7
2024;3;1096.6;Libre;;Total CCAA;Castilla y León;7
2025;3;1203.7;Libre;;Total CCAA;Castilla y León;7
1995;3;503;Libre;;Total CCAA;Castilla-La Mancha;8
1996;3;527.8;Libre;;Total CCAA;Castilla-La Mancha;8
1997;3;539.6;Libre;;Total CCAA;Castilla-La Mancha;8
1998;3;531.3;Libre;;Total CCAA;Castilla-La Mancha;8
1999;3;563.2;Libre;;Total CCAA;Castilla-La Mancha;8
2000;3;612.8;Libre;;Total CCAA;Castilla-La Mancha;8
2001;3;681.3;Libre;;Total CCAA;Castilla-La Mancha;8
2002;3;778.1;Libre;;Total CCAA;Castilla-La Mancha;8
2003;3;889.1;Libre;;Total CCAA;Castilla-La Mancha;8
2004;3;1047.3;Libre;;Total CCAA;Castilla-La Mancha;8
2005;3;1255.1;Libre;;Total CCAA;Castilla-La Mancha;8
2006;3;1362.5;Libre;;Total CCAA;Castilla-La Mancha;8
2007;3;1433.4;Libre;;Total CCAA;Castilla-La Mancha;8
2008;3;1388.5;Libre;;Total CCAA;Castilla-La Mancha;8
2009;3;1223.6;Libre;;Total CCAA;Castilla-La Mancha;8
2010;3;1240.3;Libre;;Total CCAA;Castilla-La Mancha;8
2011;3;1161.7;Libre;;Total CCAA;Castilla-La Mancha;8
2012;3;1038.6;Libre;;Total CCAA;Castilla-La Mancha;8
2013;3;928.5;Libre;;Total CCAA;Castilla-La Mancha;8
2014;3;890.2;Libre;;Total CCAA;Castilla-La Mancha;8
2015;3;881.7;Libre;;Total CCAA;Castilla-La Mancha;8
2016;3;872.9;Libre;;Total CCAA;Castilla-La Mancha;8
2017;3;873.9;Libre;;Total CCAA;Castilla-La Mancha;8
2018;3;875.2;Libre;;Total CCAA;Castilla-La Mancha;8
2019;3;884.5;Libre;;Total CCAA;Castilla-La Mancha;8
2020;3;875.3;Libre;;Total CCAA;Castilla-La Mancha;8
2021;3;887.1;Libre;;Total CCAA;Castilla-La Mancha;8
2022;3;913.2;Libre;;Total CCAA;Castilla-La Mancha;8
2023;3;947.8;Libre;;Total CCAA;Castilla-La Mancha;8
2024;3;977.7;Libre;;Total CCAA;Castilla-La Mancha;8
2025;3;1079.8;Libre;;Total CCAA;Castilla-La Mancha;8
1995;3;750.4;Libre;;Total CCAA;Cataluña;9
1996;3;765.9;Libre;;Total CCAA;Cataluña;9
1997;3;792.9;Libre;;Total CCAA;Cataluña;9
1998;3;860.4;Libre;;Total CCAA;Cataluña;9
1999;3;974.2;Libre;;Total CCAA;Cataluña;9
2000;3;1107.3;Libre;;Total CCAA;Cataluña;9
2001;3;1230.8;Libre;;Total CCAA;Cataluña;9
2002;3;1363.9;Libre;;Total CCAA;Cataluña;9
2003;3;1562.6;Libre;;Total CCAA;Cataluña;9
2004;3;1838.4;Libre;;Total CCAA;Cataluña;9
2005;3;2037.1;Libre;;Total CCAA;Cataluña;9
2006;3;2278.3;Libre;;Total CCAA;Cataluña;9
2007;3;2399.8;Libre;;Total CCAA;Cataluña;9
2008;3;2470.8;Libre;;Total CCAA;Cataluña;9
2009;3;2260.9;Libre;;Total CCAA;Cataluña;9
2010;3;2222.3;Libre;;Total CCAA;Cataluña;9
2011;3;2077;Libre;;Total CCAA;Cataluña;9
2012;3;1845.9;Libre;;Total CCAA;Cataluña;9
2013;3;1681.4;Libre;;Total CCAA;Cataluña;9
2014;3;1662.9;Libre;;Total CCAA;Cataluña;9
2015;3;1682.1;Libre;;Total CCAA;Cataluña;9
2016;3;1762.1;Libre;;Total CCAA;Cataluña;9
2017;3;1871.4;Libre;;Total CCAA;Cataluña;9
2018;3;1961.4;Libre;;Total CCAA;Cataluña;9
2019;3;2028.6;Libre;;Total CCAA;Cataluña;9
2020;3;1998.9;Libre;;Total CCAA;Cataluña;9
2021;3;2037.6;Libre;;Total CCAA;Cataluña;9
2022;3;2129.7;Libre;;Total CCAA;Cataluña;9
2023;3;2198.7;Libre;;Total CCAA;Cataluña;9
2024;3;2303.2;Libre;;Total CCAA;Cataluña;9
2025;3;2548;Libre;;Total CCAA;Cataluña;9
1995;3;488.6;Libre;;Total CCAA;Comunitat Valenciana;10
1996;3;508.9;Libre;;Total CCAA;Comunitat Valenciana;10
1997;3;522.4;Libre;;Total CCAA;Comunitat Valenciana;10
1998;3;566.9;Libre;;Total CCAA;Comunitat Valenciana;10
1999;3;625;Libre;;Total CCAA;Comunitat Valenciana;10
2000;3;710;Libre;;Total CCAA;Comunitat Valenciana;10
2001;3;811.2;Libre;;Total CCAA;Comunitat Valenciana;10
2002;3;953;Libre;;Total CCAA;Comunitat Valenciana;10
2003;3;1085.2;Libre;;Total CCAA;Comunitat Valenciana;10
2004;3;1252.6;Libre;;Total CCAA;Comunitat Valenciana;10
2005;3;1456.7;Libre;;Total CCAA;Comunitat Valenciana;10
2006;3;1573.9;Libre;;Total CCAA;Comunitat Valenciana;10
2007;3;1641.4;Libre;;Total CCAA;Comunitat Valenciana;10
2008;3;1658.9;Libre;;Total CCAA;Comunitat Valenciana;10
2009;3;1542.8;Libre;;Total CCAA;Comunitat Valenciana;10
2010;3;1433.5;Libre;;Total CCAA;Comunitat Valenciana;10
2011;3;1357.9;Libre;;Total CCAA;Comunitat Valenciana;10
2012;3;1204.1;Libre;;Total CCAA;Comunitat Valenciana;10
2013;3;1154.1;Libre;;Total CCAA;Comunitat Valenciana;10
2014;3;1116;Libre;;Total CCAA;Comunitat Valenciana;10
2015;3;1139.6;Libre;;Total CCAA;Comunitat Valenciana;10
2016;3;1161.2;Libre;;Total CCAA;Comunitat Valenciana;10
2017;3;1144.5;Libre;;Total CCAA;Comunitat Valenciana;10
2018;3;1167.4;Libre;;Total CCAA;Comunitat Valenciana;10
2019;3;1217.1;Libre;;Total CCAA;Comunitat Valenciana;10
2020;3;1208.3;Libre;;Total CCAA;Comunitat Valenciana;10
2021;3;1254.8;Libre;;Total CCAA;Comunitat Valenciana;10
2022;3;1313;Libre;;Total CCAA;Comunitat Valenciana;10
2023;3;1398.9;Libre;;Total CCAA;Comunitat Valenciana;10
2024;3;1514.5;Libre;;Total CCAA;Comunitat Valenciana;10
2025;3;1734.8;Libre;;Total CCAA;Comunitat Valenciana;10
1995;3;399.8;Libre;;Total CCAA;Extremadura;11
1996;3;412.3;Libre;;Total CCAA;Extremadura;11
1997;3;403.9;Libre;;Total CCAA;Extremadura;11
1998;3;433.2;Libre;;Total CCAA;Extremadura;11
1999;3;457.5;Libre;;Total CCAA;Extremadura;11
2000;3;488.4;Libre;;Total CCAA;Extremadura;11
2001;3;551.1;Libre;;Total CCAA;Extremadura;11
2002;3;608;Libre;;Total CCAA;Extremadura;11
2003;3;674.9;Libre;;Total CCAA;Extremadura;11
2004;3;768.6;Libre;;Total CCAA;Extremadura;11
2005;3;864.2;Libre;;Total CCAA;Extremadura;11
2006;3;952.5;Libre;;Total CCAA;Extremadura;11
2007;3;1022;Libre;;Total CCAA;Extremadura;11
2008;3;1023.6;Libre;;Total CCAA;Extremadura;11
2009;3;1019.4;Libre;;Total CCAA;Extremadura;11
2010;3;985.2;Libre;;Total CCAA;Extremadura;11
2011;3;994.9;Libre;;Total CCAA;Extremadura;11
2012;3;873.8;Libre;;Total CCAA;Extremadura;11
2013;3;898.5;Libre;;Total CCAA;Extremadura;11
2014;3;849.4;Libre;;Total CCAA;Extremadura;11
2015;3;863;Libre;;Total CCAA;Extremadura;11
2016;3;856;Libre;;Total CCAA;Extremadura;11
2017;3;854.5;Libre;;Total CCAA;Extremadura;11
2018;3;856.1;Libre;;Total CCAA;Extremadura;11
2019;3;865.9;Libre;;Total CCAA;Extremadura;11
2020;3;844.4;Libre;;Total CCAA;Extremadura;11
2021;3;856.6;Libre;;Total CCAA;Extremadura;11
2022;3;867.6;Libre;;Total CCAA;Extremadura;11
2023;3;868.5;Libre;;Total CCAA;Extremadura;11
2024;3;901.6;Libre;;Total CCAA;Extremadura;11
2025;3;936.2;Libre;;Total CCAA;Extremadura;11
1995;3;599.4;Libre;;Total CCAA;Galicia;12
1996;3;606.3;Libre;;Total CCAA;Galicia;12
1997;3;618.8;Libre;;Total CCAA;Galicia;12
1998;3;658.9;Libre;;Total CCAA;Galicia;12
1999;3;678.3;Libre;;Total CCAA;Galicia;12
2000;3;741.2;Libre;;Total CCAA;Galicia;12
2001;3;788.1;Libre;;Total CCAA;Galicia;12
2002;3;873.9;Libre;;Total CCAA;Galicia;12
2003;3;952.9;Libre;;Total CCAA;Galicia;12
2004;3;1091.3;Libre;;Total CCAA;Galicia;12
2005;3;1238.8;Libre;;Total CCAA;Galicia;12
2006;3;1415.7;Libre;;Total CCAA;Galicia;12
2007;3;1516.8;Libre;;Total CCAA;Galicia;12
2008;3;1566;Libre;;Total CCAA;Galicia;12
2009;3;1426.4;Libre;;Total CCAA;Galicia;12
2010;3;1440.3;Libre;;Total CCAA;Galicia;12
2011;3;1396.9;Libre;;Total CCAA;Galicia;12
2012;3;1255.7;Libre;;Total CCAA;Galicia;12
2013;3;1204.6;Libre;;Total CCAA;Galicia;12
2014;3;1167.2;Libre;;Total CCAA;Galicia;12
2015;3;1179.6;Libre;;Total CCAA;Galicia;12
2016;3;1185.4;Libre;;Total CCAA;Galicia;12
2017;3;1198.8;Libre;;Total CCAA;Galicia;12
2018;3;1177.9;Libre;;Total CCAA;Galicia;12
2019;3;1197.4;Libre;;Total CCAA;Galicia;12
2020;3;1201.6;Libre;;Total CCAA;Galicia;12
2021;3;1212.5;Libre;;Total CCAA;Galicia;12
2022;3;1267.7;Libre;;Total CCAA;Galicia;12
2023;3;1303.3;Libre;;Total CCAA;Galicia;12
2024;3;1386.7;Libre;;Total CCAA;Galicia;12
2025;3;1517.5;Libre;;Total CCAA;Galicia;12
1995;3;1086.2;Libre;;Total CCAA;Madrid, Comunidad de;13
1996;3;1065.3;Libre;;Total CCAA;Madrid, Comunidad de;13
1997;3;1052.2;Libre;;Total CCAA;Madrid, Comunidad de;13
1998;3;1062.7;Libre;;Total CCAA;Madrid, Comunidad de;13
1999;3;1141.2;Libre;;Total CCAA;Madrid, Comunidad de;13
2000;3;1298.2;Libre;;Total CCAA;Madrid, Comunidad de;13
2001;3;1465.7;Libre;;Total CCAA;Madrid, Comunidad de;13
2002;3;1727.5;Libre;;Total CCAA;Madrid, Comunidad de;13
2003;3;2122.7;Libre;;Total CCAA;Madrid, Comunidad de;13
2004;3;2423.7;Libre;;Total CCAA;Madrid, Comunidad de;13
2005;3;2719.5;Libre;;Total CCAA;Madrid, Comunidad de;13
2006;3;2915.8;Libre;;Total CCAA;Madrid, Comunidad de;13
2007;3;3004.8;Libre;;Total CCAA;Madrid, Comunidad de;13
2008;3;2894.8;Libre;;Total CCAA;Madrid, Comunidad de;13
2009;3;2669.7;Libre;;Total CCAA;Madrid, Comunidad de;13
2010;3;2507.5;Libre;;Total CCAA;Madrid, Comunidad de;13
2011;3;2295.1;Libre;;Total CCAA;Madrid, Comunidad de;13
2012;3;2035.8;Libre;;Total CCAA;Madrid, Comunidad de;13
2013;3;2042.8;Libre;;Total CCAA;Madrid, Comunidad de;13
2014;3;2006.2;Libre;;Total CCAA;Madrid, Comunidad de;13
2015;3;2075.7;Libre;;Total CCAA;Madrid, Comunidad de;13
2016;3;2165.4;Libre;;Total CCAA;Madrid, Comunidad de;13
2017;3;2305.2;Libre;;Total CCAA;Madrid, Comunidad de;13
2018;3;2496.7;Libre;;Total CCAA;Madrid, Comunidad de;13
2019;3;2611.1;Libre;;Total CCAA;Madrid, Comunidad de;13
2020;3;2610.3;Libre;;Total CCAA;Madrid, Comunidad de;13
2021;3;2684.9;Libre;;Total CCAA;Madrid, Comunidad de;13
2022;3;2873.9;Libre;;Total CCAA;Madrid, Comunidad de;13
2023;3;3008.1;Libre;;Total CCAA;Madrid, Comunidad de;13
2024;3;3274.6;Libre;;Total CCAA;Madrid, Comunidad de;13
2025;3;3732.5;Libre;;Total CCAA;Madrid, Comunidad de;13
1995;3;926.5;Libre;;Total CCAA;País Vasco;16
1996;3;970.5;Libre;;Total CCAA;País Vasco;16
1997;3;943.6;Libre;;Total CCAA;País Vasco;16
1998;3;1009.6;Libre;;Total CCAA;País Vasco;16
1999;3;1215;Libre;;Total CCAA;País Vasco;16
2000;3;1471.6;Libre;;Total CCAA;País Vasco;16
2001;3;1689.2;Libre;;Total CCAA;País Vasco;16
2002;3;1906.8;Libre;;Total CCAA;País Vasco;16
2003;3;2102.4;Libre;;Total CCAA;País Vasco;16
2004;3;2305.3;Libre;;Total CCAA;País Vasco;16
2005;3;2537.5;Libre;;Total CCAA;País Vasco;16
2006;3;2816.2;Libre;;Total CCAA;País Vasco;16
2007;3;2954.6;Libre;;Total CCAA;País Vasco;16
2008;3;3023.7;Libre;;Total CCAA;País Vasco;16
2009;3;2767.3;Libre;;Total CCAA;País Vasco;16
2010;3;2620.6;Libre;;Total CCAA;País Vasco;16
2011;3;2599.1;Libre;;Total CCAA;País Vasco;16
2012;3;2507.5;Libre;;Total CCAA;País Vasco;16
2013;3;2506.3;Libre;;Total CCAA;País Vasco;16
2014;3;2438.6;Libre;;Total CCAA;País Vasco;16
2015;3;2405.1;Libre;;Total CCAA;País Vasco;16
2016;3;2361.9;Libre;;Total CCAA;País Vasco;16
2017;3;2366.8;Libre;;Total CCAA;País Vasco;16
2018;3;2339.3;Libre;;Total CCAA;País Vasco;16
2019;3;2402.8;Libre;;Total CCAA;País Vasco;16
2020;3;2343.5;Libre;;Total CCAA;País Vasco;16
2021;3;2421.3;Libre;;Total CCAA;País Vasco;16
2022;3;2523.9;Libre;;Total CCAA;País Vasco;16
2023;3;2528.7;Libre;;Total CCAA;País Vasco;16
2024;3;2582.7;Libre;;Total CCAA;País Vasco;16
2025;3;2866.1;Libre;;Total CCAA;País Vasco;16
1995;2;514.7;Libre;;Total CCAA;Andalucía;1
1996;2;503.6;Libre;;Total CCAA;Andalucía;1
1997;2;516.1;Libre;;Total CCAA;Andalucía;1
1998;2;537;Libre;;Total CCAA;Andalucía;1
1999;2;584.3;Libre;;Total CCAA;Andalucía;1
2000;2;663.6;Libre;;Total CCAA;Andalucía;1
2001;2;767.9;Libre;;Total CCAA;Andalucía;1
2002;2;880.6;Libre;;Total CCAA;Andalucía;1
2003;2;1037.8;Libre;;Total CCAA;Andalucía;1
2004;2;1261.8;Libre;;Total CCAA;Andalucía;1
2005;2;1463.5;Libre;;Total CCAA;Andalucía;1
2006;2;1626.3;Libre;;Total CCAA;Andalucía;1
2007;2;1740.4;Libre;;Total CCAA;Andalucía;1
2008;2;1805.8;Libre;;Total CCAA;Andalucía;1
2009;2;1666;Libre;;Total CCAA;Andalucía;1
2010;2;1590.1;Libre;;Total CCAA;Andalucía;1
2011;2;1514.2;Libre;;Total CCAA;Andalucía;1
2012;2;1344.7;Libre;;Total CCAA;Andalucía;1
2013;2;1259;Libre;;Total CCAA;Andalucía;1
2014;2;1207.1;Libre;;Total CCAA;Andalucía;1
2015;2;1213;Libre;;Total CCAA;Andalucía;1
2016;2;1223.2;Libre;;Total CCAA;Andalucía;1
2017;2;1232.7;Libre;;Total CCAA;Andalucía;1
2018;2;1261.5;Libre;;Total CCAA;Andalucía;1
2019;2;1304.3;Libre;;Total CCAA;Andalucía;1
2020;2;1292.4;Libre;;Total CCAA;Andalucía;1
2021;2;1327.9;Libre;;Total CCAA;Andalucía;1
2022;2;1397.1;Libre;;Total CCAA;Andalucía;1
2023;2;1477.2;Libre;;Total CCAA;Andalucía;1
2024;2;1588.7;Libre;;Total CCAA;Andalucía;1
2025;2;1741.4;Libre;;Total CCAA;Andalucía;1
2026;2;1981.6;Libre;;Total CCAA;Andalucía;1
1995;2;570.6;Libre;;Total CCAA;Aragón;2
1996;2;581.1;Libre;;Total CCAA;Aragón;2
1997;2;581.1;Libre;;Total CCAA;Aragón;2
1998;2;602;Libre;;Total CCAA;Aragón;2
1999;2;711;Libre;;Total CCAA;Aragón;2
2000;2;815.6;Libre;;Total CCAA;Aragón;2
2001;2;914.2;Libre;;Total CCAA;Aragón;2
2002;2;1047.2;Libre;;Total CCAA;Aragón;2
2003;2;1186.1;Libre;;Total CCAA;Aragón;2
2004;2;1374.3;Libre;;Total CCAA;Aragón;2
2005;2;1604.3;Libre;;Total CCAA;Aragón;2
2006;2;1829.9;Libre;;Total CCAA;Aragón;2
2007;2;1937.5;Libre;;Total CCAA;Aragón;2
2008;2;1935.5;Libre;;Total CCAA;Aragón;2
2009;2;1723.2;Libre;;Total CCAA;Aragón;2
2010;2;1663.6;Libre;;Total CCAA;Aragón;2
2011;2;1544.6;Libre;;Total CCAA;Aragón;2
2012;2;1404.3;Libre;;Total CCAA;Aragón;2
2013;2;1236.7;Libre;;Total CCAA;Aragón;2
2014;2;1170.7;Libre;;Total CCAA;Aragón;2
2015;2;1212.1;Libre;;Total CCAA;Aragón;2
2016;2;1188.5;Libre;;Total CCAA;Aragón;2
2017;2;1152.8;Libre;;Total CCAA;Aragón;2
2018;2;1186.9;Libre;;Total CCAA;Aragón;2
2019;2;1223.9;Libre;;Total CCAA;Aragón;2
2020;2;1179;Libre;;Total CCAA;Aragón;2
2021;2;1195.1;Libre;;Total CCAA;Aragón;2
2022;2;1274.8;Libre;;Total CCAA;Aragón;2
2023;2;1285.9;Libre;;Total CCAA;Aragón;2
2024;2;1392;Libre;;Total CCAA;Aragón;2
2025;2;1537.6;Libre;;Total CCAA;Aragón;2
2026;2;1762.8;Libre;;Total CCAA;Aragón;2
1995;2;635.1;Libre;;Total CCAA;Asturias, Principado de;3
1996;2;666.5;Libre;;Total CCAA;Asturias, Principado de;3
1997;2;685;Libre;;Total CCAA;Asturias, Principado de;3
1998;2;712.1;Libre;;Total CCAA;Asturias, Principado de;3
1999;2;767.6;Libre;;Total CCAA;Asturias, Principado de;3
2000;2;851.6;Libre;;Total CCAA;Asturias, Principado de;3
2001;2;932.8;Libre;;Total CCAA;Asturias, Principado de;3
2002;2;1021.1;Libre;;Total CCAA;Asturias, Principado de;3
2003;2;1133.6;Libre;;Total CCAA;Asturias, Principado de;3
2004;2;1301.6;Libre;;Total CCAA;Asturias, Principado de;3
2005;2;1435.5;Libre;;Total CCAA;Asturias, Principado de;3
2006;2;1612.1;Libre;;Total CCAA;Asturias, Principado de;3
2007;2;1727.4;Libre;;Total CCAA;Asturias, Principado de;3
2008;2;1781.5;Libre;;Total CCAA;Asturias, Principado de;3
2009;2;1611.5;Libre;;Total CCAA;Asturias, Principado de;3
2010;2;1649.1;Libre;;Total CCAA;Asturias, Principado de;3
2011;2;1616.4;Libre;;Total CCAA;Asturias, Principado de;3
2012;2;1515.5;Libre;;Total CCAA;Asturias, Principado de;3
2013;2;1360.6;Libre;;Total CCAA;Asturias, Principado de;3
2014;2;1307.1;Libre;;Total CCAA;Asturias, Principado de;3
2015;2;1271.2;Libre;;Total CCAA;Asturias, Principado de;3
2016;2;1266.3;Libre;;Total CCAA;Asturias, Principado de;3
2017;2;1254;Libre;;Total CCAA;Asturias, Principado de;3
2018;2;1274.2;Libre;;Total CCAA;Asturias, Principado de;3
2019;2;1303.7;Libre;;Total CCAA;Asturias, Principado de;3
2020;2;1270.5;Libre;;Total CCAA;Asturias, Principado de;3
2021;2;1285.3;Libre;;Total CCAA;Asturias, Principado de;3
2022;2;1319.5;Libre;;Total CCAA;Asturias, Principado de;3
2023;2;1361.8;Libre;;Total CCAA;Asturias, Principado de;3
2024;2;1400.4;Libre;;Total CCAA;Asturias, Principado de;3
2025;2;1577.9;Libre;;Total CCAA;Asturias, Principado de;3
2026;2;1798.5;Libre;;Total CCAA;Asturias, Principado de;3
1995;2;598.4;Libre;;Total CCAA;Canarias;5
1996;2;613.7;Libre;;Total CCAA;Canarias;5
1997;2;674.7;Libre;;Total CCAA;Canarias;5
1998;2;726.6;Libre;;Total CCAA;Canarias;5
1999;2;833.5;Libre;;Total CCAA;Canarias;5
2000;2;952.5;Libre;;Total CCAA;Canarias;5
2001;2;1077.7;Libre;;Total CCAA;Canarias;5
2002;2;1173.9;Libre;;Total CCAA;Canarias;5
2003;2;1268.5;Libre;;Total CCAA;Canarias;5
2004;2;1376.9;Libre;;Total CCAA;Canarias;5
2005;2;1570.8;Libre;;Total CCAA;Canarias;5
2006;2;1695.9;Libre;;Total CCAA;Canarias;5
2007;2;1797.6;Libre;;Total CCAA;Canarias;5
2008;2;1841;Libre;;Total CCAA;Canarias;5
2009;2;1683.2;Libre;;Total CCAA;Canarias;5
2010;2;1561.6;Libre;;Total CCAA;Canarias;5
2011;2;1489.6;Libre;;Total CCAA;Canarias;5
2012;2;1382.7;Libre;;Total CCAA;Canarias;5
2013;2;1290.1;Libre;;Total CCAA;Canarias;5
2014;2;1266.7;Libre;;Total CCAA;Canarias;5
2015;2;1318.3;Libre;;Total CCAA;Canarias;5
2016;2;1356.1;Libre;;Total CCAA;Canarias;5
2017;2;1403.1;Libre;;Total CCAA;Canarias;5
2018;2;1458.2;Libre;;Total CCAA;Canarias;5
2019;2;1517;Libre;;Total CCAA;Canarias;5
2020;2;1484.1;Libre;;Total CCAA;Canarias;5
2021;2;1521.6;Libre;;Total CCAA;Canarias;5
2022;2;1602.2;Libre;;Total CCAA;Canarias;5
2023;2;1698.7;Libre;;Total CCAA;Canarias;5
2024;2;1811.8;Libre;;Total CCAA;Canarias;5
2025;2;1996.8;Libre;;Total CCAA;Canarias;5
2026;2;2279.4;Libre;;Total CCAA;Canarias;5
1995;2;631.6;Libre;;Total CCAA;Castilla y León;7
1996;2;641.4;Libre;;Total CCAA;Castilla y León;7
1997;2;648.8;Libre;;Total CCAA;Castilla y León;7
1998;2;677.1;Libre;;Total CCAA;Castilla y León;7
1999;2;725;Libre;;Total CCAA;Castilla y León;7
2000;2;785.2;Libre;;Total CCAA;Castilla y León;7
2001;2;865.1;Libre;;Total CCAA;Castilla y León;7
2002;2;926.5;Libre;;Total CCAA;Castilla y León;7
2003;2;1001.5;Libre;;Total CCAA;Castilla y León;7
2004;2;1150.2;Libre;;Total CCAA;Castilla y León;7
2005;2;1291.5;Libre;;Total CCAA;Castilla y León;7
2006;2;1416.8;Libre;;Total CCAA;Castilla y León;7
2007;2;1502.8;Libre;;Total CCAA;Castilla y León;7
2008;2;1509;Libre;;Total CCAA;Castilla y León;7
2009;2;1399.8;Libre;;Total CCAA;Castilla y León;7
2010;2;1392.3;Libre;;Total CCAA;Castilla y León;7
2011;2;1312.1;Libre;;Total CCAA;Castilla y León;7
2012;2;1229.7;Libre;;Total CCAA;Castilla y León;7
2013;2;1128.2;Libre;;Total CCAA;Castilla y León;7
2014;2;1060.7;Libre;;Total CCAA;Castilla y León;7
2015;2;1050.7;Libre;;Total CCAA;Castilla y León;7
2016;2;1062.9;Libre;;Total CCAA;Castilla y León;7
2017;2;1044.8;Libre;;Total CCAA;Castilla y León;7
2018;2;1036.1;Libre;;Total CCAA;Castilla y León;7
2019;2;1034;Libre;;Total CCAA;Castilla y León;7
2020;2;1024.6;Libre;;Total CCAA;Castilla y León;7
2021;2;1011.8;Libre;;Total CCAA;Castilla y León;7
2022;2;1052.4;Libre;;Total CCAA;Castilla y León;7
2023;2;1056.2;Libre;;Total CCAA;Castilla y León;7
2024;2;1083;Libre;;Total CCAA;Castilla y León;7
2025;2;1172.5;Libre;;Total CCAA;Castilla y León;7
2026;2;1349.6;Libre;;Total CCAA;Castilla y León;7
1995;2;500.6;Libre;;Total CCAA;Castilla-La Mancha;8
1996;2;504.2;Libre;;Total CCAA;Castilla-La Mancha;8
1997;2;524.2;Libre;;Total CCAA;Castilla-La Mancha;8
1998;2;529;Libre;;Total CCAA;Castilla-La Mancha;8
1999;2;553.7;Libre;;Total CCAA;Castilla-La Mancha;8
2000;2;602.2;Libre;;Total CCAA;Castilla-La Mancha;8
2001;2;670.6;Libre;;Total CCAA;Castilla-La Mancha;8
2002;2;763.9;Libre;;Total CCAA;Castilla-La Mancha;8
2003;2;857.2;Libre;;Total CCAA;Castilla-La Mancha;8
2004;2;1001.2;Libre;;Total CCAA;Castilla-La Mancha;8
2005;2;1218.5;Libre;;Total CCAA;Castilla-La Mancha;8
2006;2;1356.6;Libre;;Total CCAA;Castilla-La Mancha;8
2007;2;1417.7;Libre;;Total CCAA;Castilla-La Mancha;8
2008;2;1429.8;Libre;;Total CCAA;Castilla-La Mancha;8
2009;2;1244.1;Libre;;Total CCAA;Castilla-La Mancha;8
2010;2;1258;Libre;;Total CCAA;Castilla-La Mancha;8
2011;2;1168.1;Libre;;Total CCAA;Castilla-La Mancha;8
2012;2;1074;Libre;;Total CCAA;Castilla-La Mancha;8
2013;2;950.2;Libre;;Total CCAA;Castilla-La Mancha;8
2014;2;899.1;Libre;;Total CCAA;Castilla-La Mancha;8
2015;2;885.9;Libre;;Total CCAA;Castilla-La Mancha;8
2016;2;876.1;Libre;;Total CCAA;Castilla-La Mancha;8
2017;2;874.2;Libre;;Total CCAA;Castilla-La Mancha;8
2018;2;864.9;Libre;;Total CCAA;Castilla-La Mancha;8
2019;2;877.6;Libre;;Total CCAA;Castilla-La Mancha;8
2020;2;855.6;Libre;;Total CCAA;Castilla-La Mancha;8
2021;2;882.4;Libre;;Total CCAA;Castilla-La Mancha;8
2022;2;913.3;Libre;;Total CCAA;Castilla-La Mancha;8
2023;2;939.9;Libre;;Total CCAA;Castilla-La Mancha;8
2024;2;964.8;Libre;;Total CCAA;Castilla-La Mancha;8
2025;2;1059.8;Libre;;Total CCAA;Castilla-La Mancha;8
2026;2;1215.4;Libre;;Total CCAA;Castilla-La Mancha;8
1995;2;744.6;Libre;;Total CCAA;Cataluña;9
1996;2;758.1;Libre;;Total CCAA;Cataluña;9
1997;2;787.1;Libre;;Total CCAA;Cataluña;9
1998;2;833.4;Libre;;Total CCAA;Cataluña;9
1999;2;949.1;Libre;;Total CCAA;Cataluña;9
2000;2;1078.4;Libre;;Total CCAA;Cataluña;9
2001;2;1217.3;Libre;;Total CCAA;Cataluña;9
2002;2;1340.7;Libre;;Total CCAA;Cataluña;9
2003;2;1520.1;Libre;;Total CCAA;Cataluña;9
2004;2;1788.3;Libre;;Total CCAA;Cataluña;9
2005;2;1992.8;Libre;;Total CCAA;Cataluña;9
2006;2;2255.1;Libre;;Total CCAA;Cataluña;9
2007;2;2382.3;Libre;;Total CCAA;Cataluña;9
2008;2;2490.5;Libre;;Total CCAA;Cataluña;9
2009;2;2304.5;Libre;;Total CCAA;Cataluña;9
2010;2;2253.2;Libre;;Total CCAA;Cataluña;9
2011;2;2132.3;Libre;;Total CCAA;Cataluña;9
2012;2;1895.2;Libre;;Total CCAA;Cataluña;9
2013;2;1691.5;Libre;;Total CCAA;Cataluña;9
2014;2;1658.3;Libre;;Total CCAA;Cataluña;9
2015;2;1680.8;Libre;;Total CCAA;Cataluña;9
2016;2;1757.8;Libre;;Total CCAA;Cataluña;9
2017;2;1834;Libre;;Total CCAA;Cataluña;9
2018;2;1948.6;Libre;;Total CCAA;Cataluña;9
2019;2;2032;Libre;;Total CCAA;Cataluña;9
2020;2;1986.9;Libre;;Total CCAA;Cataluña;9
2021;2;2041.1;Libre;;Total CCAA;Cataluña;9
2022;2;2139.6;Libre;;Total CCAA;Cataluña;9
2023;2;2171.6;Libre;;Total CCAA;Cataluña;9
2024;2;2287;Libre;;Total CCAA;Cataluña;9
2025;2;2499.6;Libre;;Total CCAA;Cataluña;9
2026;2;2752.9;Libre;;Total CCAA;Cataluña;9
1995;2;479.2;Libre;;Total CCAA;Comunitat Valenciana;10
1996;2;499.4;Libre;;Total CCAA;Comunitat Valenciana;10
1997;2;519.7;Libre;;Total CCAA;Comunitat Valenciana;10
1998;2;556.1;Libre;;Total CCAA;Comunitat Valenciana;10
1999;2;619.6;Libre;;Total CCAA;Comunitat Valenciana;10
2000;2;691.1;Libre;;Total CCAA;Comunitat Valenciana;10
2001;2;786.9;Libre;;Total CCAA;Comunitat Valenciana;10
2002;2;897.6;Libre;;Total CCAA;Comunitat Valenciana;10
2003;2;1054.2;Libre;;Total CCAA;Comunitat Valenciana;10
2004;2;1189.2;Libre;;Total CCAA;Comunitat Valenciana;10
2005;2;1428.1;Libre;;Total CCAA;Comunitat Valenciana;10
2006;2;1571.2;Libre;;Total CCAA;Comunitat Valenciana;10
2007;2;1649.5;Libre;;Total CCAA;Comunitat Valenciana;10
2008;2;1698;Libre;;Total CCAA;Comunitat Valenciana;10
2009;2;1544;Libre;;Total CCAA;Comunitat Valenciana;10
2010;2;1459.1;Libre;;Total CCAA;Comunitat Valenciana;10
2011;2;1347.1;Libre;;Total CCAA;Comunitat Valenciana;10
2012;2;1225.9;Libre;;Total CCAA;Comunitat Valenciana;10
2013;2;1145.1;Libre;;Total CCAA;Comunitat Valenciana;10
2014;2;1122.8;Libre;;Total CCAA;Comunitat Valenciana;10
2015;2;1139.9;Libre;;Total CCAA;Comunitat Valenciana;10
2016;2;1150.2;Libre;;Total CCAA;Comunitat Valenciana;10
2017;2;1149.6;Libre;;Total CCAA;Comunitat Valenciana;10
2018;2;1181;Libre;;Total CCAA;Comunitat Valenciana;10
2019;2;1226.8;Libre;;Total CCAA;Comunitat Valenciana;10
2020;2;1183.7;Libre;;Total CCAA;Comunitat Valenciana;10
2021;2;1245.2;Libre;;Total CCAA;Comunitat Valenciana;10
2022;2;1316;Libre;;Total CCAA;Comunitat Valenciana;10
2023;2;1370.9;Libre;;Total CCAA;Comunitat Valenciana;10
2024;2;1473;Libre;;Total CCAA;Comunitat Valenciana;10
2025;2;1671.8;Libre;;Total CCAA;Comunitat Valenciana;10
2026;2;1935;Libre;;Total CCAA;Comunitat Valenciana;10
1995;2;399.8;Libre;;Total CCAA;Extremadura;11
1996;2;413.1;Libre;;Total CCAA;Extremadura;11
1997;2;416.5;Libre;;Total CCAA;Extremadura;11
1998;2;419.8;Libre;;Total CCAA;Extremadura;11
1999;2;450.8;Libre;;Total CCAA;Extremadura;11
2000;2;477.5;Libre;;Total CCAA;Extremadura;11
2001;2;530.2;Libre;;Total CCAA;Extremadura;11
2002;2;591.3;Libre;;Total CCAA;Extremadura;11
2003;2;651.5;Libre;;Total CCAA;Extremadura;11
2004;2;739.3;Libre;;Total CCAA;Extremadura;11
2005;2;862.2;Libre;;Total CCAA;Extremadura;11
2006;2;930.8;Libre;;Total CCAA;Extremadura;11
2007;2;1020.1;Libre;;Total CCAA;Extremadura;11
2008;2;1025.3;Libre;;Total CCAA;Extremadura;11
2009;2;1017.3;Libre;;Total CCAA;Extremadura;11
2010;2;1014.4;Libre;;Total CCAA;Extremadura;11
2011;2;975.4;Libre;;Total CCAA;Extremadura;11
2012;2;908.1;Libre;;Total CCAA;Extremadura;11
2013;2;897.6;Libre;;Total CCAA;Extremadura;11
2014;2;837.1;Libre;;Total CCAA;Extremadura;11
2015;2;861.1;Libre;;Total CCAA;Extremadura;11
2016;2;882;Libre;;Total CCAA;Extremadura;11
2017;2;862.9;Libre;;Total CCAA;Extremadura;11
2018;2;857.9;Libre;;Total CCAA;Extremadura;11
2019;2;862;Libre;;Total CCAA;Extremadura;11
2020;2;850.1;Libre;;Total CCAA;Extremadura;11
2021;2;843.9;Libre;;Total CCAA;Extremadura;11
2022;2;876.8;Libre;;Total CCAA;Extremadura;11
2023;2;876.9;Libre;;Total CCAA;Extremadura;11
2024;2;898.7;Libre;;Total CCAA;Extremadura;11
2025;2;919.9;Libre;;Total CCAA;Extremadura;11
2026;2;996.6;Libre;;Total CCAA;Extremadura;11
1995;2;618.8;Libre;;Total CCAA;Galicia;12
1996;2;601.7;Libre;;Total CCAA;Galicia;12
1997;2;622.3;Libre;;Total CCAA;Galicia;12
1998;2;647.4;Libre;;Total CCAA;Galicia;12
1999;2;668;Libre;;Total CCAA;Galicia;12
2000;2;713.8;Libre;;Total CCAA;Galicia;12
2001;2;768.7;Libre;;Total CCAA;Galicia;12
2002;2;832.8;Libre;;Total CCAA;Galicia;12
2003;2;910.5;Libre;;Total CCAA;Galicia;12
2004;2;1028.4;Libre;;Total CCAA;Galicia;12
2005;2;1175.9;Libre;;Total CCAA;Galicia;12
2006;2;1402.4;Libre;;Total CCAA;Galicia;12
2007;2;1512.2;Libre;;Total CCAA;Galicia;12
2008;2;1560.8;Libre;;Total CCAA;Galicia;12
2009;2;1441.4;Libre;;Total CCAA;Galicia;12
2010;2;1449.1;Libre;;Total CCAA;Galicia;12
2011;2;1402.1;Libre;;Total CCAA;Galicia;12
2012;2;1294.5;Libre;;Total CCAA;Galicia;12
2013;2;1218;Libre;;Total CCAA;Galicia;12
2014;2;1176.6;Libre;;Total CCAA;Galicia;12
2015;2;1179.6;Libre;;Total CCAA;Galicia;12
2016;2;1196.7;Libre;;Total CCAA;Galicia;12
2017;2;1186.6;Libre;;Total CCAA;Galicia;12
2018;2;1197.7;Libre;;Total CCAA;Galicia;12
2019;2;1203.2;Libre;;Total CCAA;Galicia;12
2020;2;1185.3;Libre;;Total CCAA;Galicia;12
2021;2;1206.4;Libre;;Total CCAA;Galicia;12
2022;2;1265.7;Libre;;Total CCAA;Galicia;12
2023;2;1293.1;Libre;;Total CCAA;Galicia;12
2024;2;1344.6;Libre;;Total CCAA;Galicia;12
2025;2;1489.9;Libre;;Total CCAA;Galicia;12
2026;2;1656.8;Libre;;Total CCAA;Galicia;12
1995;2;1078.4;Libre;;Total CCAA;Madrid, Comunidad de;13
1996;2;1070.5;Libre;;Total CCAA;Madrid, Comunidad de;13
1997;2;1041.7;Libre;;Total CCAA;Madrid, Comunidad de;13
1998;2;1054.8;Libre;;Total CCAA;Madrid, Comunidad de;13
1999;2;1104.5;Libre;;Total CCAA;Madrid, Comunidad de;13
2000;2;1251.1;Libre;;Total CCAA;Madrid, Comunidad de;13
2001;2;1402.9;Libre;;Total CCAA;Madrid, Comunidad de;13
2002;2;1683;Libre;;Total CCAA;Madrid, Comunidad de;13
2003;2;2018;Libre;;Total CCAA;Madrid, Comunidad de;13
2004;2;2387.1;Libre;;Total CCAA;Madrid, Comunidad de;13
2005;2;2701.2;Libre;;Total CCAA;Madrid, Comunidad de;13
2006;2;2902.7;Libre;;Total CCAA;Madrid, Comunidad de;13
2007;2;2989.1;Libre;;Total CCAA;Madrid, Comunidad de;13
2008;2;2978.6;Libre;;Total CCAA;Madrid, Comunidad de;13
2009;2;2665.8;Libre;;Total CCAA;Madrid, Comunidad de;13
2010;2;2552;Libre;;Total CCAA;Madrid, Comunidad de;13
2011;2;2351.5;Libre;;Total CCAA;Madrid, Comunidad de;13
2012;2;2116.2;Libre;;Total CCAA;Madrid, Comunidad de;13
2013;2;2026.6;Libre;;Total CCAA;Madrid, Comunidad de;13
2014;2;2008.1;Libre;;Total CCAA;Madrid, Comunidad de;13
2015;2;2078;Libre;;Total CCAA;Madrid, Comunidad de;13
2016;2;2178.2;Libre;;Total CCAA;Madrid, Comunidad de;13
2017;2;2263.6;Libre;;Total CCAA;Madrid, Comunidad de;13
2018;2;2481.5;Libre;;Total CCAA;Madrid, Comunidad de;13
2019;2;2610.3;Libre;;Total CCAA;Madrid, Comunidad de;13
2020;2;2589;Libre;;Total CCAA;Madrid, Comunidad de;13
2021;2;2661.4;Libre;;Total CCAA;Madrid, Comunidad de;13
2022;2;2899.7;Libre;;Total CCAA;Madrid, Comunidad de;13
2023;2;2978.6;Libre;;Total CCAA;Madrid, Comunidad de;13
2024;2;3198;Libre;;Total CCAA;Madrid, Comunidad de;13
2025;2;3630.9;Libre;;Total CCAA;Madrid, Comunidad de;13
2026;2;4089.6;Libre;;Total CCAA;Madrid, Comunidad de;13
1995;2;921.6;Libre;;Total CCAA;País Vasco;16
1996;2;928.9;Libre;;Total CCAA;País Vasco;16
1997;2;953.4;Libre;;Total CCAA;País Vasco;16
1998;2;1002.3;Libre;;Total CCAA;País Vasco;16
1999;2;1153.9;Libre;;Total CCAA;País Vasco;16
2000;2;1403.2;Libre;;Total CCAA;País Vasco;16
2001;2;1630.5;Libre;;Total CCAA;País Vasco;16
2002;2;1806.6;Libre;;Total CCAA;País Vasco;16
2003;2;2082.8;Libre;;Total CCAA;País Vasco;16
2004;2;2222.1;Libre;;Total CCAA;País Vasco;16
2005;2;2486.2;Libre;;Total CCAA;País Vasco;16
2006;2;2752.6;Libre;;Total CCAA;País Vasco;16
2007;2;2936.4;Libre;;Total CCAA;País Vasco;16
2008;2;3025.9;Libre;;Total CCAA;País Vasco;16
2009;2;2780.6;Libre;;Total CCAA;País Vasco;16
2010;2;2676.8;Libre;;Total CCAA;País Vasco;16
2011;2;2578.5;Libre;;Total CCAA;País Vasco;16
2012;2;2515;Libre;;Total CCAA;País Vasco;16
2013;2;2536.7;Libre;;Total CCAA;País Vasco;16
2014;2;2443.4;Libre;;Total CCAA;País Vasco;16
2015;2;2441.2;Libre;;Total CCAA;País Vasco;16
2016;2;2399.3;Libre;;Total CCAA;País Vasco;16
2017;2;2396.9;Libre;;Total CCAA;País Vasco;16
2018;2;2381.2;Libre;;Total CCAA;País Vasco;16
2019;2;2378.3;Libre;;Total CCAA;País Vasco;16
2020;2;2391.3;Libre;;Total CCAA;País Vasco;16
2021;2;2431.1;Libre;;Total CCAA;País Vasco;16
2022;2;2500.1;Libre;;Total CCAA;País Vasco;16
2023;2;2549;Libre;;Total CCAA;País Vasco;16
2024;2;2620;Libre;;Total CCAA;País Vasco;16
2025;2;2792.5;Libre;;Total CCAA;País Vasco;16
2026;2;3102.3;Libre;;Total CCAA;País Vasco;16
1995;4;514.7;Libre;;Total CCAA;Andalucía;1
1996;4;513.4;Libre;;Total CCAA;Andalucía;1
1997;4;516.1;Libre;;Total CCAA;Andalucía;1
1998;4;552.3;Libre;;Total CCAA;Andalucía;1
1999;4;610.7;Libre;;Total CCAA;Andalucía;1
2000;4;687.3;Libre;;Total CCAA;Andalucía;1
2001;4;805.5;Libre;;Total CCAA;Andalucía;1
2002;4;932.1;Libre;;Total CCAA;Andalucía;1
2003;4;1121.3;Libre;;Total CCAA;Andalucía;1
2004;4;1362;Libre;;Total CCAA;Andalucía;1
2005;4;1529.6;Libre;;Total CCAA;Andalucía;1
2006;4;1677.8;Libre;;Total CCAA;Andalucía;1
2007;4;1758.5;Libre;;Total CCAA;Andalucía;1
2008;4;1740.4;Libre;;Total CCAA;Andalucía;1
2009;4;1613.8;Libre;;Total CCAA;Andalucía;1
2010;4;1564.3;Libre;;Total CCAA;Andalucía;1
2011;4;1440.8;Libre;;Total CCAA;Andalucía;1
2012;4;1288.5;Libre;;Total CCAA;Andalucía;1
2013;4;1208.5;Libre;;Total CCAA;Andalucía;1
2014;4;1211.1;Libre;;Total CCAA;Andalucía;1
2015;4;1223.7;Libre;;Total CCAA;Andalucía;1
2016;4;1215.9;Libre;;Total CCAA;Andalucía;1
2017;4;1245.7;Libre;;Total CCAA;Andalucía;1
2018;4;1298.5;Libre;;Total CCAA;Andalucía;1
2019;4;1315.5;Libre;;Total CCAA;Andalucía;1
2020;4;1310;Libre;;Total CCAA;Andalucía;1
2021;4;1367.5;Libre;;Total CCAA;Andalucía;1
2022;4;1431.5;Libre;;Total CCAA;Andalucía;1
2023;4;1527.7;Libre;;Total CCAA;Andalucía;1
2024;4;1646.2;Libre;;Total CCAA;Andalucía;1
2025;4;1855.4;Libre;;Total CCAA;Andalucía;1
1995;4;597.5;Libre;;Total CCAA;Aragón;2
1996;4;597.5;Libre;;Total CCAA;Aragón;2
1997;4;593;Libre;;Total CCAA;Aragón;2
1998;4;658.8;Libre;;Total CCAA;Aragón;2
1999;4;775.3;Libre;;Total CCAA;Aragón;2
2000;4;860.4;Libre;;Total CCAA;Aragón;2
2001;4;1000.8;Libre;;Total CCAA;Aragón;2
2002;4;1130.8;Libre;;Total CCAA;Aragón;2
2003;4;1256.3;Libre;;Total CCAA;Aragón;2
2004;4;1469.9;Libre;;Total CCAA;Aragón;2
2005;4;1661.7;Libre;;Total CCAA;Aragón;2
2006;4;1876.2;Libre;;Total CCAA;Aragón;2
2007;4;1930.9;Libre;;Total CCAA;Aragón;2
2008;4;1855.7;Libre;;Total CCAA;Aragón;2
2009;4;1726.4;Libre;;Total CCAA;Aragón;2
2010;4;1646.7;Libre;;Total CCAA;Aragón;2
2011;4;1474.2;Libre;;Total CCAA;Aragón;2
2012;4;1325.5;Libre;;Total CCAA;Aragón;2
2013;4;1173;Libre;;Total CCAA;Aragón;2
2014;4;1170.9;Libre;;Total CCAA;Aragón;2
2015;4;1193.2;Libre;;Total CCAA;Aragón;2
2016;4;1189.2;Libre;;Total CCAA;Aragón;2
2017;4;1188;Libre;;Total CCAA;Aragón;2
2018;4;1216.9;Libre;;Total CCAA;Aragón;2
2019;4;1225.1;Libre;;Total CCAA;Aragón;2
2020;4;1202.6;Libre;;Total CCAA;Aragón;2
2021;4;1238.3;Libre;;Total CCAA;Aragón;2
2022;4;1289.8;Libre;;Total CCAA;Aragón;2
2023;4;1333.6;Libre;;Total CCAA;Aragón;2
2024;4;1449.6;Libre;;Total CCAA;Aragón;2
2025;4;1647.1;Libre;;Total CCAA;Aragón;2
1995;4;636.6;Libre;;Total CCAA;Asturias, Principado de;3
1996;4;667.9;Libre;;Total CCAA;Asturias, Principado de;3
1997;4;672.2;Libre;;Total CCAA;Asturias, Principado de;3
1998;4;719.2;Libre;;Total CCAA;Asturias, Principado de;3
1999;4;798.9;Libre;;Total CCAA;Asturias, Principado de;3
2000;4;882.9;Libre;;Total CCAA;Asturias, Principado de;3
2001;4;984.1;Libre;;Total CCAA;Asturias, Principado de;3
2002;4;1102.3;Libre;;Total CCAA;Asturias, Principado de;3
2003;4;1227.6;Libre;;Total CCAA;Asturias, Principado de;3
2004;4;1367.1;Libre;;Total CCAA;Asturias, Principado de;3
2005;4;1505.5;Libre;;Total CCAA;Asturias, Principado de;3
2006;4;1634.9;Libre;;Total CCAA;Asturias, Principado de;3
2007;4;1760.2;Libre;;Total CCAA;Asturias, Principado de;3
2008;4;1753.1;Libre;;Total CCAA;Asturias, Principado de;3
2009;4;1600.7;Libre;;Total CCAA;Asturias, Principado de;3
2010;4;1636.3;Libre;;Total CCAA;Asturias, Principado de;3
2011;4;1581;Libre;;Total CCAA;Asturias, Principado de;3
2012;4;1455.4;Libre;;Total CCAA;Asturias, Principado de;3
2013;4;1342.9;Libre;;Total CCAA;Asturias, Principado de;3
2014;4;1273.4;Libre;;Total CCAA;Asturias, Principado de;3
2015;4;1286.6;Libre;;Total CCAA;Asturias, Principado de;3
2016;4;1269.6;Libre;;Total CCAA;Asturias, Principado de;3
2017;4;1295;Libre;;Total CCAA;Asturias, Principado de;3
2018;4;1276.6;Libre;;Total CCAA;Asturias, Principado de;3
2019;4;1269.8;Libre;;Total CCAA;Asturias, Principado de;3
2020;4;1247.3;Libre;;Total CCAA;Asturias, Principado de;3
2021;4;1280.9;Libre;;Total CCAA;Asturias, Principado de;3
2022;4;1300.1;Libre;;Total CCAA;Asturias, Principado de;3
2023;4;1347.2;Libre;;Total CCAA;Asturias, Principado de;3
2024;4;1473.1;Libre;;Total CCAA;Asturias, Principado de;3
2025;4;1668.2;Libre;;Total CCAA;Asturias, Principado de;3
1995;4;607.5;Libre;;Total CCAA;Canarias;5
1996;4;633.5;Libre;;Total CCAA;Canarias;5
1997;4;683.9;Libre;;Total CCAA;Canarias;5
1998;4;770.9;Libre;;Total CCAA;Canarias;5
1999;4;877.7;Libre;;Total CCAA;Canarias;5
2000;4;1016.6;Libre;;Total CCAA;Canarias;5
2001;4;1111.3;Libre;;Total CCAA;Canarias;5
2002;4;1209;Libre;;Total CCAA;Canarias;5
2003;4;1329.6;Libre;;Total CCAA;Canarias;5
2004;4;1457.8;Libre;;Total CCAA;Canarias;5
2005;4;1599.1;Libre;;Total CCAA;Canarias;5
2006;4;1726.4;Libre;;Total CCAA;Canarias;5
2007;4;1825.7;Libre;;Total CCAA;Canarias;5
2008;4;1734.1;Libre;;Total CCAA;Canarias;5
2009;4;1613.5;Libre;;Total CCAA;Canarias;5
2010;4;1558;Libre;;Total CCAA;Canarias;5
2011;4;1435.6;Libre;;Total CCAA;Canarias;5
2012;4;1269.6;Libre;;Total CCAA;Canarias;5
2013;4;1273.4;Libre;;Total CCAA;Canarias;5
2014;4;1285.8;Libre;;Total CCAA;Canarias;5
2015;4;1324.3;Libre;;Total CCAA;Canarias;5
2016;4;1374.1;Libre;;Total CCAA;Canarias;5
2017;4;1428.1;Libre;;Total CCAA;Canarias;5
2018;4;1484.8;Libre;;Total CCAA;Canarias;5
2019;4;1530.9;Libre;;Total CCAA;Canarias;5
2020;4;1510.4;Libre;;Total CCAA;Canarias;5
2021;4;1566.5;Libre;;Total CCAA;Canarias;5
2022;4;1619.4;Libre;;Total CCAA;Canarias;5
2023;4;1741.4;Libre;;Total CCAA;Canarias;5
2024;4;1891.1;Libre;;Total CCAA;Canarias;5
2025;4;2146.1;Libre;;Total CCAA;Canarias;5
1995;4;635.3;Libre;;Total CCAA;Castilla y León;7
1996;4;632.8;Libre;;Total CCAA;Castilla y León;7
1997;4;652.5;Libre;;Total CCAA;Castilla y León;7
1998;4;694.3;Libre;;Total CCAA;Castilla y León;7
1999;4;745.9;Libre;;Total CCAA;Castilla y León;7
2000;4;820.8;Libre;;Total CCAA;Castilla y León;7
2001;4;887.2;Libre;;Total CCAA;Castilla y León;7
2002;4;962.2;Libre;;Total CCAA;Castilla y León;7
2003;4;1053.1;Libre;;Total CCAA;Castilla y León;7
2004;4;1228.8;Libre;;Total CCAA;Castilla y León;7
2005;4;1321;Libre;;Total CCAA;Castilla y León;7
2006;4;1451.2;Libre;;Total CCAA;Castilla y León;7
2007;4;1517.6;Libre;;Total CCAA;Castilla y León;7
2008;4;1459.8;Libre;;Total CCAA;Castilla y León;7
2009;4;1388.6;Libre;;Total CCAA;Castilla y León;7
2010;4;1380;Libre;;Total CCAA;Castilla y León;7
2011;4;1292;Libre;;Total CCAA;Castilla y León;7
2012;4;1202.6;Libre;;Total CCAA;Castilla y León;7
2013;4;1086.4;Libre;;Total CCAA;Castilla y León;7
2014;4;1046.1;Libre;;Total CCAA;Castilla y León;7
2015;4;1073.2;Libre;;Total CCAA;Castilla y León;7
2016;4;1056.8;Libre;;Total CCAA;Castilla y León;7
2017;4;1046.6;Libre;;Total CCAA;Castilla y León;7
2018;4;1045.8;Libre;;Total CCAA;Castilla y León;7
2019;4;1039.2;Libre;;Total CCAA;Castilla y León;7
2020;4;1023.1;Libre;;Total CCAA;Castilla y León;7
2021;4;1034;Libre;;Total CCAA;Castilla y León;7
2022;4;1052.3;Libre;;Total CCAA;Castilla y León;7
2023;4;1073.1;Libre;;Total CCAA;Castilla y León;7
2024;4;1111.4;Libre;;Total CCAA;Castilla y León;7
2025;4;1233.7;Libre;;Total CCAA;Castilla y León;7
1995;4;512.4;Libre;;Total CCAA;Castilla-La Mancha;8
1996;4;526.6;Libre;;Total CCAA;Castilla-La Mancha;8
1997;4;536;Libre;;Total CCAA;Castilla-La Mancha;8
1998;4;538.4;Libre;;Total CCAA;Castilla-La Mancha;8
1999;4;580.9;Libre;;Total CCAA;Castilla-La Mancha;8
2000;4;622.2;Libre;;Total CCAA;Castilla-La Mancha;8
2001;4;707.2;Libre;;Total CCAA;Castilla-La Mancha;8
2002;4;791.1;Libre;;Total CCAA;Castilla-La Mancha;8
2003;4;929.2;Libre;;Total CCAA;Castilla-La Mancha;8
2004;4;1115.8;Libre;;Total CCAA;Castilla-La Mancha;8
2005;4;1278.9;Libre;;Total CCAA;Castilla-La Mancha;8
2006;4;1401.6;Libre;;Total CCAA;Castilla-La Mancha;8
2007;4;1438;Libre;;Total CCAA;Castilla-La Mancha;8
2008;4;1342.5;Libre;;Total CCAA;Castilla-La Mancha;8
2009;4;1238.6;Libre;;Total CCAA;Castilla-La Mancha;8
2010;4;1239.1;Libre;;Total CCAA;Castilla-La Mancha;8
2011;4;1165.3;Libre;;Total CCAA;Castilla-La Mancha;8
2012;4;1034.4;Libre;;Total CCAA;Castilla-La Mancha;8
2013;4;907.2;Libre;;Total CCAA;Castilla-La Mancha;8
2014;4;879.1;Libre;;Total CCAA;Castilla-La Mancha;8
2015;4;891.9;Libre;;Total CCAA;Castilla-La Mancha;8
2016;4;881.3;Libre;;Total CCAA;Castilla-La Mancha;8
2017;4;874.2;Libre;;Total CCAA;Castilla-La Mancha;8
2018;4;890;Libre;;Total CCAA;Castilla-La Mancha;8
2019;4;888;Libre;;Total CCAA;Castilla-La Mancha;8
2020;4;886;Libre;;Total CCAA;Castilla-La Mancha;8
2021;4;897.1;Libre;;Total CCAA;Castilla-La Mancha;8
2022;4;919.1;Libre;;Total CCAA;Castilla-La Mancha;8
2023;4;942.7;Libre;;Total CCAA;Castilla-La Mancha;8
2024;4;1002.8;Libre;;Total CCAA;Castilla-La Mancha;8
2025;4;1119.4;Libre;;Total CCAA;Castilla-La Mancha;8
1995;4;754.3;Libre;;Total CCAA;Cataluña;9
1996;4;777.4;Libre;;Total CCAA;Cataluña;9
1997;4;802.5;Libre;;Total CCAA;Cataluña;9
1998;4;883.5;Libre;;Total CCAA;Cataluña;9
1999;4;1014.7;Libre;;Total CCAA;Cataluña;9
2000;4;1144;Libre;;Total CCAA;Cataluña;9
2001;4;1275.1;Libre;;Total CCAA;Cataluña;9
2002;4;1410.2;Libre;;Total CCAA;Cataluña;9
2003;4;1632;Libre;;Total CCAA;Cataluña;9
2004;4;1923.3;Libre;;Total CCAA;Cataluña;9
2005;4;2092.1;Libre;;Total CCAA;Cataluña;9
2006;4;2316.8;Libre;;Total CCAA;Cataluña;9
2007;4;2450.8;Libre;;Total CCAA;Cataluña;9
2008;4;2434.5;Libre;;Total CCAA;Cataluña;9
2009;4;2286;Libre;;Total CCAA;Cataluña;9
2010;4;2211.1;Libre;;Total CCAA;Cataluña;9
2011;4;2039.5;Libre;;Total CCAA;Cataluña;9
2012;4;1810.8;Libre;;Total CCAA;Cataluña;9
2013;4;1665.8;Libre;;Total CCAA;Cataluña;9
2014;4;1671.3;Libre;;Total CCAA;Cataluña;9
2015;4;1721.1;Libre;;Total CCAA;Cataluña;9
2016;4;1796.7;Libre;;Total CCAA;Cataluña;9
2017;4;1892.6;Libre;;Total CCAA;Cataluña;9
2018;4;2002;Libre;;Total CCAA;Cataluña;9
2019;4;2037.3;Libre;;Total CCAA;Cataluña;9
2020;4;1991.6;Libre;;Total CCAA;Cataluña;9
2021;4;2090.9;Libre;;Total CCAA;Cataluña;9
2022;4;2145.3;Libre;;Total CCAA;Cataluña;9
2023;4;2232.9;Libre;;Total CCAA;Cataluña;9
2024;4;2369.9;Libre;;Total CCAA;Cataluña;9
2025;4;2641.6;Libre;;Total CCAA;Cataluña;9
1995;4;490;Libre;;Total CCAA;Comunitat Valenciana;10
1996;4;506.2;Libre;;Total CCAA;Comunitat Valenciana;10
1997;4;522.4;Libre;;Total CCAA;Comunitat Valenciana;10
1998;4;572.3;Libre;;Total CCAA;Comunitat Valenciana;10
1999;4;638.5;Libre;;Total CCAA;Comunitat Valenciana;10
2000;4;728.9;Libre;;Total CCAA;Comunitat Valenciana;10
2001;4;845;Libre;;Total CCAA;Comunitat Valenciana;10
2002;4;975.9;Libre;;Total CCAA;Comunitat Valenciana;10
2003;4;1112.2;Libre;;Total CCAA;Comunitat Valenciana;10
2004;4;1279.6;Libre;;Total CCAA;Comunitat Valenciana;10
2005;4;1490.2;Libre;;Total CCAA;Comunitat Valenciana;10
2006;4;1598.2;Libre;;Total CCAA;Comunitat Valenciana;10
2007;4;1664.3;Libre;;Total CCAA;Comunitat Valenciana;10
2008;4;1640.3;Libre;;Total CCAA;Comunitat Valenciana;10
2009;4;1505.7;Libre;;Total CCAA;Comunitat Valenciana;10
2010;4;1442.9;Libre;;Total CCAA;Comunitat Valenciana;10
2011;4;1340.4;Libre;;Total CCAA;Comunitat Valenciana;10
2012;4;1149.1;Libre;;Total CCAA;Comunitat Valenciana;10
2013;4;1128.3;Libre;;Total CCAA;Comunitat Valenciana;10
2014;4;1135.3;Libre;;Total CCAA;Comunitat Valenciana;10
2015;4;1150.7;Libre;;Total CCAA;Comunitat Valenciana;10
2016;4;1151.4;Libre;;Total CCAA;Comunitat Valenciana;10
2017;4;1157.7;Libre;;Total CCAA;Comunitat Valenciana;10
2018;4;1200.8;Libre;;Total CCAA;Comunitat Valenciana;10
2019;4;1232;Libre;;Total CCAA;Comunitat Valenciana;10
2020;4;1217.8;Libre;;Total CCAA;Comunitat Valenciana;10
2021;4;1294.5;Libre;;Total CCAA;Comunitat Valenciana;10
2022;4;1317.8;Libre;;Total CCAA;Comunitat Valenciana;10
2023;4;1434;Libre;;Total CCAA;Comunitat Valenciana;10
2024;4;1559.5;Libre;;Total CCAA;Comunitat Valenciana;10
2025;4;1805.8;Libre;;Total CCAA;Comunitat Valenciana;10
1995;4;400.6;Libre;;Total CCAA;Extremadura;11
1996;4;419.8;Libre;;Total CCAA;Extremadura;11
1997;4;406.4;Libre;;Total CCAA;Extremadura;11
1998;4;438.2;Libre;;Total CCAA;Extremadura;11
1999;4;462.5;Libre;;Total CCAA;Extremadura;11
2000;4;506.8;Libre;;Total CCAA;Extremadura;11
2001;4;557;Libre;;Total CCAA;Extremadura;11
2002;4;611.3;Libre;;Total CCAA;Extremadura;11
2003;4;695.8;Libre;;Total CCAA;Extremadura;11
2004;4;802;Libre;;Total CCAA;Extremadura;11
2005;4;898.8;Libre;;Total CCAA;Extremadura;11
2006;4;974.2;Libre;;Total CCAA;Extremadura;11
2007;4;1025.3;Libre;;Total CCAA;Extremadura;11
2008;4;1026.1;Libre;;Total CCAA;Extremadura;11
2009;4;1001.9;Libre;;Total CCAA;Extremadura;11
2010;4;998.5;Libre;;Total CCAA;Extremadura;11
2011;4;981;Libre;;Total CCAA;Extremadura;11
2012;4;888.7;Libre;;Total CCAA;Extremadura;11
2013;4;851.3;Libre;;Total CCAA;Extremadura;11
2014;4;854.5;Libre;;Total CCAA;Extremadura;11
2015;4;870.9;Libre;;Total CCAA;Extremadura;11
2016;4;864.7;Libre;;Total CCAA;Extremadura;11
2017;4;866;Libre;;Total CCAA;Extremadura;11
2018;4;869.1;Libre;;Total CCAA;Extremadura;11
2019;4;858.5;Libre;;Total CCAA;Extremadura;11
2020;4;852.3;Libre;;Total CCAA;Extremadura;11
2021;4;863.4;Libre;;Total CCAA;Extremadura;11
2022;4;864.2;Libre;;Total CCAA;Extremadura;11
2023;4;883.6;Libre;;Total CCAA;Extremadura;11
2024;4;905.1;Libre;;Total CCAA;Extremadura;11
2025;4;933;Libre;;Total CCAA;Extremadura;11
1995;4;607.4;Libre;;Total CCAA;Galicia;12
1996;4;622.3;Libre;;Total CCAA;Galicia;12
1997;4;629.1;Libre;;Total CCAA;Galicia;12
1998;4;663.5;Libre;;Total CCAA;Galicia;12
1999;4;682.9;Libre;;Total CCAA;Galicia;12
2000;4;752.7;Libre;;Total CCAA;Galicia;12
2001;4;800.7;Libre;;Total CCAA;Galicia;12
2002;4;886.5;Libre;;Total CCAA;Galicia;12
2003;4;987.2;Libre;;Total CCAA;Galicia;12
2004;4;1114.2;Libre;;Total CCAA;Galicia;12
2005;4;1282.2;Libre;;Total CCAA;Galicia;12
2006;4;1448;Libre;;Total CCAA;Galicia;12
2007;4;1547.7;Libre;;Total CCAA;Galicia;12
2008;4;1510.8;Libre;;Total CCAA;Galicia;12
2009;4;1467.8;Libre;;Total CCAA;Galicia;12
2010;4;1470;Libre;;Total CCAA;Galicia;12
2011;4;1373.2;Libre;;Total CCAA;Galicia;12
2012;4;1204.2;Libre;;Total CCAA;Galicia;12
2013;4;1210;Libre;;Total CCAA;Galicia;12
2014;4;1176.5;Libre;;Total CCAA;Galicia;12
2015;4;1186.8;Libre;;Total CCAA;Galicia;12
2016;4;1189.8;Libre;;Total CCAA;Galicia;12
2017;4;1185.2;Libre;;Total CCAA;Galicia;12
2018;4;1193.2;Libre;;Total CCAA;Galicia;12
2019;4;1205.4;Libre;;Total CCAA;Galicia;12
2020;4;1206.2;Libre;;Total CCAA;Galicia;12
2021;4;1224.5;Libre;;Total CCAA;Galicia;12
2022;4;1256.8;Libre;;Total CCAA;Galicia;12
2023;4;1312.4;Libre;;Total CCAA;Galicia;12
2024;4;1391.9;Libre;;Total CCAA;Galicia;12
2025;4;1556;Libre;;Total CCAA;Galicia;12
1995;4;1115;Libre;;Total CCAA;Madrid, Comunidad de;13
1996;4;1083.6;Libre;;Total CCAA;Madrid, Comunidad de;13
1997;4;1065.3;Libre;;Total CCAA;Madrid, Comunidad de;13
1998;4;1062.7;Libre;;Total CCAA;Madrid, Comunidad de;13
1999;4;1177.8;Libre;;Total CCAA;Madrid, Comunidad de;13
2000;4;1253.7;Libre;;Total CCAA;Madrid, Comunidad de;13
2001;4;1533.8;Libre;;Total CCAA;Madrid, Comunidad de;13
2002;4;1868.8;Libre;;Total CCAA;Madrid, Comunidad de;13
2003;4;2185.5;Libre;;Total CCAA;Madrid, Comunidad de;13
2004;4;2517.9;Libre;;Total CCAA;Madrid, Comunidad de;13
2005;4;2784.8;Libre;;Total CCAA;Madrid, Comunidad de;13
2006;4;2955;Libre;;Total CCAA;Madrid, Comunidad de;13
2007;4;3007.4;Libre;;Total CCAA;Madrid, Comunidad de;13
2008;4;2778.4;Libre;;Total CCAA;Madrid, Comunidad de;13
2009;4;2620;Libre;;Total CCAA;Madrid, Comunidad de;13
2010;4;2465.6;Libre;;Total CCAA;Madrid, Comunidad de;13
2011;4;2260.7;Libre;;Total CCAA;Madrid, Comunidad de;13
2012;4;1980.8;Libre;;Total CCAA;Madrid, Comunidad de;13
2013;4;2022.4;Libre;;Total CCAA;Madrid, Comunidad de;13
2014;4;2033.4;Libre;;Total CCAA;Madrid, Comunidad de;13
2015;4;2101.9;Libre;;Total CCAA;Madrid, Comunidad de;13
2016;4;2203.3;Libre;;Total CCAA;Madrid, Comunidad de;13
2017;4;2354.9;Libre;;Total CCAA;Madrid, Comunidad de;13
2018;4;2546;Libre;;Total CCAA;Madrid, Comunidad de;13
2019;4;2671.7;Libre;;Total CCAA;Madrid, Comunidad de;13
2020;4;2573.6;Libre;;Total CCAA;Madrid, Comunidad de;13
2021;4;2760.1;Libre;;Total CCAA;Madrid, Comunidad de;13
2022;4;2888.1;Libre;;Total CCAA;Madrid, Comunidad de;13
2023;4;3080;Libre;;Total CCAA;Madrid, Comunidad de;13
2024;4;3370.5;Libre;;Total CCAA;Madrid, Comunidad de;13
2025;4;3902.3;Libre;;Total CCAA;Madrid, Comunidad de;13
1995;4;904.5;Libre;;Total CCAA;País Vasco;16
1996;4;970.5;Libre;;Total CCAA;País Vasco;16
1997;4;965.6;Libre;;Total CCAA;País Vasco;16
1998;4;1065.8;Libre;;Total CCAA;País Vasco;16
1999;4;1259;Libre;;Total CCAA;País Vasco;16
2000;4;1498.5;Libre;;Total CCAA;País Vasco;16
2001;4;1706.3;Libre;;Total CCAA;País Vasco;16
2002;4;1948.3;Libre;;Total CCAA;País Vasco;16
2003;4;2107.2;Libre;;Total CCAA;País Vasco;16
2004;4;2373.7;Libre;;Total CCAA;País Vasco;16
2005;4;2585.7;Libre;;Total CCAA;País Vasco;16
2006;4;2824.1;Libre;;Total CCAA;País Vasco;16
2007;4;2969.5;Libre;;Total CCAA;País Vasco;16
2008;4;2898.2;Libre;;Total CCAA;País Vasco;16
2009;4;2738;Libre;;Total CCAA;País Vasco;16
2010;4;2645.1;Libre;;Total CCAA;País Vasco;16
2011;4;2566.1;Libre;;Total CCAA;País Vasco;16
2012;4;2517.5;Libre;;Total CCAA;País Vasco;16
2013;4;2451.6;Libre;;Total CCAA;País Vasco;16
2014;4;2416.1;Libre;;Total CCAA;País Vasco;16
2015;4;2384.4;Libre;;Total CCAA;País Vasco;16
2016;4;2356.2;Libre;;Total CCAA;País Vasco;16
2017;4;2387;Libre;;Total CCAA;País Vasco;16
2018;4;2375.6;Libre;;Total CCAA;País Vasco;16
2019;4;2424.4;Libre;;Total CCAA;País Vasco;16
2020;4;2391.7;Libre;;Total CCAA;País Vasco;16
2021;4;2454.7;Libre;;Total CCAA;País Vasco;16
2022;4;2517.1;Libre;;Total CCAA;País Vasco;16
2023;4;2565.4;Libre;;Total CCAA;País Vasco;16
2024;4;2632;Libre;;Total CCAA;País Vasco;16
2025;4;2967.1;Libre;;Total CCAA;País Vasco;16
1995;1;513.4;Libre;;Total CCAA;Andalucía;1
1996;1;507.8;Libre;;Total CCAA;Andalucía;1
1997;1;509.2;Libre;;Total CCAA;Andalucía;1
1998;1;527.3;Libre;;Total CCAA;Andalucía;1
1999;1;567.6;Libre;;Total CCAA;Andalucía;1
2000;1;633;Libre;;Total CCAA;Andalucía;1
2001;1;726.2;Libre;;Total CCAA;Andalucía;1
2002;1;843.1;Libre;;Total CCAA;Andalucía;1
2003;1;983.6;Libre;;Total CCAA;Andalucía;1
2004;1;1179.7;Libre;;Total CCAA;Andalucía;1
2005;1;1391.2;Libre;;Total CCAA;Andalucía;1
2006;1;1587.4;Libre;;Total CCAA;Andalucía;1
2007;1;1707;Libre;;Total CCAA;Andalucía;1
2008;1;1800.2;Libre;;Total CCAA;Andalucía;1
2009;1;1700;Libre;;Total CCAA;Andalucía;1
2010;1;1607.2;Libre;;Total CCAA;Andalucía;1
2011;1;1522.7;Libre;;Total CCAA;Andalucía;1
2012;1;1379.2;Libre;;Total CCAA;Andalucía;1
2013;1;1285.2;Libre;;Total CCAA;Andalucía;1
2014;1;1207.7;Libre;;Total CCAA;Andalucía;1
2015;1;1208.3;Libre;;Total CCAA;Andalucía;1
2016;1;1210.6;Libre;;Total CCAA;Andalucía;1
2017;1;1227.9;Libre;;Total CCAA;Andalucía;1
2018;1;1245.5;Libre;;Total CCAA;Andalucía;1
2019;1;1303.7;Libre;;Total CCAA;Andalucía;1
2020;1;1312.3;Libre;;Total CCAA;Andalucía;1
2021;1;1303.1;Libre;;Total CCAA;Andalucía;1
2022;1;1399.6;Libre;;Total CCAA;Andalucía;1
2023;1;1466.3;Libre;;Total CCAA;Andalucía;1
2024;1;1555.7;Libre;;Total CCAA;Andalucía;1
2025;1;1698.2;Libre;;Total CCAA;Andalucía;1
2026;1;1924.9;Libre;;Total CCAA;Andalucía;1
1995;1;573.6;Libre;;Total CCAA;Aragón;2
1996;1;596;Libre;;Total CCAA;Aragón;2
1997;1;581.1;Libre;;Total CCAA;Aragón;2
1998;1;584.1;Libre;;Total CCAA;Aragón;2
1999;1;673.7;Libre;;Total CCAA;Aragón;2
2000;1;787.2;Libre;;Total CCAA;Aragón;2
2001;1;893.3;Libre;;Total CCAA;Aragón;2
2002;1;1017.3;Libre;;Total CCAA;Aragón;2
2003;1;1117.4;Libre;;Total CCAA;Aragón;2
2004;1;1311.6;Libre;;Total CCAA;Aragón;2
2005;1;1493.8;Libre;;Total CCAA;Aragón;2
2006;1;1741.8;Libre;;Total CCAA;Aragón;2
2007;1;1883.7;Libre;;Total CCAA;Aragón;2
2008;1;1962.9;Libre;;Total CCAA;Aragón;2
2009;1;1776.1;Libre;;Total CCAA;Aragón;2
2010;1;1667.6;Libre;;Total CCAA;Aragón;2
2011;1;1622.3;Libre;;Total CCAA;Aragón;2
2012;1;1455;Libre;;Total CCAA;Aragón;2
2013;1;1274.8;Libre;;Total CCAA;Aragón;2
2014;1;1168.7;Libre;;Total CCAA;Aragón;2
2015;1;1190.9;Libre;;Total CCAA;Aragón;2
2016;1;1183.3;Libre;;Total CCAA;Aragón;2
2017;1;1165;Libre;;Total CCAA;Aragón;2
2018;1;1171.5;Libre;;Total CCAA;Aragón;2
2019;1;1206.4;Libre;;Total CCAA;Aragón;2
2020;1;1214.7;Libre;;Total CCAA;Aragón;2
2021;1;1180.6;Libre;;Total CCAA;Aragón;2
2022;1;1259.3;Libre;;Total CCAA;Aragón;2
2023;1;1273.6;Libre;;Total CCAA;Aragón;2
2024;1;1345.1;Libre;;Total CCAA;Aragón;2
2025;1;1494.6;Libre;;Total CCAA;Aragón;2
2026;1;1727.8;Libre;;Total CCAA;Aragón;2
1995;1;657.9;Libre;;Total CCAA;Asturias, Principado de;3
1996;1;662.2;Libre;;Total CCAA;Asturias, Principado de;3
1997;1;677.9;Libre;;Total CCAA;Asturias, Principado de;3
1998;1;702.1;Libre;;Total CCAA;Asturias, Principado de;3
1999;1;742;Libre;;Total CCAA;Asturias, Principado de;3
2000;1;814.6;Libre;;Total CCAA;Asturias, Principado de;3
2001;1;897.2;Libre;;Total CCAA;Asturias, Principado de;3
2002;1;1004;Libre;;Total CCAA;Asturias, Principado de;3
2003;1;1116.5;Libre;;Total CCAA;Asturias, Principado de;3
2004;1;1281.7;Libre;;Total CCAA;Asturias, Principado de;3
2005;1;1424.1;Libre;;Total CCAA;Asturias, Principado de;3
2006;1;1563.7;Libre;;Total CCAA;Asturias, Principado de;3
2007;1;1655.3;Libre;;Total CCAA;Asturias, Principado de;3
2008;1;1775.9;Libre;;Total CCAA;Asturias, Principado de;3
2009;1;1664.8;Libre;;Total CCAA;Asturias, Principado de;3
2010;1;1637.7;Libre;;Total CCAA;Asturias, Principado de;3
2011;1;1562.2;Libre;;Total CCAA;Asturias, Principado de;3
2012;1;1528.8;Libre;;Total CCAA;Asturias, Principado de;3
2013;1;1427.7;Libre;;Total CCAA;Asturias, Principado de;3
2014;1;1352.8;Libre;;Total CCAA;Asturias, Principado de;3
2015;1;1264.5;Libre;;Total CCAA;Asturias, Principado de;3
2016;1;1286.3;Libre;;Total CCAA;Asturias, Principado de;3
2017;1;1263.8;Libre;;Total CCAA;Asturias, Principado de;3
2018;1;1260.5;Libre;;Total CCAA;Asturias, Principado de;3
2019;1;1274.7;Libre;;Total CCAA;Asturias, Principado de;3
2020;1;1262.8;Libre;;Total CCAA;Asturias, Principado de;3
2021;1;1283.6;Libre;;Total CCAA;Asturias, Principado de;3
2022;1;1303.7;Libre;;Total CCAA;Asturias, Principado de;3
2023;1;1335.6;Libre;;Total CCAA;Asturias, Principado de;3
2024;1;1362.8;Libre;;Total CCAA;Asturias, Principado de;3
2025;1;1518.8;Libre;;Total CCAA;Asturias, Principado de;3
2026;1;1752.2;Libre;;Total CCAA;Asturias, Principado de;3
1995;1;572.4;Libre;;Total CCAA;Canarias;5
1996;1;610.6;Libre;;Total CCAA;Canarias;5
1997;1;647.2;Libre;;Total CCAA;Canarias;5
1998;1;702.2;Libre;;Total CCAA;Canarias;5
1999;1;802.9;Libre;;Total CCAA;Canarias;5
2000;1;914.4;Libre;;Total CCAA;Canarias;5
2001;1;1048.7;Libre;;Total CCAA;Canarias;5
2002;1;1129.6;Libre;;Total CCAA;Canarias;5
2003;1;1241;Libre;;Total CCAA;Canarias;5
2004;1;1375.4;Libre;;Total CCAA;Canarias;5
2005;1;1526.5;Libre;;Total CCAA;Canarias;5
2006;1;1657.8;Libre;;Total CCAA;Canarias;5
2007;1;1750.8;Libre;;Total CCAA;Canarias;5
2008;1;1833.3;Libre;;Total CCAA;Canarias;5
2009;1;1688.3;Libre;;Total CCAA;Canarias;5
2010;1;1590.6;Libre;;Total CCAA;Canarias;5
2011;1;1534.1;Libre;;Total CCAA;Canarias;5
2012;1;1444.2;Libre;;Total CCAA;Canarias;5
2013;1;1268.3;Libre;;Total CCAA;Canarias;5
2014;1;1257.9;Libre;;Total CCAA;Canarias;5
2015;1;1302.7;Libre;;Total CCAA;Canarias;5
2016;1;1334.3;Libre;;Total CCAA;Canarias;5
2017;1;1386.7;Libre;;Total CCAA;Canarias;5
2018;1;1440.8;Libre;;Total CCAA;Canarias;5
2019;1;1512.5;Libre;;Total CCAA;Canarias;5
2020;1;1533.2;Libre;;Total CCAA;Canarias;5
2021;1;1498.6;Libre;;Total CCAA;Canarias;5
2022;1;1594.8;Libre;;Total CCAA;Canarias;5
2023;1;1670.3;Libre;;Total CCAA;Canarias;5
2024;1;1789.1;Libre;;Total CCAA;Canarias;5
2025;1;1965.7;Libre;;Total CCAA;Canarias;5
2026;1;2233.7;Libre;;Total CCAA;Canarias;5
1995;1;616.9;Libre;;Total CCAA;Castilla y León;7
1996;1;618.1;Libre;;Total CCAA;Castilla y León;7
1997;1;640.2;Libre;;Total CCAA;Castilla y León;7
1998;1;657.4;Libre;;Total CCAA;Castilla y León;7
1999;1;696.7;Libre;;Total CCAA;Castilla y León;7
2000;1;766.8;Libre;;Total CCAA;Castilla y León;7
2001;1;844.2;Libre;;Total CCAA;Castilla y León;7
2002;1;900.7;Libre;;Total CCAA;Castilla y León;7
2003;1;970.8;Libre;;Total CCAA;Castilla y León;7
2004;1;1067.8;Libre;;Total CCAA;Castilla y León;7
2005;1;1228.8;Libre;;Total CCAA;Castilla y León;7
2006;1;1373.8;Libre;;Total CCAA;Castilla y León;7
2007;1;1480.7;Libre;;Total CCAA;Castilla y León;7
2008;1;1522.5;Libre;;Total CCAA;Castilla y León;7
2009;1;1416.8;Libre;;Total CCAA;Castilla y León;7
2010;1;1395.9;Libre;;Total CCAA;Castilla y León;7
2011;1;1331.4;Libre;;Total CCAA;Castilla y León;7
2012;1;1233.2;Libre;;Total CCAA;Castilla y León;7
2013;1;1160.7;Libre;;Total CCAA;Castilla y León;7
2014;1;1083.5;Libre;;Total CCAA;Castilla y León;7
2015;1;1043.2;Libre;;Total CCAA;Castilla y León;7
2016;1;1063.6;Libre;;Total CCAA;Castilla y León;7
2017;1;1052.2;Libre;;Total CCAA;Castilla y León;7
2018;1;1045.4;Libre;;Total CCAA;Castilla y León;7
2019;1;1049.6;Libre;;Total CCAA;Castilla y León;7
2020;1;1036.7;Libre;;Total CCAA;Castilla y León;7
2021;1;1015.4;Libre;;Total CCAA;Castilla y León;7
2022;1;1045;Libre;;Total CCAA;Castilla y León;7
2023;1;1056.6;Libre;;Total CCAA;Castilla y León;7
2024;1;1080.3;Libre;;Total CCAA;Castilla y León;7
2025;1;1140.7;Libre;;Total CCAA;Castilla y León;7
2026;1;1290.6;Libre;;Total CCAA;Castilla y León;7
1995;1;505.3;Libre;;Total CCAA;Castilla-La Mancha;8
1996;1;510.1;Libre;;Total CCAA;Castilla-La Mancha;8
1997;1;519.5;Libre;;Total CCAA;Castilla-La Mancha;8
1998;1;532.5;Libre;;Total CCAA;Castilla-La Mancha;8
1999;1;551.4;Libre;;Total CCAA;Castilla-La Mancha;8
2000;1;593.9;Libre;;Total CCAA;Castilla-La Mancha;8
2001;1;648.2;Libre;;Total CCAA;Castilla-La Mancha;8
2002;1;735.6;Libre;;Total CCAA;Castilla-La Mancha;8
2003;1;820.6;Libre;;Total CCAA;Castilla-La Mancha;8
2004;1;956.4;Libre;;Total CCAA;Castilla-La Mancha;8
2005;1;1180.7;Libre;;Total CCAA;Castilla-La Mancha;8
2006;1;1321.2;Libre;;Total CCAA;Castilla-La Mancha;8
2007;1;1407.4;Libre;;Total CCAA;Castilla-La Mancha;8
2008;1;1447.5;Libre;;Total CCAA;Castilla-La Mancha;8
2009;1;1279.9;Libre;;Total CCAA;Castilla-La Mancha;8
2010;1;1235;Libre;;Total CCAA;Castilla-La Mancha;8
2011;1;1198.1;Libre;;Total CCAA;Castilla-La Mancha;8
2012;1;1110;Libre;;Total CCAA;Castilla-La Mancha;8
2013;1;986.7;Libre;;Total CCAA;Castilla-La Mancha;8
2014;1;893.5;Libre;;Total CCAA;Castilla-La Mancha;8
2015;1;882.9;Libre;;Total CCAA;Castilla-La Mancha;8
2016;1;882.5;Libre;;Total CCAA;Castilla-La Mancha;8
2017;1;878.9;Libre;;Total CCAA;Castilla-La Mancha;8
2018;1;869.5;Libre;;Total CCAA;Castilla-La Mancha;8
2019;1;885.7;Libre;;Total CCAA;Castilla-La Mancha;8
2020;1;873.2;Libre;;Total CCAA;Castilla-La Mancha;8
2021;1;870.4;Libre;;Total CCAA;Castilla-La Mancha;8
2022;1;913;Libre;;Total CCAA;Castilla-La Mancha;8
2023;1;929.1;Libre;;Total CCAA;Castilla-La Mancha;8
2024;1;956.2;Libre;;Total CCAA;Castilla-La Mancha;8
2025;1;1036.5;Libre;;Total CCAA;Castilla-La Mancha;8
2026;1;1172.3;Libre;;Total CCAA;Castilla-La Mancha;8
1995;1;735;Libre;;Total CCAA;Cataluña;9
1996;1;754.3;Libre;;Total CCAA;Cataluña;9
1997;1;781.3;Libre;;Total CCAA;Cataluña;9
1998;1;812.2;Libre;;Total CCAA;Cataluña;9
1999;1;918.3;Libre;;Total CCAA;Cataluña;9
2000;1;1039.8;Libre;;Total CCAA;Cataluña;9
2001;1;1178.7;Libre;;Total CCAA;Cataluña;9
2002;1;1306;Libre;;Total CCAA;Cataluña;9
2003;1;1456.5;Libre;;Total CCAA;Cataluña;9
2004;1;1668.7;Libre;;Total CCAA;Cataluña;9
2005;1;1929.1;Libre;;Total CCAA;Cataluña;9
2006;1;2176;Libre;;Total CCAA;Cataluña;9
2007;1;2357.4;Libre;;Total CCAA;Cataluña;9
2008;1;2457.6;Libre;;Total CCAA;Cataluña;9
2009;1;2361.2;Libre;;Total CCAA;Cataluña;9
2010;1;2245.8;Libre;;Total CCAA;Cataluña;9
2011;1;2145.2;Libre;;Total CCAA;Cataluña;9
2012;1;1959.9;Libre;;Total CCAA;Cataluña;9
2013;1;1752.9;Libre;;Total CCAA;Cataluña;9
2014;1;1657.9;Libre;;Total CCAA;Cataluña;9
2015;1;1654.6;Libre;;Total CCAA;Cataluña;9
2016;1;1735.2;Libre;;Total CCAA;Cataluña;9
2017;1;1829.1;Libre;;Total CCAA;Cataluña;9
2018;1;1906;Libre;;Total CCAA;Cataluña;9
2019;1;2018.9;Libre;;Total CCAA;Cataluña;9
2020;1;2030.2;Libre;;Total CCAA;Cataluña;9
2021;1;2016.2;Libre;;Total CCAA;Cataluña;9
2022;1;2160.1;Libre;;Total CCAA;Cataluña;9
2023;1;2186.3;Libre;;Total CCAA;Cataluña;9
2024;1;2265.6;Libre;;Total CCAA;Cataluña;9
2025;1;2453.7;Libre;;Total CCAA;Cataluña;9
2026;1;2748.7;Libre;;Total CCAA;Cataluña;9
1995;1;479.2;Libre;;Total CCAA;Comunitat Valenciana;10
1996;1;496.7;Libre;;Total CCAA;Comunitat Valenciana;10
1997;1;515.6;Libre;;Total CCAA;Comunitat Valenciana;10
1998;1;537.2;Libre;;Total CCAA;Comunitat Valenciana;10
1999;1;592.6;Libre;;Total CCAA;Comunitat Valenciana;10
2000;1;673.6;Libre;;Total CCAA;Comunitat Valenciana;10
2001;1;741;Libre;;Total CCAA;Comunitat Valenciana;10
2002;1;861.2;Libre;;Total CCAA;Comunitat Valenciana;10
2003;1;1011;Libre;;Total CCAA;Comunitat Valenciana;10
2004;1;1140.6;Libre;;Total CCAA;Comunitat Valenciana;10
2005;1;1349.8;Libre;;Total CCAA;Comunitat Valenciana;10
2006;1;1537.4;Libre;;Total CCAA;Comunitat Valenciana;10
2007;1;1626.5;Libre;;Total CCAA;Comunitat Valenciana;10
2008;1;1684.6;Libre;;Total CCAA;Comunitat Valenciana;10
2009;1;1573.9;Libre;;Total CCAA;Comunitat Valenciana;10
2010;1;1476.7;Libre;;Total CCAA;Comunitat Valenciana;10
2011;1;1383.5;Libre;;Total CCAA;Comunitat Valenciana;10
2012;1;1271.4;Libre;;Total CCAA;Comunitat Valenciana;10
2013;1;1143;Libre;;Total CCAA;Comunitat Valenciana;10
2014;1;1114.9;Libre;;Total CCAA;Comunitat Valenciana;10
2015;1;1122.6;Libre;;Total CCAA;Comunitat Valenciana;10
2016;1;1149.9;Libre;;Total CCAA;Comunitat Valenciana;10
2017;1;1158;Libre;;Total CCAA;Comunitat Valenciana;10
2018;1;1176.6;Libre;;Total CCAA;Comunitat Valenciana;10
2019;1;1225.7;Libre;;Total CCAA;Comunitat Valenciana;10
2020;1;1214.2;Libre;;Total CCAA;Comunitat Valenciana;10
2021;1;1220.6;Libre;;Total CCAA;Comunitat Valenciana;10
2022;1;1320.4;Libre;;Total CCAA;Comunitat Valenciana;10
2023;1;1363.5;Libre;;Total CCAA;Comunitat Valenciana;10
2024;1;1459.2;Libre;;Total CCAA;Comunitat Valenciana;10
2025;1;1618.9;Libre;;Total CCAA;Comunitat Valenciana;10
2026;1;1898.1;Libre;;Total CCAA;Comunitat Valenciana;10
1995;1;394.7;Libre;;Total CCAA;Extremadura;11
1996;1;401.4;Libre;;Total CCAA;Extremadura;11
1997;1;413.1;Libre;;Total CCAA;Extremadura;11
1998;1;415.6;Libre;;Total CCAA;Extremadura;11
1999;1;441.6;Libre;;Total CCAA;Extremadura;11
2000;1;476.7;Libre;;Total CCAA;Extremadura;11
2001;1;517.7;Libre;;Total CCAA;Extremadura;11
2002;1;567.8;Libre;;Total CCAA;Extremadura;11
2003;1;627.2;Libre;;Total CCAA;Extremadura;11
2004;1;724.2;Libre;;Total CCAA;Extremadura;11
2005;1;836.3;Libre;;Total CCAA;Extremadura;11
2006;1;914.9;Libre;;Total CCAA;Extremadura;11
2007;1;978.5;Libre;;Total CCAA;Extremadura;11
2008;1;1027;Libre;;Total CCAA;Extremadura;11
2009;1;1015.3;Libre;;Total CCAA;Extremadura;11
2010;1;999.7;Libre;;Total CCAA;Extremadura;11
2011;1;984.3;Libre;;Total CCAA;Extremadura;11
2012;1;932.9;Libre;;Total CCAA;Extremadura;11
2013;1;889.6;Libre;;Total CCAA;Extremadura;11
2014;1;848.8;Libre;;Total CCAA;Extremadura;11
2015;1;853.6;Libre;;Total CCAA;Extremadura;11
2016;1;885.2;Libre;;Total CCAA;Extremadura;11
2017;1;864.6;Libre;;Total CCAA;Extremadura;11
2018;1;861.7;Libre;;Total CCAA;Extremadura;11
2019;1;847.8;Libre;;Total CCAA;Extremadura;11
2020;1;867.8;Libre;;Total CCAA;Extremadura;11
2021;1;833.5;Libre;;Total CCAA;Extremadura;11
2022;1;864.5;Libre;;Total CCAA;Extremadura;11
2023;1;880.4;Libre;;Total CCAA;Extremadura;11
2024;1;888.3;Libre;;Total CCAA;Extremadura;11
2025;1;913.1;Libre;;Total CCAA;Extremadura;11
2026;1;970.5;Libre;;Total CCAA;Extremadura;11
1995;1;584.5;Libre;;Total CCAA;Galicia;12
1996;1;600.5;Libre;;Total CCAA;Galicia;12
1997;1;607.4;Libre;;Total CCAA;Galicia;12
1998;1;639.4;Libre;;Total CCAA;Galicia;12
1999;1;662.3;Libre;;Total CCAA;Galicia;12
2000;1;694.3;Libre;;Total CCAA;Galicia;12
2001;1;767.6;Libre;;Total CCAA;Galicia;12
2002;1;792.7;Libre;;Total CCAA;Galicia;12
2003;1;898;Libre;;Total CCAA;Galicia;12
2004;1;1006.6;Libre;;Total CCAA;Galicia;12
2005;1;1143.9;Libre;;Total CCAA;Galicia;12
2006;1;1309.8;Libre;;Total CCAA;Galicia;12
2007;1;1471.1;Libre;;Total CCAA;Galicia;12
2008;1;1571.7;Libre;;Total CCAA;Galicia;12
2009;1;1471.2;Libre;;Total CCAA;Galicia;12
2010;1;1460;Libre;;Total CCAA;Galicia;12
2011;1;1405;Libre;;Total CCAA;Galicia;12
2012;1;1302.3;Libre;;Total CCAA;Galicia;12
2013;1;1207.8;Libre;;Total CCAA;Galicia;12
2014;1;1194.7;Libre;;Total CCAA;Galicia;12
2015;1;1167.4;Libre;;Total CCAA;Galicia;12
2016;1;1197.5;Libre;;Total CCAA;Galicia;12
2017;1;1179.6;Libre;;Total CCAA;Galicia;12
2018;1;1188.9;Libre;;Total CCAA;Galicia;12
2019;1;1190.4;Libre;;Total CCAA;Galicia;12
2020;1;1198.2;Libre;;Total CCAA;Galicia;12
2021;1;1210.2;Libre;;Total CCAA;Galicia;12
2022;1;1236.7;Libre;;Total CCAA;Galicia;12
2023;1;1286.3;Libre;;Total CCAA;Galicia;12
2024;1;1338.4;Libre;;Total CCAA;Galicia;12
2025;1;1435.9;Libre;;Total CCAA;Galicia;12
2026;1;1627.4;Libre;;Total CCAA;Galicia;12
1995;1;1078.4;Libre;;Total CCAA;Madrid, Comunidad de;13
1996;1;1104.5;Libre;;Total CCAA;Madrid, Comunidad de;13
1997;1;1054.8;Libre;;Total CCAA;Madrid, Comunidad de;13
1998;1;1070.5;Libre;;Total CCAA;Madrid, Comunidad de;13
1999;1;1075.8;Libre;;Total CCAA;Madrid, Comunidad de;13
2000;1;1201.4;Libre;;Total CCAA;Madrid, Comunidad de;13
2001;1;1321.8;Libre;;Total CCAA;Madrid, Comunidad de;13
2002;1;1612.3;Libre;;Total CCAA;Madrid, Comunidad de;13
2003;1;1936.9;Libre;;Total CCAA;Madrid, Comunidad de;13
2004;1;2298.1;Libre;;Total CCAA;Madrid, Comunidad de;13
2005;1;2617.4;Libre;;Total CCAA;Madrid, Comunidad de;13
2006;1;2873.9;Libre;;Total CCAA;Madrid, Comunidad de;13
2007;1;3002.2;Libre;;Total CCAA;Madrid, Comunidad de;13
2008;1;3004.8;Libre;;Total CCAA;Madrid, Comunidad de;13
2009;1;2706.4;Libre;;Total CCAA;Madrid, Comunidad de;13
2010;1;2591.2;Libre;;Total CCAA;Madrid, Comunidad de;13
2011;1;2360.9;Libre;;Total CCAA;Madrid, Comunidad de;13
2012;1;2181.6;Libre;;Total CCAA;Madrid, Comunidad de;13
2013;1;1998.6;Libre;;Total CCAA;Madrid, Comunidad de;13
2014;1;2010.6;Libre;;Total CCAA;Madrid, Comunidad de;13
2015;1;2044.1;Libre;;Total CCAA;Madrid, Comunidad de;13
2016;1;2129.6;Libre;;Total CCAA;Madrid, Comunidad de;13
2017;1;2234.5;Libre;;Total CCAA;Madrid, Comunidad de;13
2018;1;2413.2;Libre;;Total CCAA;Madrid, Comunidad de;13
2019;1;2612.7;Libre;;Total CCAA;Madrid, Comunidad de;13
2020;1;2637.2;Libre;;Total CCAA;Madrid, Comunidad de;13
2021;1;2598.6;Libre;;Total CCAA;Madrid, Comunidad de;13
2022;1;2846.2;Libre;;Total CCAA;Madrid, Comunidad de;13
2023;1;2978.3;Libre;;Total CCAA;Madrid, Comunidad de;13
2024;1;3116.7;Libre;;Total CCAA;Madrid, Comunidad de;13
2025;1;3476.6;Libre;;Total CCAA;Madrid, Comunidad de;13
2026;1;4047.5;Libre;;Total CCAA;Madrid, Comunidad de;13
1995;1;926.5;Libre;;Total CCAA;País Vasco;16
1996;1;938.7;Libre;;Total CCAA;País Vasco;16
1997;1;938.7;Libre;;Total CCAA;País Vasco;16
1998;1;970.5;Libre;;Total CCAA;País Vasco;16
1999;1;1090.3;Libre;;Total CCAA;País Vasco;16
2000;1;1342.1;Libre;;Total CCAA;País Vasco;16
2001;1;1562.1;Libre;;Total CCAA;País Vasco;16
2002;1;1750.3;Libre;;Total CCAA;País Vasco;16
2003;1;2026.6;Libre;;Total CCAA;País Vasco;16
2004;1;2143.9;Libre;;Total CCAA;País Vasco;16
2005;1;2444.6;Libre;;Total CCAA;País Vasco;16
2006;1;2716;Libre;;Total CCAA;País Vasco;16
2007;1;2872.4;Libre;;Total CCAA;País Vasco;16
2008;1;3035.8;Libre;;Total CCAA;País Vasco;16
2009;1;2843.1;Libre;;Total CCAA;País Vasco;16
2010;1;2698.8;Libre;;Total CCAA;País Vasco;16
2011;1;2603.5;Libre;;Total CCAA;País Vasco;16
2012;1;2553.9;Libre;;Total CCAA;País Vasco;16
2013;1;2524.1;Libre;;Total CCAA;País Vasco;16
2014;1;2441;Libre;;Total CCAA;País Vasco;16
2015;1;2405.1;Libre;;Total CCAA;País Vasco;16
2016;1;2360.2;Libre;;Total CCAA;País Vasco;16
2017;1;2396.8;Libre;;Total CCAA;País Vasco;16
2018;1;2360.4;Libre;;Total CCAA;País Vasco;16
2019;1;2405.6;Libre;;Total CCAA;País Vasco;16
2020;1;2401.9;Libre;;Total CCAA;País Vasco;16
2021;1;2428.7;Libre;;Total CCAA;País Vasco;16
2022;1;2502.2;Libre;;Total CCAA;País Vasco;16
2023;1;2540.8;Libre;;Total CCAA;País Vasco;16
2024;1;2575.2;Libre;;Total CCAA;País Vasco;16
2025;1;2715.8;Libre;;Total CCAA;País Vasco;16
2026;1;3036.3;Libre;;Total CCAA;País Vasco;16
2005;1;1158.2;Protegida;;Total CCAA;País Vasco;16
2006;1;1166.3;Protegida;;Total CCAA;País Vasco;16
2007;1;1147.8;Protegida;;Total CCAA;País Vasco;16
2008;1;1216.3;Protegida;;Total CCAA;País Vasco;16
2009;1;1211.1;Protegida;;Total CCAA;País Vasco;16
2010;1;1228.5;Protegida;;Total CCAA;País Vasco;16
2011;1;1242.7;Protegida;;Total CCAA;País Vasco;16
2012;1;1204.5;Protegida;;Total CCAA;País Vasco;16
2013;1;1164;Protegida;;Total CCAA;País Vasco;16
2014;1;1113;Protegida;;Total CCAA;País Vasco;16
2015;1;1139.7;Protegida;;Total CCAA;País Vasco;16
2016;1;1162.8;Protegida;;Total CCAA;País Vasco;16
2017;1;1128.2;Protegida;;Total CCAA;País Vasco;16
2018;1;1133.2;Protegida;;Total CCAA;País Vasco;16
2019;1;1156;Protegida;;Total CCAA;País Vasco;16
2020;1;1143.2;Protegida;;Total CCAA;País Vasco;16
2021;1;1147.4;Protegida;;Total CCAA;País Vasco;16
2022;1;1131;Protegida;;Total CCAA;País Vasco;16
2023;1;1112.4;Protegida;;Total CCAA;País Vasco;16
2024;1;1114.8;Protegida;;Total CCAA;País Vasco;16
2025;1;1107.8;Protegida;;Total CCAA;País Vasco;16
2026;1;1191.4;Protegida;;Total CCAA;País Vasco;16
2005;1;981.6;Protegida;;Total CCAA;Madrid, Comunidad de;13
2006;1;1025.2;Protegida;;Total CCAA;Madrid, Comunidad de;13
2007;1;1086.7;Protegida;;Total CCAA;Madrid, Comunidad de;13
2008;1;1108.6;Protegida;;Total CCAA;Madrid, Comunidad de;13
2009;1;1221.88;Protegida;;Total CCAA;Madrid, Comunidad de;13
2010;1;1219.4;Protegida;;Total CCAA;Madrid, Comunidad de;13
2011;1;1264;Protegida;;Total CCAA;Madrid, Comunidad de;13
2012;1;1352.8;Protegida;;Total CCAA;Madrid, Comunidad de;13
2013;1;1392;Protegida;;Total CCAA;Madrid, Comunidad de;13
2014;1;1357.8;Protegida;;Total CCAA;Madrid, Comunidad de;13
2015;1;1343.8;Protegida;;Total CCAA;Madrid, Comunidad de;13
2016;1;1379;Protegida;;Total CCAA;Madrid, Comunidad de;13
2017;1;1375.8;Protegida;;Total CCAA;Madrid, Comunidad de;13
2018;1;1359.2;Protegida;;Total CCAA;Madrid, Comunidad de;13
2019;1;1363.1;Protegida;;Total CCAA;Madrid, Comunidad de;13
2020;1;1371.6;Protegida;;Total CCAA;Madrid, Comunidad de;13
2021;1;1386.8;Protegida;;Total CCAA;Madrid, Comunidad de;13
2022;1;1380.5;Protegida;;Total CCAA;Madrid, Comunidad de;13
2023;1;1444.8;Protegida;;Total CCAA;Madrid, Comunidad de;13
2024;1;1452.2;Protegida;;Total CCAA;Madrid, Comunidad de;13
2025;1;1431.4;Protegida;;Total CCAA;Madrid, Comunidad de;13
2026;1;1503.6;Protegida;;Total CCAA;Madrid, Comunidad de;13
2005;1;825.3;Protegida;;Total CCAA;Galicia;12
2006;1;906.2;Protegida;;Total CCAA;Galicia;12
2007;1;966.4;Protegida;;Total CCAA;Galicia;12
2008;1;1022.6;Protegida;;Total CCAA;Galicia;12
2009;1;1042.1;Protegida;;Total CCAA;Galicia;12
2010;1;1016.8;Protegida;;Total CCAA;Galicia;12
2011;1;1061.3;Protegida;;Total CCAA;Galicia;12
2012;1;1119.9;Protegida;;Total CCAA;Galicia;12
2013;1;1028.3;Protegida;;Total CCAA;Galicia;12
2014;1;950.7;Protegida;;Total CCAA;Galicia;12
2015;1;920.2;Protegida;;Total CCAA;Galicia;12
2016;1;921;Protegida;;Total CCAA;Galicia;12
2017;1;950.6;Protegida;;Total CCAA;Galicia;12
2018;1;937.8;Protegida;;Total CCAA;Galicia;12
2019;1;929.2;Protegida;;Total CCAA;Galicia;12
2020;1;928.7;Protegida;;Total CCAA;Galicia;12
2021;1;958.1;Protegida;;Total CCAA;Galicia;12
2022;1;1012.3;Protegida;;Total CCAA;Galicia;12
2023;1;1061.2;Protegida;;Total CCAA;Galicia;12
2024;1;1081.7;Protegida;;Total CCAA;Galicia;12
2025;1;1084.5;Protegida;;Total CCAA;Galicia;12
2026;1;1119.7;Protegida;;Total CCAA;Galicia;12
2005;1;767.6;Protegida;;Total CCAA;Extremadura;11
2006;1;763;Protegida;;Total CCAA;Extremadura;11
2007;1;774.5;Protegida;;Total CCAA;Extremadura;11
2008;1;859.9;Protegida;;Total CCAA;Extremadura;11
2009;1;918.6;Protegida;;Total CCAA;Extremadura;11
2010;1;947.2;Protegida;;Total CCAA;Extremadura;11
2011;1;913.4;Protegida;;Total CCAA;Extremadura;11
2012;1;849;Protegida;;Total CCAA;Extremadura;11
2013;1;805.2;Protegida;;Total CCAA;Extremadura;11
2014;1;766.1;Protegida;;Total CCAA;Extremadura;11
2015;1;754.8;Protegida;;Total CCAA;Extremadura;11
2016;1;743.2;Protegida;;Total CCAA;Extremadura;11
2017;1;766.7;Protegida;;Total CCAA;Extremadura;11
2018;1;755.7;Protegida;;Total CCAA;Extremadura;11
2019;1;761.2;Protegida;;Total CCAA;Extremadura;11
2020;1;766.4;Protegida;;Total CCAA;Extremadura;11
2021;1;768.8;Protegida;;Total CCAA;Extremadura;11
2022;1;768.3;Protegida;;Total CCAA;Extremadura;11
2023;1;751.7;Protegida;;Total CCAA;Extremadura;11
2024;1;743.5;Protegida;;Total CCAA;Extremadura;11
2025;1;740.3;Protegida;;Total CCAA;Extremadura;11
2026;1;776.8;Protegida;;Total CCAA;Extremadura;11
2005;1;866.1;Protegida;;Total CCAA;Comunitat Valenciana;10
2006;1;924.1;Protegida;;Total CCAA;Comunitat Valenciana;10
2007;1;1002.9;Protegida;;Total CCAA;Comunitat Valenciana;10
2008;1;1102.9;Protegida;;Total CCAA;Comunitat Valenciana;10
2009;1;1100.4;Protegida;;Total CCAA;Comunitat Valenciana;10
2010;1;1132.9;Protegida;;Total CCAA;Comunitat Valenciana;10
2011;1;1135.5;Protegida;;Total CCAA;Comunitat Valenciana;10
2012;1;1094.8;Protegida;;Total CCAA;Comunitat Valenciana;10
2013;1;1075.7;Protegida;;Total CCAA;Comunitat Valenciana;10
2014;1;1091.3;Protegida;;Total CCAA;Comunitat Valenciana;10
2015;1;1087;Protegida;;Total CCAA;Comunitat Valenciana;10
2016;1;1094;Protegida;;Total CCAA;Comunitat Valenciana;10
2017;1;1106.6;Protegida;;Total CCAA;Comunitat Valenciana;10
2018;1;1093.4;Protegida;;Total CCAA;Comunitat Valenciana;10
2019;1;1094;Protegida;;Total CCAA;Comunitat Valenciana;10
2020;1;1097;Protegida;;Total CCAA;Comunitat Valenciana;10
2021;1;1102;Protegida;;Total CCAA;Comunitat Valenciana;10
2022;1;1099.7;Protegida;;Total CCAA;Comunitat Valenciana;10
2023;1;1111.4;Protegida;;Total CCAA;Comunitat Valenciana;10
2024;1;1110.6;Protegida;;Total CCAA;Comunitat Valenciana;10
2025;1;1092.8;Protegida;;Total CCAA;Comunitat Valenciana;10
2026;1;1148.9;Protegida;;Total CCAA;Comunitat Valenciana;10
2005;1;1112.3;Protegida;;Total CCAA;Cataluña;9
2006;1;1123.4;Protegida;;Total CCAA;Cataluña;9
2007;1;1164.6;Protegida;;Total CCAA;Cataluña;9
2008;1;1253.6;Protegida;;Total CCAA;Cataluña;9
2009;1;1238.9;Protegida;;Total CCAA;Cataluña;9
2010;1;1250.3;Protegida;;Total CCAA;Cataluña;9
2011;1;1280.3;Protegida;;Total CCAA;Cataluña;9
2012;1;1309.2;Protegida;;Total CCAA;Cataluña;9
2013;1;1343.6;Protegida;;Total CCAA;Cataluña;9
2014;1;1273.9;Protegida;;Total CCAA;Cataluña;9
2015;1;1234.3;Protegida;;Total CCAA;Cataluña;9
2016;1;1210;Protegida;;Total CCAA;Cataluña;9
2017;1;1225.7;Protegida;;Total CCAA;Cataluña;9
2018;1;1204.3;Protegida;;Total CCAA;Cataluña;9
2019;1;1209.3;Protegida;;Total CCAA;Cataluña;9
2020;1;1217.3;Protegida;;Total CCAA;Cataluña;9
2021;1;1208.8;Protegida;;Total CCAA;Cataluña;9
2022;1;1193.1;Protegida;;Total CCAA;Cataluña;9
2023;1;1216.5;Protegida;;Total CCAA;Cataluña;9
2024;1;1201;Protegida;;Total CCAA;Cataluña;9
2025;1;1220.3;Protegida;;Total CCAA;Cataluña;9
2026;1;1280.5;Protegida;;Total CCAA;Cataluña;9
2005;1;839;Protegida;;Total CCAA;Castilla-La Mancha;8
2006;1;863.3;Protegida;;Total CCAA;Castilla-La Mancha;8
2007;1;898.6;Protegida;;Total CCAA;Castilla-La Mancha;8
2008;1;985.9;Protegida;;Total CCAA;Castilla-La Mancha;8
2009;1;999.1;Protegida;;Total CCAA;Castilla-La Mancha;8
2010;1;1025.3;Protegida;;Total CCAA;Castilla-La Mancha;8
2011;1;1063.9;Protegida;;Total CCAA;Castilla-La Mancha;8
2012;1;1076.4;Protegida;;Total CCAA;Castilla-La Mancha;8
2013;1;1052.9;Protegida;;Total CCAA;Castilla-La Mancha;8
2014;1;990.9;Protegida;;Total CCAA;Castilla-La Mancha;8
2015;1;950.7;Protegida;;Total CCAA;Castilla-La Mancha;8
2016;1;932.3;Protegida;;Total CCAA;Castilla-La Mancha;8
2017;1;955.6;Protegida;;Total CCAA;Castilla-La Mancha;8
2018;1;976.2;Protegida;;Total CCAA;Castilla-La Mancha;8
2019;1;974.1;Protegida;;Total CCAA;Castilla-La Mancha;8
2020;1;969.9;Protegida;;Total CCAA;Castilla-La Mancha;8
2021;1;975.9;Protegida;;Total CCAA;Castilla-La Mancha;8
2022;1;998.9;Protegida;;Total CCAA;Castilla-La Mancha;8
2023;1;999.6;Protegida;;Total CCAA;Castilla-La Mancha;8
2024;1;992.3;Protegida;;Total CCAA;Castilla-La Mancha;8
2025;1;1017.5;Protegida;;Total CCAA;Castilla-La Mancha;8
2026;1;1063.6;Protegida;;Total CCAA;Castilla-La Mancha;8
2005;1;851;Protegida;;Total CCAA;Castilla y León;7
2006;1;962.5;Protegida;;Total CCAA;Castilla y León;7
2007;1;986.3;Protegida;;Total CCAA;Castilla y León;7
2008;1;1060.6;Protegida;;Total CCAA;Castilla y León;7
2009;1;1040.4;Protegida;;Total CCAA;Castilla y León;7
2010;1;1041.6;Protegida;;Total CCAA;Castilla y León;7
2011;1;1053.8;Protegida;;Total CCAA;Castilla y León;7
2012;1;1082.5;Protegida;;Total CCAA;Castilla y León;7
2013;1;1053.5;Protegida;;Total CCAA;Castilla y León;7
2014;1;1002.5;Protegida;;Total CCAA;Castilla y León;7
2015;1;989.7;Protegida;;Total CCAA;Castilla y León;7
2016;1;982.6;Protegida;;Total CCAA;Castilla y León;7
2017;1;1007.5;Protegida;;Total CCAA;Castilla y León;7
2018;1;994.8;Protegida;;Total CCAA;Castilla y León;7
2019;1;986.8;Protegida;;Total CCAA;Castilla y León;7
2020;1;984.2;Protegida;;Total CCAA;Castilla y León;7
2021;1;1003.8;Protegida;;Total CCAA;Castilla y León;7
2022;1;1010.8;Protegida;;Total CCAA;Castilla y León;7
2023;1;1027.8;Protegida;;Total CCAA;Castilla y León;7
2024;1;1042.3;Protegida;;Total CCAA;Castilla y León;7
2025;1;1052.2;Protegida;;Total CCAA;Castilla y León;7
2026;1;1095.2;Protegida;;Total CCAA;Castilla y León;7
2005;1;834.8;Protegida;;Total CCAA;Canarias;5
2006;1;931.6;Protegida;;Total CCAA;Canarias;5
2007;1;1008.4;Protegida;;Total CCAA;Canarias;5
2008;1;1094.9;Protegida;;Total CCAA;Canarias;5
2009;1;1061.5;Protegida;;Total CCAA;Canarias;5
2010;1;1076.1;Protegida;;Total CCAA;Canarias;5
2011;1;1114.5;Protegida;;Total CCAA;Canarias;5
2012;1;1150.4;Protegida;;Total CCAA;Canarias;5
2013;1;1091.9;Protegida;;Total CCAA;Canarias;5
2014;1;1018.5;Protegida;;Total CCAA;Canarias;5
2015;1;955;Protegida;;Total CCAA;Canarias;5
2016;1;975.9;Protegida;;Total CCAA;Canarias;5
2017;1;1004;Protegida;;Total CCAA;Canarias;5
2018;1;968.1;Protegida;;Total CCAA;Canarias;5
2019;1;985.8;Protegida;;Total CCAA;Canarias;5
2020;1;973.9;Protegida;;Total CCAA;Canarias;5
2021;1;987.7;Protegida;;Total CCAA;Canarias;5
2022;1;1022.3;Protegida;;Total CCAA;Canarias;5
2023;1;1098.2;Protegida;;Total CCAA;Canarias;5
2024;1;1140.8;Protegida;;Total CCAA;Canarias;5
2025;1;1162.7;Protegida;;Total CCAA;Canarias;5
2026;1;1220.4;Protegida;;Total CCAA;Canarias;5
2005;1;934.9;Protegida;;Total CCAA;Asturias, Principado de;3
2006;1;998.4;Protegida;;Total CCAA;Asturias, Principado de;3
2007;1;1021.7;Protegida;;Total CCAA;Asturias, Principado de;3
2008;1;1107.4;Protegida;;Total CCAA;Asturias, Principado de;3
2009;1;1082.2;Protegida;;Total CCAA;Asturias, Principado de;3
2010;1;1106.2;Protegida;;Total CCAA;Asturias, Principado de;3
2011;1;1168.6;Protegida;;Total CCAA;Asturias, Principado de;3
2012;1;1239.4;Protegida;;Total CCAA;Asturias, Principado de;3
2013;1;1149.1;Protegida;;Total CCAA;Asturias, Principado de;3
2014;1;1106.3;Protegida;;Total CCAA;Asturias, Principado de;3
2015;1;1077.3;Protegida;;Total CCAA;Asturias, Principado de;3
2016;1;1080;Protegida;;Total CCAA;Asturias, Principado de;3
2017;1;1066.9;Protegida;;Total CCAA;Asturias, Principado de;3
2018;1;1087.2;Protegida;;Total CCAA;Asturias, Principado de;3
2019;1;1082.5;Protegida;;Total CCAA;Asturias, Principado de;3
2020;1;1077.9;Protegida;;Total CCAA;Asturias, Principado de;3
2021;1;1074.8;Protegida;;Total CCAA;Asturias, Principado de;3
2022;1;1070.3;Protegida;;Total CCAA;Asturias, Principado de;3
2023;1;1076.6;Protegida;;Total CCAA;Asturias, Principado de;3
2024;1;1062.4;Protegida;;Total CCAA;Asturias, Principado de;3
2025;1;1061.2;Protegida;;Total CCAA;Asturias, Principado de;3
2026;1;1124.3;Protegida;;Total CCAA;Asturias, Principado de;3
2005;1;832.1;Protegida;;Total CCAA;Aragón;2
2006;1;920.3;Protegida;;Total CCAA;Aragón;2
2007;1;970.2;Protegida;;Total CCAA;Aragón;2
2008;1;1050.4;Protegida;;Total CCAA;Aragón;2
2009;1;1049.6;Protegida;;Total CCAA;Aragón;2
2010;1;1038.4;Protegida;;Total CCAA;Aragón;2
2011;1;1072;Protegida;;Total CCAA;Aragón;2
2012;1;1168.1;Protegida;;Total CCAA;Aragón;2
2013;1;1162.4;Protegida;;Total CCAA;Aragón;2
2014;1;1074.2;Protegida;;Total CCAA;Aragón;2
2015;1;1031.2;Protegida;;Total CCAA;Aragón;2
2016;1;1020.2;Protegida;;Total CCAA;Aragón;2
2017;1;1079.7;Protegida;;Total CCAA;Aragón;2
2018;1;1046.7;Protegida;;Total CCAA;Aragón;2
2019;1;1013.5;Protegida;;Total CCAA;Aragón;2
2020;1;1040.5;Protegida;;Total CCAA;Aragón;2
2021;1;1062.9;Protegida;;Total CCAA;Aragón;2
2022;1;1070.3;Protegida;;Total CCAA;Aragón;2
2023;1;1097.4;Protegida;;Total CCAA;Aragón;2
2024;1;1120.6;Protegida;;Total CCAA;Aragón;2
2025;1;1116.8;Protegida;;Total CCAA;Aragón;2
2026;1;1182.1;Protegida;;Total CCAA;Aragón;2
2005;1;836;Protegida;;Total CCAA;Andalucía;1
2006;1;885.3;Protegida;;Total CCAA;Andalucía;1
2007;1;920.4;Protegida;;Total CCAA;Andalucía;1
2008;1;1001.8;Protegida;;Total CCAA;Andalucía;1
2009;1;1019.6;Protegida;;Total CCAA;Andalucía;1
2010;1;1027.5;Protegida;;Total CCAA;Andalucía;1
2011;1;1085.3;Protegida;;Total CCAA;Andalucía;1
2012;1;1129.6;Protegida;;Total CCAA;Andalucía;1
2013;1;1182.1;Protegida;;Total CCAA;Andalucía;1
2014;1;1084.3;Protegida;;Total CCAA;Andalucía;1
2015;1;1070.9;Protegida;;Total CCAA;Andalucía;1
2016;1;1059.2;Protegida;;Total CCAA;Andalucía;1
2017;1;1100.3;Protegida;;Total CCAA;Andalucía;1
2018;1;1105;Protegida;;Total CCAA;Andalucía;1
2019;1;1094.3;Protegida;;Total CCAA;Andalucía;1
2020;1;1110.6;Protegida;;Total CCAA;Andalucía;1
2021;1;1118.8;Protegida;;Total CCAA;Andalucía;1
2022;1;1133;Protegida;;Total CCAA;Andalucía;1
2023;1;1160.6;Protegida;;Total CCAA;Andalucía;1
2024;1;1160.7;Protegida;;Total CCAA;Andalucía;1
2025;1;1180.4;Protegida;;Total CCAA;Andalucía;1
2026;1;1229.9;Protegida;;Total CCAA;Andalucía;1
2005;2;844.4;Protegida;;Total CCAA;Andalucía;1
2006;2;886.2;Protegida;;Total CCAA;Andalucía;1
2007;2;936.3;Protegida;;Total CCAA;Andalucía;1
2008;2;1024.1;Protegida;;Total CCAA;Andalucía;1
2009;2;1045.8;Protegida;;Total CCAA;Andalucía;1
2010;2;1046.5;Protegida;;Total CCAA;Andalucía;1
2011;2;1093.8;Protegida;;Total CCAA;Andalucía;1
2012;2;1154.5;Protegida;;Total CCAA;Andalucía;1
2013;2;1153.7;Protegida;;Total CCAA;Andalucía;1
2014;2;1067.6;Protegida;;Total CCAA;Andalucía;1
2015;2;1078.4;Protegida;;Total CCAA;Andalucía;1
2016;2;1061.7;Protegida;;Total CCAA;Andalucía;1
2017;2;1103.9;Protegida;;Total CCAA;Andalucía;1
2018;2;1105;Protegida;;Total CCAA;Andalucía;1
2019;2;1094;Protegida;;Total CCAA;Andalucía;1
2020;2;1108.2;Protegida;;Total CCAA;Andalucía;1
2021;2;1132.1;Protegida;;Total CCAA;Andalucía;1
2022;2;1142.1;Protegida;;Total CCAA;Andalucía;1
2023;2;1158.9;Protegida;;Total CCAA;Andalucía;1
2024;2;1177.1;Protegida;;Total CCAA;Andalucía;1
2025;2;1194.2;Protegida;;Total CCAA;Andalucía;1
2026;2;1246.3;Protegida;;Total CCAA;Andalucía;1
2005;2;844.6;Protegida;;Total CCAA;Aragón;2
2006;2;921.1;Protegida;;Total CCAA;Aragón;2
2007;2;988.5;Protegida;;Total CCAA;Aragón;2
2008;2;1054.3;Protegida;;Total CCAA;Aragón;2
2009;2;1044.2;Protegida;;Total CCAA;Aragón;2
2010;2;1076.7;Protegida;;Total CCAA;Aragón;2
2011;2;1099.2;Protegida;;Total CCAA;Aragón;2
2012;2;1174.7;Protegida;;Total CCAA;Aragón;2
2013;2;1152.5;Protegida;;Total CCAA;Aragón;2
2014;2;1060.9;Protegida;;Total CCAA;Aragón;2
2015;2;1020.2;Protegida;;Total CCAA;Aragón;2
2016;2;1026.8;Protegida;;Total CCAA;Aragón;2
2017;2;1071.5;Protegida;;Total CCAA;Aragón;2
2018;2;1030.7;Protegida;;Total CCAA;Aragón;2
2019;2;1020.1;Protegida;;Total CCAA;Aragón;2
2020;2;1060.9;Protegida;;Total CCAA;Aragón;2
2021;2;1067.7;Protegida;;Total CCAA;Aragón;2
2022;2;1097;Protegida;;Total CCAA;Aragón;2
2023;2;1115.2;Protegida;;Total CCAA;Aragón;2
2024;2;1112.8;Protegida;;Total CCAA;Aragón;2
2025;2;1142.2;Protegida;;Total CCAA;Aragón;2
2026;2;1208.9;Protegida;;Total CCAA;Aragón;2
2005;2;932.1;Protegida;;Total CCAA;Asturias, Principado de;3
2006;2;1017.1;Protegida;;Total CCAA;Asturias, Principado de;3
2007;2;1033.4;Protegida;;Total CCAA;Asturias, Principado de;3
2008;2;1074.6;Protegida;;Total CCAA;Asturias, Principado de;3
2009;2;1094.2;Protegida;;Total CCAA;Asturias, Principado de;3
2010;2;1127.4;Protegida;;Total CCAA;Asturias, Principado de;3
2011;2;1179.6;Protegida;;Total CCAA;Asturias, Principado de;3
2012;2;1227.8;Protegida;;Total CCAA;Asturias, Principado de;3
2013;2;1123.3;Protegida;;Total CCAA;Asturias, Principado de;3
2014;2;1120.1;Protegida;;Total CCAA;Asturias, Principado de;3
2015;2;1059.2;Protegida;;Total CCAA;Asturias, Principado de;3
2016;2;1097.6;Protegida;;Total CCAA;Asturias, Principado de;3
2017;2;1084.5;Protegida;;Total CCAA;Asturias, Principado de;3
2018;2;1085.5;Protegida;;Total CCAA;Asturias, Principado de;3
2019;2;1070.7;Protegida;;Total CCAA;Asturias, Principado de;3
2020;2;1095.2;Protegida;;Total CCAA;Asturias, Principado de;3
2021;2;1067.7;Protegida;;Total CCAA;Asturias, Principado de;3
2022;2;1074.4;Protegida;;Total CCAA;Asturias, Principado de;3
2023;2;1068.1;Protegida;;Total CCAA;Asturias, Principado de;3
2024;2;1060.2;Protegida;;Total CCAA;Asturias, Principado de;3
2025;2;1073.2;Protegida;;Total CCAA;Asturias, Principado de;3
2026;2;1141.2;Protegida;;Total CCAA;Asturias, Principado de;3
2005;2;842.3;Protegida;;Total CCAA;Canarias;5
2006;2;957.5;Protegida;;Total CCAA;Canarias;5
2007;2;1025.1;Protegida;;Total CCAA;Canarias;5
2008;2;1106.1;Protegida;;Total CCAA;Canarias;5
2009;2;1056.2;Protegida;;Total CCAA;Canarias;5
2010;2;1086.1;Protegida;;Total CCAA;Canarias;5
2011;2;1125.3;Protegida;;Total CCAA;Canarias;5
2012;2;1171.2;Protegida;;Total CCAA;Canarias;5
2013;2;1077.7;Protegida;;Total CCAA;Canarias;5
2014;2;1000.9;Protegida;;Total CCAA;Canarias;5
2015;2;973.4;Protegida;;Total CCAA;Canarias;5
2016;2;965;Protegida;;Total CCAA;Canarias;5
2017;2;988.6;Protegida;;Total CCAA;Canarias;5
2018;2;956.7;Protegida;;Total CCAA;Canarias;5
2019;2;981.5;Protegida;;Total CCAA;Canarias;5
2020;2;976;Protegida;;Total CCAA;Canarias;5
2021;2;1011.1;Protegida;;Total CCAA;Canarias;5
2022;2;1030.2;Protegida;;Total CCAA;Canarias;5
2023;2;1106.6;Protegida;;Total CCAA;Canarias;5
2024;2;1161.6;Protegida;;Total CCAA;Canarias;5
2025;2;1187.7;Protegida;;Total CCAA;Canarias;5
2026;2;1231.2;Protegida;;Total CCAA;Canarias;5
2005;2;856.1;Protegida;;Total CCAA;Castilla y León;7
2006;2;962.5;Protegida;;Total CCAA;Castilla y León;7
2007;2;991.4;Protegida;;Total CCAA;Castilla y León;7
2008;2;1035.7;Protegida;;Total CCAA;Castilla y León;7
2009;2;1027.9;Protegida;;Total CCAA;Castilla y León;7
2010;2;1049.3;Protegida;;Total CCAA;Castilla y León;7
2011;2;1047.6;Protegida;;Total CCAA;Castilla y León;7
2012;2;1095.2;Protegida;;Total CCAA;Castilla y León;7
2013;2;1040.8;Protegida;;Total CCAA;Castilla y León;7
2014;2;997.4;Protegida;;Total CCAA;Castilla y León;7
2015;2;989.7;Protegida;;Total CCAA;Castilla y León;7
2016;2;986.3;Protegida;;Total CCAA;Castilla y León;7
2017;2;996.9;Protegida;;Total CCAA;Castilla y León;7
2018;2;994.6;Protegida;;Total CCAA;Castilla y León;7
2019;2;977.6;Protegida;;Total CCAA;Castilla y León;7
2020;2;992.8;Protegida;;Total CCAA;Castilla y León;7
2021;2;1004.9;Protegida;;Total CCAA;Castilla y León;7
2022;2;1021.8;Protegida;;Total CCAA;Castilla y León;7
2023;2;1033.4;Protegida;;Total CCAA;Castilla y León;7
2024;2;1041.7;Protegida;;Total CCAA;Castilla y León;7
2025;2;1067.6;Protegida;;Total CCAA;Castilla y León;7
2026;2;1121.7;Protegida;;Total CCAA;Castilla y León;7
2005;2;834;Protegida;;Total CCAA;Castilla-La Mancha;8
2006;2;857.5;Protegida;;Total CCAA;Castilla-La Mancha;8
2007;2;904.4;Protegida;;Total CCAA;Castilla-La Mancha;8
2008;2;990.9;Protegida;;Total CCAA;Castilla-La Mancha;8
2009;2;994.1;Protegida;;Total CCAA;Castilla-La Mancha;8
2010;2;1039.9;Protegida;;Total CCAA;Castilla-La Mancha;8
2011;2;1068.9;Protegida;;Total CCAA;Castilla-La Mancha;8
2012;2;1083.1;Protegida;;Total CCAA;Castilla-La Mancha;8
2013;2;1056.3;Protegida;;Total CCAA;Castilla-La Mancha;8
2014;2;978.3;Protegida;;Total CCAA;Castilla-La Mancha;8
2015;2;949.1;Protegida;;Total CCAA;Castilla-La Mancha;8
2016;2;948.1;Protegida;;Total CCAA;Castilla-La Mancha;8
2017;2;964.7;Protegida;;Total CCAA;Castilla-La Mancha;8
2018;2;970.8;Protegida;;Total CCAA;Castilla-La Mancha;8
2019;2;973.6;Protegida;;Total CCAA;Castilla-La Mancha;8
2020;2;982.3;Protegida;;Total CCAA;Castilla-La Mancha;8
2021;2;986.3;Protegida;;Total CCAA;Castilla-La Mancha;8
2022;2;1011.6;Protegida;;Total CCAA;Castilla-La Mancha;8
2023;2;997;Protegida;;Total CCAA;Castilla-La Mancha;8
2024;2;985.7;Protegida;;Total CCAA;Castilla-La Mancha;8
2025;2;1036.6;Protegida;;Total CCAA;Castilla-La Mancha;8
2026;2;1079.4;Protegida;;Total CCAA;Castilla-La Mancha;8
2005;2;1131.2;Protegida;;Total CCAA;Cataluña;9
2006;2;1119;Protegida;;Total CCAA;Cataluña;9
2007;2;1182.4;Protegida;;Total CCAA;Cataluña;9
2008;2;1271.3;Protegida;;Total CCAA;Cataluña;9
2009;2;1231.5;Protegida;;Total CCAA;Cataluña;9
2010;2;1270.8;Protegida;;Total CCAA;Cataluña;9
2011;2;1296.3;Protegida;;Total CCAA;Cataluña;9
2012;2;1330.4;Protegida;;Total CCAA;Cataluña;9
2013;2;1319.5;Protegida;;Total CCAA;Cataluña;9
2014;2;1274.9;Protegida;;Total CCAA;Cataluña;9
2015;2;1222.4;Protegida;;Total CCAA;Cataluña;9
2016;2;1201;Protegida;;Total CCAA;Cataluña;9
2017;2;1215.1;Protegida;;Total CCAA;Cataluña;9
2018;2;1214.6;Protegida;;Total CCAA;Cataluña;9
2019;2;1204.9;Protegida;;Total CCAA;Cataluña;9
2020;2;1210.9;Protegida;;Total CCAA;Cataluña;9
2021;2;1208.5;Protegida;;Total CCAA;Cataluña;9
2022;2;1200.4;Protegida;;Total CCAA;Cataluña;9
2023;2;1196.5;Protegida;;Total CCAA;Cataluña;9
2024;2;1217.2;Protegida;;Total CCAA;Cataluña;9
2025;2;1240.3;Protegida;;Total CCAA;Cataluña;9
2026;2;1318.5;Protegida;;Total CCAA;Cataluña;9
2005;2;875.6;Protegida;;Total CCAA;Comunitat Valenciana;10
2006;2;971.8;Protegida;;Total CCAA;Comunitat Valenciana;10
2007;2;1032.4;Protegida;;Total CCAA;Comunitat Valenciana;10
2008;2;1097.3;Protegida;;Total CCAA;Comunitat Valenciana;10
2009;2;1091.6;Protegida;;Total CCAA;Comunitat Valenciana;10
2010;2;1149;Protegida;;Total CCAA;Comunitat Valenciana;10
2011;2;1134.6;Protegida;;Total CCAA;Comunitat Valenciana;10
2012;2;1112.1;Protegida;;Total CCAA;Comunitat Valenciana;10
2013;2;1068.8;Protegida;;Total CCAA;Comunitat Valenciana;10
2014;2;1083.5;Protegida;;Total CCAA;Comunitat Valenciana;10
2015;2;1087.8;Protegida;;Total CCAA;Comunitat Valenciana;10
2016;2;1096.5;Protegida;;Total CCAA;Comunitat Valenciana;10
2017;2;1095.7;Protegida;;Total CCAA;Comunitat Valenciana;10
2018;2;1103.8;Protegida;;Total CCAA;Comunitat Valenciana;10
2019;2;1086.9;Protegida;;Total CCAA;Comunitat Valenciana;10
2020;2;1099.3;Protegida;;Total CCAA;Comunitat Valenciana;10
2021;2;1105.4;Protegida;;Total CCAA;Comunitat Valenciana;10
2022;2;1097.6;Protegida;;Total CCAA;Comunitat Valenciana;10
2023;2;1119.2;Protegida;;Total CCAA;Comunitat Valenciana;10
2024;2;1111.4;Protegida;;Total CCAA;Comunitat Valenciana;10
2025;2;1115.9;Protegida;;Total CCAA;Comunitat Valenciana;10
2026;2;1177.9;Protegida;;Total CCAA;Comunitat Valenciana;10
2005;2;769.9;Protegida;;Total CCAA;Extremadura;11
2006;2;736.9;Protegida;;Total CCAA;Extremadura;11
2007;2;790.6;Protegida;;Total CCAA;Extremadura;11
2008;2;903.5;Protegida;;Total CCAA;Extremadura;11
2009;2;923.2;Protegida;;Total CCAA;Extremadura;11
2010;2;934.9;Protegida;;Total CCAA;Extremadura;11
2011;2;892.9;Protegida;;Total CCAA;Extremadura;11
2012;2;843.6;Protegida;;Total CCAA;Extremadura;11
2013;2;794.8;Protegida;;Total CCAA;Extremadura;11
2014;2;762;Protegida;;Total CCAA;Extremadura;11
2015;2;754;Protegida;;Total CCAA;Extremadura;11
2016;2;742.2;Protegida;;Total CCAA;Extremadura;11
2017;2;763.3;Protegida;;Total CCAA;Extremadura;11
2018;2;761.9;Protegida;;Total CCAA;Extremadura;11
2019;2;758.1;Protegida;;Total CCAA;Extremadura;11
2020;2;759.2;Protegida;;Total CCAA;Extremadura;11
2021;2;754.1;Protegida;;Total CCAA;Extremadura;11
2022;2;761.1;Protegida;;Total CCAA;Extremadura;11
2023;2;748.8;Protegida;;Total CCAA;Extremadura;11
2024;2;741.7;Protegida;;Total CCAA;Extremadura;11
2025;2;752.4;Protegida;;Total CCAA;Extremadura;11
2026;2;791.7;Protegida;;Total CCAA;Extremadura;11
2005;2;822;Protegida;;Total CCAA;Galicia;12
2006;2;945;Protegida;;Total CCAA;Galicia;12
2007;2;967.3;Protegida;;Total CCAA;Galicia;12
2008;2;1049.9;Protegida;;Total CCAA;Galicia;12
2009;2;1008.8;Protegida;;Total CCAA;Galicia;12
2010;2;1041.4;Protegida;;Total CCAA;Galicia;12
2011;2;1067.1;Protegida;;Total CCAA;Galicia;12
2012;2;1125.7;Protegida;;Total CCAA;Galicia;12
2013;2;989.5;Protegida;;Total CCAA;Galicia;12
2014;2;935.1;Protegida;;Total CCAA;Galicia;12
2015;2;907;Protegida;;Total CCAA;Galicia;12
2016;2;933.4;Protegida;;Total CCAA;Galicia;12
2017;2;950.8;Protegida;;Total CCAA;Galicia;12
2018;2;929.4;Protegida;;Total CCAA;Galicia;12
2019;2;930.3;Protegida;;Total CCAA;Galicia;12
2020;2;948.5;Protegida;;Total CCAA;Galicia;12
2021;2;952.1;Protegida;;Total CCAA;Galicia;12
2022;2;1019.1;Protegida;;Total CCAA;Galicia;12
2023;2;1086.5;Protegida;;Total CCAA;Galicia;12
2024;2;1083;Protegida;;Total CCAA;Galicia;12
2025;2;1098.4;Protegida;;Total CCAA;Galicia;12
2026;2;1142.6;Protegida;;Total CCAA;Galicia;12
2005;2;1008.1;Protegida;;Total CCAA;Madrid, Comunidad de;13
2006;2;1050.8;Protegida;;Total CCAA;Madrid, Comunidad de;13
2007;2;1098.7;Protegida;;Total CCAA;Madrid, Comunidad de;13
2008;2;1135.6;Protegida;;Total CCAA;Madrid, Comunidad de;13
2009;2;1193.7;Protegida;;Total CCAA;Madrid, Comunidad de;13
2010;2;1241.3;Protegida;;Total CCAA;Madrid, Comunidad de;13
2011;2;1277.2;Protegida;;Total CCAA;Madrid, Comunidad de;13
2012;2;1401.3;Protegida;;Total CCAA;Madrid, Comunidad de;13
2013;2;1377.4;Protegida;;Total CCAA;Madrid, Comunidad de;13
2014;2;1359.6;Protegida;;Total CCAA;Madrid, Comunidad de;13
2015;2;1329.3;Protegida;;Total CCAA;Madrid, Comunidad de;13
2016;2;1352;Protegida;;Total CCAA;Madrid, Comunidad de;13
2017;2;1384.1;Protegida;;Total CCAA;Madrid, Comunidad de;13
2018;2;1356.3;Protegida;;Total CCAA;Madrid, Comunidad de;13
2019;2;1367.4;Protegida;;Total CCAA;Madrid, Comunidad de;13
2020;2;1395;Protegida;;Total CCAA;Madrid, Comunidad de;13
2021;2;1389.2;Protegida;;Total CCAA;Madrid, Comunidad de;13
2022;2;1412.8;Protegida;;Total CCAA;Madrid, Comunidad de;13
2023;2;1433.5;Protegida;;Total CCAA;Madrid, Comunidad de;13
2024;2;1431.1;Protegida;;Total CCAA;Madrid, Comunidad de;13
2025;2;1459.9;Protegida;;Total CCAA;Madrid, Comunidad de;13
2026;2;1558.3;Protegida;;Total CCAA;Madrid, Comunidad de;13
2005;2;1150.1;Protegida;;Total CCAA;País Vasco;16
2006;2;1140.8;Protegida;;Total CCAA;País Vasco;16
2007;2;1173.3;Protegida;;Total CCAA;País Vasco;16
2008;2;1224.6;Protegida;;Total CCAA;País Vasco;16
2009;2;1201.4;Protegida;;Total CCAA;País Vasco;16
2010;2;1249;Protegida;;Total CCAA;País Vasco;16
2011;2;1230.5;Protegida;;Total CCAA;País Vasco;16
2012;2;1195.3;Protegida;;Total CCAA;País Vasco;16
2013;2;1139.7;Protegida;;Total CCAA;País Vasco;16
2014;2;1126.9;Protegida;;Total CCAA;País Vasco;16
2015;2;1144.3;Protegida;;Total CCAA;País Vasco;16
2016;2;1155.9;Protegida;;Total CCAA;País Vasco;16
2017;2;1135.8;Protegida;;Total CCAA;País Vasco;16
2018;2;1123.5;Protegida;;Total CCAA;País Vasco;16
2019;2;1157.8;Protegida;;Total CCAA;País Vasco;16
2020;2;1142.2;Protegida;;Total CCAA;País Vasco;16
2021;2;1144.5;Protegida;;Total CCAA;País Vasco;16
2022;2;1128.4;Protegida;;Total CCAA;País Vasco;16
2023;2;1119.8;Protegida;;Total CCAA;País Vasco;16
2024;2;1115.4;Protegida;;Total CCAA;País Vasco;16
2025;2;1126.8;Protegida;;Total CCAA;País Vasco;16
2026;2;1223.5;Protegida;;Total CCAA;País Vasco;16
2005;4;1161.7;Protegida;;Total CCAA;País Vasco;16
2006;4;1087.5;Protegida;;Total CCAA;País Vasco;16
2007;4;1194.8;Protegida;;Total CCAA;País Vasco;16
2008;4;1245.1;Protegida;;Total CCAA;País Vasco;16
2009;4;1214.2;Protegida;;Total CCAA;País Vasco;16
2010;4;1282.9;Protegida;;Total CCAA;País Vasco;16
2011;4;1199.9;Protegida;;Total CCAA;País Vasco;16
2012;4;1158.2;Protegida;;Total CCAA;País Vasco;16
2013;4;1123.5;Protegida;;Total CCAA;País Vasco;16
2014;4;1154.7;Protegida;;Total CCAA;País Vasco;16
2015;4;1158.2;Protegida;;Total CCAA;País Vasco;16
2016;4;1133.9;Protegida;;Total CCAA;País Vasco;16
2017;4;1152;Protegida;;Total CCAA;País Vasco;16
2018;4;1152.1;Protegida;;Total CCAA;País Vasco;16
2019;4;1153.5;Protegida;;Total CCAA;País Vasco;16
2020;4;1134;Protegida;;Total CCAA;País Vasco;16
2021;4;1151.6;Protegida;;Total CCAA;País Vasco;16
2022;4;1110.7;Protegida;;Total CCAA;País Vasco;16
2023;4;1116.6;Protegida;;Total CCAA;País Vasco;16
2024;4;1112.5;Protegida;;Total CCAA;País Vasco;16
2025;4;1158;Protegida;;Total CCAA;País Vasco;16
2005;4;1006.2;Protegida;;Total CCAA;Madrid, Comunidad de;13
2006;4;1069.9;Protegida;;Total CCAA;Madrid, Comunidad de;13
2007;4;1105.5;Protegida;;Total CCAA;Madrid, Comunidad de;13
2008;4;1204.6;Protegida;;Total CCAA;Madrid, Comunidad de;13
2009;4;1196.1;Protegida;;Total CCAA;Madrid, Comunidad de;13
2010;4;1261;Protegida;;Total CCAA;Madrid, Comunidad de;13
2011;4;1321.1;Protegida;;Total CCAA;Madrid, Comunidad de;13
2012;4;1395.7;Protegida;;Total CCAA;Madrid, Comunidad de;13
2013;4;1362.8;Protegida;;Total CCAA;Madrid, Comunidad de;13
2014;4;1351.5;Protegida;;Total CCAA;Madrid, Comunidad de;13
2015;4;1341.1;Protegida;;Total CCAA;Madrid, Comunidad de;13
2016;4;1374.5;Protegida;;Total CCAA;Madrid, Comunidad de;13
2017;4;1363.8;Protegida;;Total CCAA;Madrid, Comunidad de;13
2018;4;1365.2;Protegida;;Total CCAA;Madrid, Comunidad de;13
2019;4;1384;Protegida;;Total CCAA;Madrid, Comunidad de;13
2020;4;1373.5;Protegida;;Total CCAA;Madrid, Comunidad de;13
2021;4;1405.1;Protegida;;Total CCAA;Madrid, Comunidad de;13
2022;4;1432.4;Protegida;;Total CCAA;Madrid, Comunidad de;13
2023;4;1449.1;Protegida;;Total CCAA;Madrid, Comunidad de;13
2024;4;1435.2;Protegida;;Total CCAA;Madrid, Comunidad de;13
2025;4;1476.9;Protegida;;Total CCAA;Madrid, Comunidad de;13
2005;4;884.9;Protegida;;Total CCAA;Galicia;12
2006;4;952.4;Protegida;;Total CCAA;Galicia;12
2007;4;1010.7;Protegida;;Total CCAA;Galicia;12
2008;4;1050.6;Protegida;;Total CCAA;Galicia;12
2009;4;1034.6;Protegida;;Total CCAA;Galicia;12
2010;4;1057.3;Protegida;;Total CCAA;Galicia;12
2011;4;1093.4;Protegida;;Total CCAA;Galicia;12
2012;4;1067.6;Protegida;;Total CCAA;Galicia;12
2013;4;955.7;Protegida;;Total CCAA;Galicia;12
2014;4;930.1;Protegida;;Total CCAA;Galicia;12
2015;4;913.6;Protegida;;Total CCAA;Galicia;12
2016;4;944;Protegida;;Total CCAA;Galicia;12
2017;4;946.5;Protegida;;Total CCAA;Galicia;12
2018;4;930.9;Protegida;;Total CCAA;Galicia;12
2019;4;938.5;Protegida;;Total CCAA;Galicia;12
2020;4;944.2;Protegida;;Total CCAA;Galicia;12
2021;4;996.7;Protegida;;Total CCAA;Galicia;12
2022;4;1054.4;Protegida;;Total CCAA;Galicia;12
2023;4;1091.3;Protegida;;Total CCAA;Galicia;12
2024;4;1089.4;Protegida;;Total CCAA;Galicia;12
2025;4;1094.7;Protegida;;Total CCAA;Galicia;12
2005;4;770.2;Protegida;;Total CCAA;Extremadura;11
2006;4;792.8;Protegida;;Total CCAA;Extremadura;11
2007;4;803.7;Protegida;;Total CCAA;Extremadura;11
2008;4;924.2;Protegida;;Total CCAA;Extremadura;11
2009;4;953.4;Protegida;;Total CCAA;Extremadura;11
2010;4;926.5;Protegida;;Total CCAA;Extremadura;11
2011;4;866.6;Protegida;;Total CCAA;Extremadura;11
2012;4;801.4;Protegida;;Total CCAA;Extremadura;11
2013;4;769;Protegida;;Total CCAA;Extremadura;11
2014;4;743.6;Protegida;;Total CCAA;Extremadura;11
2015;4;749.5;Protegida;;Total CCAA;Extremadura;11
2016;4;751.4;Protegida;;Total CCAA;Extremadura;11
2017;4;757;Protegida;;Total CCAA;Extremadura;11
2018;4;751.9;Protegida;;Total CCAA;Extremadura;11
2019;4;764.7;Protegida;;Total CCAA;Extremadura;11
2020;4;777.8;Protegida;;Total CCAA;Extremadura;11
2021;4;775.9;Protegida;;Total CCAA;Extremadura;11
2022;4;759.6;Protegida;;Total CCAA;Extremadura;11
2023;4;744.5;Protegida;;Total CCAA;Extremadura;11
2024;4;735.1;Protegida;;Total CCAA;Extremadura;11
2025;4;765.8;Protegida;;Total CCAA;Extremadura;11
2005;4;925.1;Protegida;;Total CCAA;Comunitat Valenciana;10
2006;4;979.6;Protegida;;Total CCAA;Comunitat Valenciana;10
2007;4;1076.1;Protegida;;Total CCAA;Comunitat Valenciana;10
2008;4;1121.6;Protegida;;Total CCAA;Comunitat Valenciana;10
2009;4;1107.7;Protegida;;Total CCAA;Comunitat Valenciana;10
2010;4;1167.5;Protegida;;Total CCAA;Comunitat Valenciana;10
2011;4;1118.1;Protegida;;Total CCAA;Comunitat Valenciana;10
2012;4;1097.3;Protegida;;Total CCAA;Comunitat Valenciana;10
2013;4;1087;Protegida;;Total CCAA;Comunitat Valenciana;10
2014;4;1085.2;Protegida;;Total CCAA;Comunitat Valenciana;10
2015;4;1075.8;Protegida;;Total CCAA;Comunitat Valenciana;10
2016;4;1107.7;Protegida;;Total CCAA;Comunitat Valenciana;10
2017;4;1087.5;Protegida;;Total CCAA;Comunitat Valenciana;10
2018;4;1097.4;Protegida;;Total CCAA;Comunitat Valenciana;10
2019;4;1089.5;Protegida;;Total CCAA;Comunitat Valenciana;10
2020;4;1101.2;Protegida;;Total CCAA;Comunitat Valenciana;10
2021;4;1094.2;Protegida;;Total CCAA;Comunitat Valenciana;10
2022;4;1108.5;Protegida;;Total CCAA;Comunitat Valenciana;10
2023;4;1107.1;Protegida;;Total CCAA;Comunitat Valenciana;10
2024;4;1108.5;Protegida;;Total CCAA;Comunitat Valenciana;10
2025;4;1132.7;Protegida;;Total CCAA;Comunitat Valenciana;10
2005;4;1127.9;Protegida;;Total CCAA;Cataluña;9
2006;4;1162.4;Protegida;;Total CCAA;Cataluña;9
2007;4;1224.4;Protegida;;Total CCAA;Cataluña;9
2008;4;1276.9;Protegida;;Total CCAA;Cataluña;9
2009;4;1248.9;Protegida;;Total CCAA;Cataluña;9
2010;4;1269.1;Protegida;;Total CCAA;Cataluña;9
2011;4;1303.6;Protegida;;Total CCAA;Cataluña;9
2012;4;1345.1;Protegida;;Total CCAA;Cataluña;9
2013;4;1304.2;Protegida;;Total CCAA;Cataluña;9
2014;4;1250.9;Protegida;;Total CCAA;Cataluña;9
2015;4;1206.5;Protegida;;Total CCAA;Cataluña;9
2016;4;1206;Protegida;;Total CCAA;Cataluña;9
2017;4;1206.7;Protegida;;Total CCAA;Cataluña;9
2018;4;1211.1;Protegida;;Total CCAA;Cataluña;9
2019;4;1210.3;Protegida;;Total CCAA;Cataluña;9
2020;4;1206.7;Protegida;;Total CCAA;Cataluña;9
2021;4;1195.8;Protegida;;Total CCAA;Cataluña;9
2022;4;1207.2;Protegida;;Total CCAA;Cataluña;9
2023;4;1209.2;Protegida;;Total CCAA;Cataluña;9
2024;4;1221.5;Protegida;;Total CCAA;Cataluña;9
2025;4;1260.2;Protegida;;Total CCAA;Cataluña;9
2005;4;857.2;Protegida;;Total CCAA;Castilla-La Mancha;8
2006;4;890.2;Protegida;;Total CCAA;Castilla-La Mancha;8
2007;4;948.4;Protegida;;Total CCAA;Castilla-La Mancha;8
2008;4;1017.7;Protegida;;Total CCAA;Castilla-La Mancha;8
2009;4;1018.5;Protegida;;Total CCAA;Castilla-La Mancha;8
2010;4;1046.2;Protegida;;Total CCAA;Castilla-La Mancha;8
2011;4;1058;Protegida;;Total CCAA;Castilla-La Mancha;8
2012;4;1078.1;Protegida;;Total CCAA;Castilla-La Mancha;8
2013;4;1009.3;Protegida;;Total CCAA;Castilla-La Mancha;8
2014;4;963.3;Protegida;;Total CCAA;Castilla-La Mancha;8
2015;4;944;Protegida;;Total CCAA;Castilla-La Mancha;8
2016;4;959;Protegida;;Total CCAA;Castilla-La Mancha;8
2017;4;955;Protegida;;Total CCAA;Castilla-La Mancha;8
2018;4;976.6;Protegida;;Total CCAA;Castilla-La Mancha;8
2019;4;961.1;Protegida;;Total CCAA;Castilla-La Mancha;8
2020;4;983.1;Protegida;;Total CCAA;Castilla-La Mancha;8
2021;4;996.2;Protegida;;Total CCAA;Castilla-La Mancha;8
2022;4;1005.9;Protegida;;Total CCAA;Castilla-La Mancha;8
2023;4;992.7;Protegida;;Total CCAA;Castilla-La Mancha;8
2024;4;1007.6;Protegida;;Total CCAA;Castilla-La Mancha;8
2025;4;1037.6;Protegida;;Total CCAA;Castilla-La Mancha;8
2005;4;929.2;Protegida;;Total CCAA;Castilla y León;7
2006;4;979.5;Protegida;;Total CCAA;Castilla y León;7
2007;4;1045.9;Protegida;;Total CCAA;Castilla y León;7
2008;4;1067.2;Protegida;;Total CCAA;Castilla y León;7
2009;4;1042.5;Protegida;;Total CCAA;Castilla y León;7
2010;4;1055.2;Protegida;;Total CCAA;Castilla y León;7
2011;4;1066;Protegida;;Total CCAA;Castilla y León;7
2012;4;1064.6;Protegida;;Total CCAA;Castilla y León;7
2013;4;996.5;Protegida;;Total CCAA;Castilla y León;7
2014;4;991.4;Protegida;;Total CCAA;Castilla y León;7
2015;4;991.9;Protegida;;Total CCAA;Castilla y León;7
2016;4;1005;Protegida;;Total CCAA;Castilla y León;7
2017;4;993.8;Protegida;;Total CCAA;Castilla y León;7
2018;4;995.4;Protegida;;Total CCAA;Castilla y León;7
2019;4;980.2;Protegida;;Total CCAA;Castilla y León;7
2020;4;1004;Protegida;;Total CCAA;Castilla y León;7
2021;4;1011.7;Protegida;;Total CCAA;Castilla y León;7
2022;4;1030.1;Protegida;;Total CCAA;Castilla y León;7
2023;4;1031.1;Protegida;;Total CCAA;Castilla y León;7
2024;4;1051.2;Protegida;;Total CCAA;Castilla y León;7
2025;4;1079.5;Protegida;;Total CCAA;Castilla y León;7
2005;4;899.4;Protegida;;Total CCAA;Canarias;5
2006;4;995.1;Protegida;;Total CCAA;Canarias;5
2007;4;1082.2;Protegida;;Total CCAA;Canarias;5
2008;4;1061;Protegida;;Total CCAA;Canarias;5
2009;4;1056;Protegida;;Total CCAA;Canarias;5
2010;4;1088.6;Protegida;;Total CCAA;Canarias;5
2011;4;1132.8;Protegida;;Total CCAA;Canarias;5
2012;4;1124.5;Protegida;;Total CCAA;Canarias;5
2013;4;1038.5;Protegida;;Total CCAA;Canarias;5
2014;4;967.5;Protegida;;Total CCAA;Canarias;5
2015;4;970.9;Protegida;;Total CCAA;Canarias;5
2016;4;993.4;Protegida;;Total CCAA;Canarias;5
2017;4;974.2;Protegida;;Total CCAA;Canarias;5
2018;4;969.1;Protegida;;Total CCAA;Canarias;5
2019;4;997.9;Protegida;;Total CCAA;Canarias;5
2020;4;963.9;Protegida;;Total CCAA;Canarias;5
2021;4;1022.6;Protegida;;Total CCAA;Canarias;5
2022;4;1066;Protegida;;Total CCAA;Canarias;5
2023;4;1128.3;Protegida;;Total CCAA;Canarias;5
2024;4;1161.3;Protegida;;Total CCAA;Canarias;5
2025;4;1204.3;Protegida;;Total CCAA;Canarias;5
2005;4;960.9;Protegida;;Total CCAA;Asturias, Principado de;3
2006;4;1007.3;Protegida;;Total CCAA;Asturias, Principado de;3
2007;4;1075;Protegida;;Total CCAA;Asturias, Principado de;3
2008;4;1089.6;Protegida;;Total CCAA;Asturias, Principado de;3
2009;4;1103.1;Protegida;;Total CCAA;Asturias, Principado de;3
2010;4;1148.5;Protegida;;Total CCAA;Asturias, Principado de;3
2011;4;1241;Protegida;;Total CCAA;Asturias, Principado de;3
2012;4;;Protegida;;Total CCAA;Asturias, Principado de;3
2013;4;1107.3;Protegida;;Total CCAA;Asturias, Principado de;3
2014;4;1098.6;Protegida;;Total CCAA;Asturias, Principado de;3
2015;4;1061;Protegida;;Total CCAA;Asturias, Principado de;3
2016;4;1072.2;Protegida;;Total CCAA;Asturias, Principado de;3
2017;4;1072.4;Protegida;;Total CCAA;Asturias, Principado de;3
2018;4;1075.6;Protegida;;Total CCAA;Asturias, Principado de;3
2019;4;1090.7;Protegida;;Total CCAA;Asturias, Principado de;3
2020;4;1073.2;Protegida;;Total CCAA;Asturias, Principado de;3
2021;4;1077.3;Protegida;;Total CCAA;Asturias, Principado de;3
2022;4;1078.9;Protegida;;Total CCAA;Asturias, Principado de;3
2023;4;1063.4;Protegida;;Total CCAA;Asturias, Principado de;3
2024;4;1056.7;Protegida;;Total CCAA;Asturias, Principado de;3
2025;4;1094;Protegida;;Total CCAA;Asturias, Principado de;3
2005;4;895.5;Protegida;;Total CCAA;Aragón;2
2006;4;965.2;Protegida;;Total CCAA;Aragón;2
2007;4;1039.9;Protegida;;Total CCAA;Aragón;2
2008;4;1051;Protegida;;Total CCAA;Aragón;2
2009;4;1025.1;Protegida;;Total CCAA;Aragón;2
2010;4;1083.4;Protegida;;Total CCAA;Aragón;2
2011;4;1136.1;Protegida;;Total CCAA;Aragón;2
2012;4;1158.3;Protegida;;Total CCAA;Aragón;2
2013;4;1115;Protegida;;Total CCAA;Aragón;2
2014;4;1040.3;Protegida;;Total CCAA;Aragón;2
2015;4;997.7;Protegida;;Total CCAA;Aragón;2
2016;4;1060.9;Protegida;;Total CCAA;Aragón;2
2017;4;1055.6;Protegida;;Total CCAA;Aragón;2
2018;4;1026;Protegida;;Total CCAA;Aragón;2
2019;4;1034.7;Protegida;;Total CCAA;Aragón;2
2020;4;1066.3;Protegida;;Total CCAA;Aragón;2
2021;4;1077.3;Protegida;;Total CCAA;Aragón;2
2022;4;1101.3;Protegida;;Total CCAA;Aragón;2
2023;4;1127.2;Protegida;;Total CCAA;Aragón;2
2024;4;1120.1;Protegida;;Total CCAA;Aragón;2
2025;4;1157.5;Protegida;;Total CCAA;Aragón;2
2005;4;874.9;Protegida;;Total CCAA;Andalucía;1
2006;4;904.6;Protegida;;Total CCAA;Andalucía;1
2007;4;968.1;Protegida;;Total CCAA;Andalucía;1
2008;4;1026.6;Protegida;;Total CCAA;Andalucía;1
2009;4;1008;Protegida;;Total CCAA;Andalucía;1
2010;4;1062.6;Protegida;;Total CCAA;Andalucía;1
2011;4;1128.6;Protegida;;Total CCAA;Andalucía;1
2012;4;1174.6;Protegida;;Total CCAA;Andalucía;1
2013;4;1097.7;Protegida;;Total CCAA;Andalucía;1
2014;4;1072.6;Protegida;;Total CCAA;Andalucía;1
2015;4;1058.4;Protegida;;Total CCAA;Andalucía;1
2016;4;1083.5;Protegida;;Total CCAA;Andalucía;1
2017;4;1116.4;Protegida;;Total CCAA;Andalucía;1
2018;4;1096.9;Protegida;;Total CCAA;Andalucía;1
2019;4;1095.5;Protegida;;Total CCAA;Andalucía;1
2020;4;1123.4;Protegida;;Total CCAA;Andalucía;1
2021;4;1130.2;Protegida;;Total CCAA;Andalucía;1
2022;4;1153.2;Protegida;;Total CCAA;Andalucía;1
2023;4;1161;Protegida;;Total CCAA;Andalucía;1
2024;4;1170.8;Protegida;;Total CCAA;Andalucía;1
2025;4;1208.7;Protegida;;Total CCAA;Andalucía;1
2005;3;849.4;Protegida;;Total CCAA;Andalucía;1
2006;3;893.7;Protegida;;Total CCAA;Andalucía;1
2007;3;951.4;Protegida;;Total CCAA;Andalucía;1
2008;3;1014.1;Protegida;;Total CCAA;Andalucía;1
2009;3;993.7;Protegida;;Total CCAA;Andalucía;1
2010;3;1045;Protegida;;Total CCAA;Andalucía;1
2011;3;1115.2;Protegida;;Total CCAA;Andalucía;1
2012;3;1142;Protegida;;Total CCAA;Andalucía;1
2013;3;1126.1;Protegida;;Total CCAA;Andalucía;1
2014;3;1073.4;Protegida;;Total CCAA;Andalucía;1
2015;3;1066.7;Protegida;;Total CCAA;Andalucía;1
2016;3;1066.7;Protegida;;Total CCAA;Andalucía;1
2017;3;1103.4;Protegida;;Total CCAA;Andalucía;1
2018;3;1102.6;Protegida;;Total CCAA;Andalucía;1
2019;3;1093.7;Protegida;;Total CCAA;Andalucía;1
2020;3;1115.8;Protegida;;Total CCAA;Andalucía;1
2021;3;1124.4;Protegida;;Total CCAA;Andalucía;1
2022;3;1127.7;Protegida;;Total CCAA;Andalucía;1
2023;3;1169.3;Protegida;;Total CCAA;Andalucía;1
2024;3;1171.4;Protegida;;Total CCAA;Andalucía;1
2025;3;1201.3;Protegida;;Total CCAA;Andalucía;1
2005;3;877.9;Protegida;;Total CCAA;Aragón;2
2006;3;958.6;Protegida;;Total CCAA;Aragón;2
2007;3;1004.3;Protegida;;Total CCAA;Aragón;2
2008;3;1047;Protegida;;Total CCAA;Aragón;2
2009;3;1041.3;Protegida;;Total CCAA;Aragón;2
2010;3;1067.9;Protegida;;Total CCAA;Aragón;2
2011;3;1130;Protegida;;Total CCAA;Aragón;2
2012;3;1164.9;Protegida;;Total CCAA;Aragón;2
2013;3;1130;Protegida;;Total CCAA;Aragón;2
2014;3;1051.8;Protegida;;Total CCAA;Aragón;2
2015;3;1005.2;Protegida;;Total CCAA;Aragón;2
2016;3;1032.6;Protegida;;Total CCAA;Aragón;2
2017;3;1064.6;Protegida;;Total CCAA;Aragón;2
2018;3;1018.1;Protegida;;Total CCAA;Aragón;2
2019;3;1034.1;Protegida;;Total CCAA;Aragón;2
2020;3;1083.8;Protegida;;Total CCAA;Aragón;2
2021;3;1064.6;Protegida;;Total CCAA;Aragón;2
2022;3;1087.3;Protegida;;Total CCAA;Aragón;2
2023;3;1117.9;Protegida;;Total CCAA;Aragón;2
2024;3;1111.8;Protegida;;Total CCAA;Aragón;2
2025;3;1148.1;Protegida;;Total CCAA;Aragón;2
2005;3;947.6;Protegida;;Total CCAA;Asturias, Principado de;3
2006;3;1039;Protegida;;Total CCAA;Asturias, Principado de;3
2007;3;1040.3;Protegida;;Total CCAA;Asturias, Principado de;3
2008;3;1100.2;Protegida;;Total CCAA;Asturias, Principado de;3
2009;3;1094.9;Protegida;;Total CCAA;Asturias, Principado de;3
2010;3;1131.7;Protegida;;Total CCAA;Asturias, Principado de;3
2011;3;1214.1;Protegida;;Total CCAA;Asturias, Principado de;3
2012;3;;Protegida;;Total CCAA;Asturias, Principado de;3
2013;3;1140.5;Protegida;;Total CCAA;Asturias, Principado de;3
2014;3;1111.9;Protegida;;Total CCAA;Asturias, Principado de;3
2015;3;1058.5;Protegida;;Total CCAA;Asturias, Principado de;3
2016;3;1076.6;Protegida;;Total CCAA;Asturias, Principado de;3
2017;3;1075.4;Protegida;;Total CCAA;Asturias, Principado de;3
2018;3;1084.6;Protegida;;Total CCAA;Asturias, Principado de;3
2019;3;1078.8;Protegida;;Total CCAA;Asturias, Principado de;3
2020;3;1084.2;Protegida;;Total CCAA;Asturias, Principado de;3
2021;3;1077.9;Protegida;;Total CCAA;Asturias, Principado de;3
2022;3;1077.5;Protegida;;Total CCAA;Asturias, Principado de;3
2023;3;1061.1;Protegida;;Total CCAA;Asturias, Principado de;3
2024;3;1063.5;Protegida;;Total CCAA;Asturias, Principado de;3
2025;3;1085.7;Protegida;;Total CCAA;Asturias, Principado de;3
2005;3;866.5;Protegida;;Total CCAA;Canarias;5
2006;3;972.5;Protegida;;Total CCAA;Canarias;5
2007;3;1041.8;Protegida;;Total CCAA;Canarias;5
2008;3;1095.3;Protegida;;Total CCAA;Canarias;5
2009;3;1036;Protegida;;Total CCAA;Canarias;5
2010;3;1076.1;Protegida;;Total CCAA;Canarias;5
2011;3;1137;Protegida;;Total CCAA;Canarias;5
2012;3;1167.1;Protegida;;Total CCAA;Canarias;5
2013;3;1066;Protegida;;Total CCAA;Canarias;5
2014;3;978.4;Protegida;;Total CCAA;Canarias;5
2015;3;973.4;Protegida;;Total CCAA;Canarias;5
2016;3;965;Protegida;;Total CCAA;Canarias;5
2017;3;981.4;Protegida;;Total CCAA;Canarias;5
2018;3;961.3;Protegida;;Total CCAA;Canarias;5
2019;3;988.7;Protegida;;Total CCAA;Canarias;5
2020;3;971.9;Protegida;;Total CCAA;Canarias;5
2021;3;1023.9;Protegida;;Total CCAA;Canarias;5
2022;3;1043.3;Protegida;;Total CCAA;Canarias;5
2023;3;1126.5;Protegida;;Total CCAA;Canarias;5
2024;3;1161.8;Protegida;;Total CCAA;Canarias;5
2025;3;1196.8;Protegida;;Total CCAA;Canarias;5
2005;3;879.9;Protegida;;Total CCAA;Castilla y León;7
2006;3;962.5;Protegida;;Total CCAA;Castilla y León;7
2007;3;1006.9;Protegida;;Total CCAA;Castilla y León;7
2008;3;1072;Protegida;;Total CCAA;Castilla y León;7
2009;3;1037.4;Protegida;;Total CCAA;Castilla y León;7
2010;3;1049.3;Protegida;;Total CCAA;Castilla y León;7
2011;3;1046.2;Protegida;;Total CCAA;Castilla y León;7
2012;3;1085;Protegida;;Total CCAA;Castilla y León;7
2013;3;1004.2;Protegida;;Total CCAA;Castilla y León;7
2014;3;984.6;Protegida;;Total CCAA;Castilla y León;7
2015;3;991.4;Protegida;;Total CCAA;Castilla y León;7
2016;3;981.2;Protegida;;Total CCAA;Castilla y León;7
2017;3;999.4;Protegida;;Total CCAA;Castilla y León;7
2018;3;991;Protegida;;Total CCAA;Castilla y León;7
2019;3;981.6;Protegida;;Total CCAA;Castilla y León;7
2020;3;997.5;Protegida;;Total CCAA;Castilla y León;7
2021;3;1000.7;Protegida;;Total CCAA;Castilla y León;7
2022;3;1013.4;Protegida;;Total CCAA;Castilla y León;7
2023;3;1040.4;Protegida;;Total CCAA;Castilla y León;7
2024;3;1051.7;Protegida;;Total CCAA;Castilla y León;7
2025;3;1077.2;Protegida;;Total CCAA;Castilla y León;7
2005;3;830.6;Protegida;;Total CCAA;Castilla-La Mancha;8
2006;3;871.7;Protegida;;Total CCAA;Castilla-La Mancha;8
2007;3;916.1;Protegida;;Total CCAA;Castilla-La Mancha;8
2008;3;1004.3;Protegida;;Total CCAA;Castilla-La Mancha;8
2009;3;1008.5;Protegida;;Total CCAA;Castilla-La Mancha;8
2010;3;1036.5;Protegida;;Total CCAA;Castilla-La Mancha;8
2011;3;1080.6;Protegida;;Total CCAA;Castilla-La Mancha;8
2012;3;1084.8;Protegida;;Total CCAA;Castilla-La Mancha;8
2013;3;1027.8;Protegida;;Total CCAA;Castilla-La Mancha;8
2014;3;979.1;Protegida;;Total CCAA;Castilla-La Mancha;8
2015;3;948.1;Protegida;;Total CCAA;Castilla-La Mancha;8
2016;3;953.1;Protegida;;Total CCAA;Castilla-La Mancha;8
2017;3;963.1;Protegida;;Total CCAA;Castilla-La Mancha;8
2018;3;973.2;Protegida;;Total CCAA;Castilla-La Mancha;8
2019;3;968.9;Protegida;;Total CCAA;Castilla-La Mancha;8
2020;3;984.1;Protegida;;Total CCAA;Castilla-La Mancha;8
2021;3;998.2;Protegida;;Total CCAA;Castilla-La Mancha;8
2022;3;1004.2;Protegida;;Total CCAA;Castilla-La Mancha;8
2023;3;988.3;Protegida;;Total CCAA;Castilla-La Mancha;8
2024;3;995.7;Protegida;;Total CCAA;Castilla-La Mancha;8
2025;3;1040.3;Protegida;;Total CCAA;Castilla-La Mancha;8
2005;3;1115.6;Protegida;;Total CCAA;Cataluña;9
2006;3;1133.4;Protegida;;Total CCAA;Cataluña;9
2007;3;1201.3;Protegida;;Total CCAA;Cataluña;9
2008;3;1276;Protegida;;Total CCAA;Cataluña;9
2009;3;1248.7;Protegida;;Total CCAA;Cataluña;9
2010;3;1263.6;Protegida;;Total CCAA;Cataluña;9
2011;3;1288;Protegida;;Total CCAA;Cataluña;9
2012;3;1347.1;Protegida;;Total CCAA;Cataluña;9
2013;3;1320.8;Protegida;;Total CCAA;Cataluña;9
2014;3;1269.6;Protegida;;Total CCAA;Cataluña;9
2015;3;1212;Protegida;;Total CCAA;Cataluña;9
2016;3;1206.4;Protegida;;Total CCAA;Cataluña;9
2017;3;1211.9;Protegida;;Total CCAA;Cataluña;9
2018;3;1216.5;Protegida;;Total CCAA;Cataluña;9
2019;3;1199.2;Protegida;;Total CCAA;Cataluña;9
2020;3;1209.4;Protegida;;Total CCAA;Cataluña;9
2021;3;1200.9;Protegida;;Total CCAA;Cataluña;9
2022;3;1201.6;Protegida;;Total CCAA;Cataluña;9
2023;3;1205.4;Protegida;;Total CCAA;Cataluña;9
2024;3;1210.5;Protegida;;Total CCAA;Cataluña;9
2025;3;1252.1;Protegida;;Total CCAA;Cataluña;9
2005;3;894.7;Protegida;;Total CCAA;Comunitat Valenciana;10
2006;3;979.6;Protegida;;Total CCAA;Comunitat Valenciana;10
2007;3;1050.6;Protegida;;Total CCAA;Comunitat Valenciana;10
2008;3;1117.1;Protegida;;Total CCAA;Comunitat Valenciana;10
2009;3;1110.3;Protegida;;Total CCAA;Comunitat Valenciana;10
2010;3;1166.4;Protegida;;Total CCAA;Comunitat Valenciana;10
2011;3;1123.3;Protegida;;Total CCAA;Comunitat Valenciana;10
2012;3;1124.2;Protegida;;Total CCAA;Comunitat Valenciana;10
2013;3;1051.4;Protegida;;Total CCAA;Comunitat Valenciana;10
2014;3;1083.5;Protegida;;Total CCAA;Comunitat Valenciana;10
2015;3;1089.7;Protegida;;Total CCAA;Comunitat Valenciana;10
2016;3;1097.3;Protegida;;Total CCAA;Comunitat Valenciana;10
2017;3;1093.9;Protegida;;Total CCAA;Comunitat Valenciana;10
2018;3;1098.1;Protegida;;Total CCAA;Comunitat Valenciana;10
2019;3;1086.3;Protegida;;Total CCAA;Comunitat Valenciana;10
2020;3;1094.8;Protegida;;Total CCAA;Comunitat Valenciana;10
2021;3;1101.8;Protegida;;Total CCAA;Comunitat Valenciana;10
2022;3;1095.6;Protegida;;Total CCAA;Comunitat Valenciana;10
2023;3;1105.5;Protegida;;Total CCAA;Comunitat Valenciana;10
2024;3;1109;Protegida;;Total CCAA;Comunitat Valenciana;10
2025;3;1124.2;Protegida;;Total CCAA;Comunitat Valenciana;10
2005;3;766.4;Protegida;;Total CCAA;Extremadura;11
2006;3;768.4;Protegida;;Total CCAA;Extremadura;11
2007;3;792.6;Protegida;;Total CCAA;Extremadura;11
2008;3;914.2;Protegida;;Total CCAA;Extremadura;11
2009;3;941.8;Protegida;;Total CCAA;Extremadura;11
2010;3;922.7;Protegida;;Total CCAA;Extremadura;11
2011;3;884.3;Protegida;;Total CCAA;Extremadura;11
2012;3;822.1;Protegida;;Total CCAA;Extremadura;11
2013;3;785.7;Protegida;;Total CCAA;Extremadura;11
2014;3;758.6;Protegida;;Total CCAA;Extremadura;11
2015;3;740.5;Protegida;;Total CCAA;Extremadura;11
2016;3;740.3;Protegida;;Total CCAA;Extremadura;11
2017;3;750.9;Protegida;;Total CCAA;Extremadura;11
2018;3;743.8;Protegida;;Total CCAA;Extremadura;11
2019;3;759;Protegida;;Total CCAA;Extremadura;11
2020;3;771;Protegida;;Total CCAA;Extremadura;11
2021;3;763;Protegida;;Total CCAA;Extremadura;11
2022;3;758.8;Protegida;;Total CCAA;Extremadura;11
2023;3;747.7;Protegida;;Total CCAA;Extremadura;11
2024;3;741.4;Protegida;;Total CCAA;Extremadura;11
2025;3;756.8;Protegida;;Total CCAA;Extremadura;11
2005;3;848.4;Protegida;;Total CCAA;Galicia;12
2006;3;940.8;Protegida;;Total CCAA;Galicia;12
2007;3;973.9;Protegida;;Total CCAA;Galicia;12
2008;3;1056.3;Protegida;;Total CCAA;Galicia;12
2009;3;1023;Protegida;;Total CCAA;Galicia;12
2010;3;1040.8;Protegida;;Total CCAA;Galicia;12
2011;3;1062.8;Protegida;;Total CCAA;Galicia;12
2012;3;1107.6;Protegida;;Total CCAA;Galicia;12
2013;3;970.6;Protegida;;Total CCAA;Galicia;12
2014;3;922.7;Protegida;;Total CCAA;Galicia;12
2015;3;905.4;Protegida;;Total CCAA;Galicia;12
2016;3;924.3;Protegida;;Total CCAA;Galicia;12
2017;3;949.1;Protegida;;Total CCAA;Galicia;12
2018;3;940.4;Protegida;;Total CCAA;Galicia;12
2019;3;941.8;Protegida;;Total CCAA;Galicia;12
2020;3;946.3;Protegida;;Total CCAA;Galicia;12
2021;3;970.8;Protegida;;Total CCAA;Galicia;12
2022;3;1028.8;Protegida;;Total CCAA;Galicia;12
2023;3;1079.8;Protegida;;Total CCAA;Galicia;12
2024;3;1081.6;Protegida;;Total CCAA;Galicia;12
2025;3;1096.7;Protegida;;Total CCAA;Galicia;12
2005;3;959.2;Protegida;;Total CCAA;Madrid, Comunidad de;13
2006;3;1075.6;Protegida;;Total CCAA;Madrid, Comunidad de;13
2007;3;1101.1;Protegida;;Total CCAA;Madrid, Comunidad de;13
2008;3;1187.5;Protegida;;Total CCAA;Madrid, Comunidad de;13
2009;3;1189.1;Protegida;;Total CCAA;Madrid, Comunidad de;13
2010;3;1246.5;Protegida;;Total CCAA;Madrid, Comunidad de;13
2011;3;1306;Protegida;;Total CCAA;Madrid, Comunidad de;13
2012;3;1381.2;Protegida;;Total CCAA;Madrid, Comunidad de;13
2013;3;1345.8;Protegida;;Total CCAA;Madrid, Comunidad de;13
2014;3;1345.4;Protegida;;Total CCAA;Madrid, Comunidad de;13
2015;3;1349.8;Protegida;;Total CCAA;Madrid, Comunidad de;13
2016;3;1348.3;Protegida;;Total CCAA;Madrid, Comunidad de;13
2017;3;1376.9;Protegida;;Total CCAA;Madrid, Comunidad de;13
2018;3;1355.5;Protegida;;Total CCAA;Madrid, Comunidad de;13
2019;3;1368.9;Protegida;;Total CCAA;Madrid, Comunidad de;13
2020;3;1388.2;Protegida;;Total CCAA;Madrid, Comunidad de;13
2021;3;1408.4;Protegida;;Total CCAA;Madrid, Comunidad de;13
2022;3;1399.6;Protegida;;Total CCAA;Madrid, Comunidad de;13
2023;3;1429.7;Protegida;;Total CCAA;Madrid, Comunidad de;13
2024;3;1431.9;Protegida;;Total CCAA;Madrid, Comunidad de;13
2025;3;1472.2;Protegida;;Total CCAA;Madrid, Comunidad de;13
2005;3;1159.4;Protegida;;Total CCAA;País Vasco;16
2006;3;1118.8;Protegida;;Total CCAA;País Vasco;16
2007;3;1179;Protegida;;Total CCAA;País Vasco;16
2008;3;1254.6;Protegida;;Total CCAA;País Vasco;16
2009;3;1202.3;Protegida;;Total CCAA;País Vasco;16
2010;3;1256;Protegida;;Total CCAA;País Vasco;16
2011;3;1195.3;Protegida;;Total CCAA;País Vasco;16
2012;3;1160.5;Protegida;;Total CCAA;País Vasco;16
2013;3;1140.8;Protegida;;Total CCAA;País Vasco;16
2014;3;1131.6;Protegida;;Total CCAA;País Vasco;16
2015;3;1142;Protegida;;Total CCAA;País Vasco;16
2016;3;1146.6;Protegida;;Total CCAA;País Vasco;16
2017;3;1152.4;Protegida;;Total CCAA;País Vasco;16
2018;3;1138.2;Protegida;;Total CCAA;País Vasco;16
2019;3;1157.5;Protegida;;Total CCAA;País Vasco;16
2020;3;1139.8;Protegida;;Total CCAA;País Vasco;16
2021;3;1131.1;Protegida;;Total CCAA;País Vasco;16
2022;3;1123.6;Protegida;;Total CCAA;País Vasco;16
2023;3;1115.4;Protegida;;Total CCAA;País Vasco;16
2024;3;1115.4;Protegida;;Total CCAA;País Vasco;16
2025;3;1141.5;Protegida;;Total CCAA;País Vasco;16
2026;2;;Protegida;;Total CCAA;;
2005;3;863.3;Protegida;;Total CCAA;Murcia, Region de;
2006;3;898.4;Protegida;;Total CCAA;Murcia, Region de;
2007;3;966.5;Protegida;;Total CCAA;Murcia, Region de;
2008;3;1039.57;Protegida;;Total CCAA;Murcia, Region de;
2009;3;1059.6;Protegida;;Total CCAA;Murcia, Region de;
2010;3;1092.4;Protegida;;Total CCAA;Murcia, Region de;
2011;3;1055.2;Protegida;;Total CCAA;Murcia, Region de;
2012;3;1028.8;Protegida;;Total CCAA;Murcia, Region de;
2013;3;1004.3;Protegida;;Total CCAA;Murcia, Region de;
2014;3;986.7;Protegida;;Total CCAA;Murcia, Region de;
2015;3;971.3;Protegida;;Total CCAA;Murcia, Region de;
2016;3;986.3;Protegida;;Total CCAA;Murcia, Region de;
2017;3;976.8;Protegida;;Total CCAA;Murcia, Region de;
2018;3;988;Protegida;;Total CCAA;Murcia, Region de;
2019;3;982.6;Protegida;;Total CCAA;Murcia, Region de;
2020;3;983.9;Protegida;;Total CCAA;Murcia, Region de;
2021;3;995.1;Protegida;;Total CCAA;Murcia, Region de;
2022;3;982.4;Protegida;;Total CCAA;Murcia, Region de;
2023;3;989.4;Protegida;;Total CCAA;Murcia, Region de;
2024;3;992.6;Protegida;;Total CCAA;Murcia, Region de;
2025;3;1028.5;Protegida;;Total CCAA;Murcia, Region de;
2005;4;909.9;Protegida;;Total CCAA;Murcia, Region de;
2006;4;912;Protegida;;Total CCAA;Murcia, Region de;
2007;4;997.4;Protegida;;Total CCAA;Murcia, Region de;
2008;4;1065.2;Protegida;;Total CCAA;Murcia, Region de;
2009;4;1073.1;Protegida;;Total CCAA;Murcia, Region de;
2010;4;1106.6;Protegida;;Total CCAA;Murcia, Region de;
2011;4;1056.7;Protegida;;Total CCAA;Murcia, Region de;
2012;4;1000.6;Protegida;;Total CCAA;Murcia, Region de;
2013;4;987.8;Protegida;;Total CCAA;Murcia, Region de;
2014;4;983.9;Protegida;;Total CCAA;Murcia, Region de;
2015;4;989.5;Protegida;;Total CCAA;Murcia, Region de;
2016;4;989.1;Protegida;;Total CCAA;Murcia, Region de;
2017;4;976.5;Protegida;;Total CCAA;Murcia, Region de;
2018;4;985.9;Protegida;;Total CCAA;Murcia, Region de;
2019;4;985.4;Protegida;;Total CCAA;Murcia, Region de;
2020;4;986.7;Protegida;;Total CCAA;Murcia, Region de;
2021;4;992.5;Protegida;;Total CCAA;Murcia, Region de;
2022;4;994.1;Protegida;;Total CCAA;Murcia, Region de;
2023;4;996.1;Protegida;;Total CCAA;Murcia, Region de;
2024;4;997.2;Protegida;;Total CCAA;Murcia, Region de;
2025;4;1022.5;Protegida;;Total CCAA;Murcia, Region de;
2005;1;887;Protegida;;Total CCAA;Murcia, Region de;
2006;1;926.5;Protegida;;Total CCAA;Murcia, Region de;
2007;1;926.5;Protegida;;Total CCAA;Murcia, Region de;
2008;1;1014.1;Protegida;;Total CCAA;Murcia, Region de;
2009;1;1070.78;Protegida;;Total CCAA;Murcia, Region de;
2010;1;1072.2;Protegida;;Total CCAA;Murcia, Region de;
2011;1;1064.2;Protegida;;Total CCAA;Murcia, Region de;
2012;1;1030.8;Protegida;;Total CCAA;Murcia, Region de;
2013;1;992.8;Protegida;;Total CCAA;Murcia, Region de;
2014;1;986;Protegida;;Total CCAA;Murcia, Region de;
2015;1;973;Protegida;;Total CCAA;Murcia, Region de;
2016;1;983.1;Protegida;;Total CCAA;Murcia, Region de;
2017;1;993;Protegida;;Total CCAA;Murcia, Region de;
2018;1;992.1;Protegida;;Total CCAA;Murcia, Region de;
2019;1;990.2;Protegida;;Total CCAA;Murcia, Region de;
2020;1;991.6;Protegida;;Total CCAA;Murcia, Region de;
2021;1;986.1;Protegida;;Total CCAA;Murcia, Region de;
2022;1;991.6;Protegida;;Total CCAA;Murcia, Region de;
2023;1;998.3;Protegida;;Total CCAA;Murcia, Region de;
2024;1;992.3;Protegida;;Total CCAA;Murcia, Region de;
2025;1;999.3;Protegida;;Total CCAA;Murcia, Region de;
2026;1;1027.6;Protegida;;Total CCAA;Murcia, Region de;
2005;2;889.7;Protegida;;Total CCAA;Murcia, Region de;
2006;2;917.2;Protegida;;Total CCAA;Murcia, Region de;
2007;2;952.3;Protegida;;Total CCAA;Murcia, Region de;
2008;2;996.2;Protegida;;Total CCAA;Murcia, Region de;
2009;2;1058.2;Protegida;;Total CCAA;Murcia, Region de;
2010;2;1086;Protegida;;Total CCAA;Murcia, Region de;
2011;2;1061.4;Protegida;;Total CCAA;Murcia, Region de;
2012;2;1046.4;Protegida;;Total CCAA;Murcia, Region de;
2013;2;1009.1;Protegida;;Total CCAA;Murcia, Region de;
2014;2;985.3;Protegida;;Total CCAA;Murcia, Region de;
2015;2;963.2;Protegida;;Total CCAA;Murcia, Region de;
2016;2;979.4;Protegida;;Total CCAA;Murcia, Region de;
2017;2;991.8;Protegida;;Total CCAA;Murcia, Region de;
2018;2;993.9;Protegida;;Total CCAA;Murcia, Region de;
2019;2;985.3;Protegida;;Total CCAA;Murcia, Region de;
2020;2;976.2;Protegida;;Total CCAA;Murcia, Region de;
2021;2;986.9;Protegida;;Total CCAA;Murcia, Region de;
2022;2;990.2;Protegida;;Total CCAA;Murcia, Region de;
2023;2;980;Protegida;;Total CCAA;Murcia, Region de;
2024;2;996.1;Protegida;;Total CCAA;Murcia, Region de;
2025;2;1019;Protegida;;Total CCAA;Murcia, Region de;
2026;2;1030.4;Protegida;;Total CCAA;Murcia, Region de;
1995;3;429.7;Libre;;Total CCAA;Murcia, Region de;
1996;3;433.4;Libre;;Total CCAA;Murcia, Region de;
1997;3;445.8;Libre;;Total CCAA;Murcia, Region de;
1998;3;479.3;Libre;;Total CCAA;Murcia, Region de;
1999;3;511.6;Libre;;Total CCAA;Murcia, Region de;
2000;3;586.1;Libre;;Total CCAA;Murcia, Region de;
2001;3;679.3;Libre;;Total CCAA;Murcia, Region de;
2002;3;801;Libre;;Total CCAA;Murcia, Region de;
2003;3;945;Libre;;Total CCAA;Murcia, Region de;
2004;3;1192.1;Libre;;Total CCAA;Murcia, Region de;
2005;3;1344.9;Libre;;Total CCAA;Murcia, Region de;
2006;3;1456.6;Libre;;Total CCAA;Murcia, Region de;
2007;3;1611.9;Libre;;Total CCAA;Murcia, Region de;
2008;3;1603.2;Libre;;Total CCAA;Murcia, Region de;
2009;3;1382.2;Libre;;Total CCAA;Murcia, Region de;
2010;3;1361;Libre;;Total CCAA;Murcia, Region de;
2011;3;1248.5;Libre;;Total CCAA;Murcia, Region de;
2012;3;1129.1;Libre;;Total CCAA;Murcia, Region de;
2013;3;1048.5;Libre;;Total CCAA;Murcia, Region de;
2014;3;993.7;Libre;;Total CCAA;Murcia, Region de;
2015;3;988.6;Libre;;Total CCAA;Murcia, Region de;
2016;3;984.2;Libre;;Total CCAA;Murcia, Region de;
2017;3;967.9;Libre;;Total CCAA;Murcia, Region de;
2018;3;963.1;Libre;;Total CCAA;Murcia, Region de;
2019;3;989.3;Libre;;Total CCAA;Murcia, Region de;
2020;3;957.7;Libre;;Total CCAA;Murcia, Region de;
2021;3;985.8;Libre;;Total CCAA;Murcia, Region de;
2022;3;1030.5;Libre;;Total CCAA;Murcia, Region de;
2023;3;1054.7;Libre;;Total CCAA;Murcia, Region de;
2024;3;1095.3;Libre;;Total CCAA;Murcia, Region de;
2025;3;1216.3;Libre;;Total CCAA;Murcia, Region de;
1995;4;428.4;Libre;;Total CCAA;Murcia, Region de;
1996;4;433.4;Libre;;Total CCAA;Murcia, Region de;
1997;4;450.8;Libre;;Total CCAA;Murcia, Region de;
1998;4;489.3;Libre;;Total CCAA;Murcia, Region de;
1999;4;521.6;Libre;;Total CCAA;Murcia, Region de;
2000;4;596.1;Libre;;Total CCAA;Murcia, Region de;
2001;4;699.1;Libre;;Total CCAA;Murcia, Region de;
2002;4;837;Libre;;Total CCAA;Murcia, Region de;
2003;4;987.2;Libre;;Total CCAA;Murcia, Region de;
2004;4;1246.8;Libre;;Total CCAA;Murcia, Region de;
2005;4;1392;Libre;;Total CCAA;Murcia, Region de;
2006;4;1496.4;Libre;;Total CCAA;Murcia, Region de;
2007;4;1618.1;Libre;;Total CCAA;Murcia, Region de;
2008;4;1523.7;Libre;;Total CCAA;Murcia, Region de;
2009;4;1351.1;Libre;;Total CCAA;Murcia, Region de;
2010;4;1327.5;Libre;;Total CCAA;Murcia, Region de;
2011;4;1231;Libre;;Total CCAA;Murcia, Region de;
2012;4;1059.1;Libre;;Total CCAA;Murcia, Region de;
2013;4;1005.6;Libre;;Total CCAA;Murcia, Region de;
2014;4;997.6;Libre;;Total CCAA;Murcia, Region de;
2015;4;996.3;Libre;;Total CCAA;Murcia, Region de;
2016;4;970.3;Libre;;Total CCAA;Murcia, Region de;
2017;4;990.1;Libre;;Total CCAA;Murcia, Region de;
2018;4;976.9;Libre;;Total CCAA;Murcia, Region de;
2019;4;974;Libre;;Total CCAA;Murcia, Region de;
2020;4;977.6;Libre;;Total CCAA;Murcia, Region de;
2021;4;1027.1;Libre;;Total CCAA;Murcia, Region de;
2022;4;1025.6;Libre;;Total CCAA;Murcia, Region de;
2023;4;1095.4;Libre;;Total CCAA;Murcia, Region de;
2024;4;1132;Libre;;Total CCAA;Murcia, Region de;
2025;4;1264;Libre;;Total CCAA;Murcia, Region de;
1995;1;425.9;Libre;;Total CCAA;Murcia, Region de;
1996;1;424.7;Libre;;Total CCAA;Murcia, Region de;
1997;1;437.1;Libre;;Total CCAA;Murcia, Region de;
1998;1;464.4;Libre;;Total CCAA;Murcia, Region de;
1999;1;491.8;Libre;;Total CCAA;Murcia, Region de;
2000;1;546.4;Libre;;Total CCAA;Murcia, Region de;
2001;1;620.9;Libre;;Total CCAA;Murcia, Region de;
2002;1;715.3;Libre;;Total CCAA;Murcia, Region de;
2003;1;848.1;Libre;;Total CCAA;Murcia, Region de;
2004;1;1061.7;Libre;;Total CCAA;Murcia, Region de;
2005;1;1241.8;Libre;;Total CCAA;Murcia, Region de;
2006;1;1402;Libre;;Total CCAA;Murcia, Region de;
2007;1;1533.6;Libre;;Total CCAA;Murcia, Region de;
2008;1;1614.3;Libre;;Total CCAA;Murcia, Region de;
2009;1;1445.5;Libre;;Total CCAA;Murcia, Region de;
2010;1;1372.2;Libre;;Total CCAA;Murcia, Region de;
2011;1;1267.9;Libre;;Total CCAA;Murcia, Region de;
2012;1;1185.5;Libre;;Total CCAA;Murcia, Region de;
2013;1;1057;Libre;;Total CCAA;Murcia, Region de;
2014;1;993.9;Libre;;Total CCAA;Murcia, Region de;
2015;1;980.5;Libre;;Total CCAA;Murcia, Region de;
2016;1;988.8;Libre;;Total CCAA;Murcia, Region de;
2017;1;973.7;Libre;;Total CCAA;Murcia, Region de;
2018;1;990.5;Libre;;Total CCAA;Murcia, Region de;
2019;1;1003.1;Libre;;Total CCAA;Murcia, Region de;
2020;1;982.6;Libre;;Total CCAA;Murcia, Region de;
2021;1;981.1;Libre;;Total CCAA;Murcia, Region de;
2022;1;1044.9;Libre;;Total CCAA;Murcia, Region de;
2023;1;1048.6;Libre;;Total CCAA;Murcia, Region de;
2024;1;1101.7;Libre;;Total CCAA;Murcia, Region de;
2025;1;1173.3;Libre;;Total CCAA;Murcia, Region de;
2026;1;1330.2;Libre;;Total CCAA;Murcia, Region de;
1995;2;421;Libre;;Total CCAA;Murcia, Region de;
1996;2;428.4;Libre;;Total CCAA;Murcia, Region de;
1997;2;442.1;Libre;;Total CCAA;Murcia, Region de;
1998;2;470.6;Libre;;Total CCAA;Murcia, Region de;
1999;2;514.1;Libre;;Total CCAA;Murcia, Region de;
2000;2;565;Libre;;Total CCAA;Murcia, Region de;
2001;2;658.2;Libre;;Total CCAA;Murcia, Region de;
2002;2;752.5;Libre;;Total CCAA;Murcia, Region de;
2003;2;878;Libre;;Total CCAA;Murcia, Region de;
2004;2;1115.1;Libre;;Total CCAA;Murcia, Region de;
2005;2;1326.2;Libre;;Total CCAA;Murcia, Region de;
2006;2;1441.7;Libre;;Total CCAA;Murcia, Region de;
2007;2;1578.3;Libre;;Total CCAA;Murcia, Region de;
2008;2;1588.7;Libre;;Total CCAA;Murcia, Region de;
2009;2;1405;Libre;;Total CCAA;Murcia, Region de;
2010;2;1356;Libre;;Total CCAA;Murcia, Region de;
2011;2;1242.3;Libre;;Total CCAA;Murcia, Region de;
2012;2;1172.5;Libre;;Total CCAA;Murcia, Region de;
2013;2;1062.3;Libre;;Total CCAA;Murcia, Region de;
2014;2;1001.2;Libre;;Total CCAA;Murcia, Region de;
2015;2;987.9;Libre;;Total CCAA;Murcia, Region de;
2016;2;984.5;Libre;;Total CCAA;Murcia, Region de;
2017;2;971.4;Libre;;Total CCAA;Murcia, Region de;
2018;2;985.8;Libre;;Total CCAA;Murcia, Region de;
2019;2;997.4;Libre;;Total CCAA;Murcia, Region de;
2020;2;948.3;Libre;;Total CCAA;Murcia, Region de;
2021;2;1000;Libre;;Total CCAA;Murcia, Region de;
2022;2;1016.4;Libre;;Total CCAA;Murcia, Region de;
2023;2;1030.9;Libre;;Total CCAA;Murcia, Region de;
2024;2;1098.5;Libre;;Total CCAA;Murcia, Region de;
2025;2;1185;Libre;;Total CCAA;Murcia, Region de;
2026;2;1350.1;Libre;;Total CCAA;Murcia, Region de;
2005;3;931.8;Protegida;;Total CCAA;Total nacional;
2006;3;1000.2;Protegida;;Total CCAA;Total nacional;
2007;3;1053.6;Protegida;;Total CCAA;Total nacional;
2008;3;1123.4;Protegida;;Total CCAA;Total nacional;
2009;3;1114.3;Protegida;;Total CCAA;Total nacional;
2010;3;1148.4;Protegida;;Total CCAA;Total nacional;
2011;3;1158.1;Protegida;;Total CCAA;Total nacional;
2012;3;1141.7;Protegida;;Total CCAA;Total nacional;
2013;3;1113.8;Protegida;;Total CCAA;Total nacional;
2014;3;1097.5;Protegida;;Total CCAA;Total nacional;
2015;3;1096.5;Protegida;;Total CCAA;Total nacional;
2016;3;1108.3;Protegida;;Total CCAA;Total nacional;
2017;3;1130.8;Protegida;;Total CCAA;Total nacional;
2018;3;1127.3;Protegida;;Total CCAA;Total nacional;
2019;3;1123.9;Protegida;;Total CCAA;Total nacional;
2020;3;1135.4;Protegida;;Total CCAA;Total nacional;
2021;3;1145.9;Protegida;;Total CCAA;Total nacional;
2022;3;1136;Protegida;;Total CCAA;Total nacional;
2023;3;1164.6;Protegida;;Total CCAA;Total nacional;
2024;3;1167.8;Protegida;;Total CCAA;Total nacional;
2025;3;1195.7;Protegida;;Total CCAA;Total nacional;
2005;4;945;Protegida;;Total CCAA;Total nacional;
2006;4;1015.7;Protegida;;Total CCAA;Total nacional;
2007;4;1071.1;Protegida;;Total CCAA;Total nacional;
2008;4;1131.6;Protegida;;Total CCAA;Total nacional;
2009;4;1124.3;Protegida;;Total CCAA;Total nacional;
2010;4;1163.5;Protegida;;Total CCAA;Total nacional;
2011;4;1158.2;Protegida;;Total CCAA;Total nacional;
2012;4;1129.3;Protegida;;Total CCAA;Total nacional;
2013;4;1102.9;Protegida;;Total CCAA;Total nacional;
2014;4;1099.9;Protegida;;Total CCAA;Total nacional;
2015;4;1095.6;Protegida;;Total CCAA;Total nacional;
2016;4;1124.3;Protegida;;Total CCAA;Total nacional;
2017;4;1128.3;Protegida;;Total CCAA;Total nacional;
2018;4;1127.1;Protegida;;Total CCAA;Total nacional;
2019;4;1129;Protegida;;Total CCAA;Total nacional;
2020;4;1134.9;Protegida;;Total CCAA;Total nacional;
2021;4;1144.8;Protegida;;Total CCAA;Total nacional;
2022;4;1158.1;Protegida;;Total CCAA;Total nacional;
2023;4;1166.8;Protegida;;Total CCAA;Total nacional;
2024;4;1169.4;Protegida;;Total CCAA;Total nacional;
2025;4;1201.1;Protegida;;Total CCAA;Total nacional;
2005;1;912.6;Protegida;;Total CCAA;Total nacional;
2006;1;977.4;Protegida;;Total CCAA;Total nacional;
2007;1;1020.3;Protegida;;Total CCAA;Total nacional;
2008;1;1100;Protegida;;Total CCAA;Total nacional;
2009;1;1112.5;Protegida;;Total CCAA;Total nacional;
2010;1;1133.4;Protegida;;Total CCAA;Total nacional;
2011;1;1164.9;Protegida;;Total CCAA;Total nacional;
2012;1;1150.8;Protegida;;Total CCAA;Total nacional;
2013;1;1120.9;Protegida;;Total CCAA;Total nacional;
2014;1;1098;Protegida;;Total CCAA;Total nacional;
2015;1;1095.4;Protegida;;Total CCAA;Total nacional;
2016;1;1112.2;Protegida;;Total CCAA;Total nacional;
2017;1;1133.5;Protegida;;Total CCAA;Total nacional;
2018;1;1129.3;Protegida;;Total CCAA;Total nacional;
2019;1;1125.8;Protegida;;Total CCAA;Total nacional;
2020;1;1130.8;Protegida;;Total CCAA;Total nacional;
2021;1;1137.8;Protegida;;Total CCAA;Total nacional;
2022;1;1142;Protegida;;Total CCAA;Total nacional;
2023;1;1163.7;Protegida;;Total CCAA;Total nacional;
2024;1;1167.6;Protegida;;Total CCAA;Total nacional;
2025;1;1170.2;Protegida;;Total CCAA;Total nacional;
2026;1;1222.3;Protegida;;Total CCAA;Total nacional;
2005;2;916.2;Protegida;;Total CCAA;Total nacional;
2006;2;995.6;Protegida;;Total CCAA;Total nacional;
2007;2;1035.8;Protegida;;Total CCAA;Total nacional;
2008;2;1112.5;Protegida;;Total CCAA;Total nacional;
2009;2;1096.9;Protegida;;Total CCAA;Total nacional;
2010;2;1141.4;Protegida;;Total CCAA;Total nacional;
2011;2;1161.7;Protegida;;Total CCAA;Total nacional;
2012;2;1157.1;Protegida;;Total CCAA;Total nacional;
2013;2;1118.2;Protegida;;Total CCAA;Total nacional;
2014;2;1098.7;Protegida;;Total CCAA;Total nacional;
2015;2;1094.6;Protegida;;Total CCAA;Total nacional;
2016;2;1107.8;Protegida;;Total CCAA;Total nacional;
2017;2;1134.2;Protegida;;Total CCAA;Total nacional;
2018;2;1130;Protegida;;Total CCAA;Total nacional;
2019;2;1124.2;Protegida;;Total CCAA;Total nacional;
2020;2;1134.8;Protegida;;Total CCAA;Total nacional;
2021;2;1143;Protegida;;Total CCAA;Total nacional;
2022;2;1151.9;Protegida;;Total CCAA;Total nacional;
2023;2;1164.8;Protegida;;Total CCAA;Total nacional;
2024;2;1169.4;Protegida;;Total CCAA;Total nacional;
2025;2;1188;Protegida;;Total CCAA;Total nacional;
2026;2;1247;Protegida;;Total CCAA;Total nacional;
1995;3;682.6;Libre;;Total CCAA;Total nacional;
1996;3;691;Libre;;Total CCAA;Total nacional;
1997;3;726.4;Libre;;Total CCAA;Total nacional;
1998;3;777;Libre;;Total CCAA;Total nacional;
1999;3;827.5;Libre;;Total CCAA;Total nacional;
2000;3;891.6;Libre;;Total CCAA;Total nacional;
2001;3;982.6;Libre;;Total CCAA;Total nacional;
2002;3;1142.7;Libre;;Total CCAA;Total nacional;
2003;3;1344.9;Libre;;Total CCAA;Total nacional;
2004;3;1570.8;Libre;;Total CCAA;Total nacional;
2005;3;1781.5;Libre;;Total CCAA;Total nacional;
2006;3;1956.7;Libre;;Total CCAA;Total nacional;
2007;3;2061.2;Libre;;Total CCAA;Total nacional;
2008;3;2068.7;Libre;;Total CCAA;Total nacional;
2009;3;1896.8;Libre;;Total CCAA;Total nacional;
2010;3;1832;Libre;;Total CCAA;Total nacional;
2011;3;1729.3;Libre;;Total CCAA;Total nacional;
2012;3;1565.6;Libre;;Total CCAA;Total nacional;
2013;3;1495.3;Libre;;Total CCAA;Total nacional;
2014;3;1455.8;Libre;;Total CCAA;Total nacional;
2015;3;1476;Libre;;Total CCAA;Total nacional;
2016;3;1499.7;Libre;;Total CCAA;Total nacional;
2017;3;1540;Libre;;Total CCAA;Total nacional;
2018;3;1589.5;Libre;;Total CCAA;Total nacional;
2019;3;1638.3;Libre;;Total CCAA;Total nacional;
2020;3;1619.6;Libre;;Total CCAA;Total nacional;
2021;3;1661.6;Libre;;Total CCAA;Total nacional;
2022;3;1740;Libre;;Total CCAA;Total nacional;
2023;3;1812.4;Libre;;Total CCAA;Total nacional;
2024;3;1921;Libre;;Total CCAA;Total nacional;
2025;3;2153.4;Libre;;Total CCAA;Total nacional;
1995;4;692.7;Libre;;Total CCAA;Total nacional;
1996;4;694.4;Libre;;Total CCAA;Total nacional;
1997;4;702.8;Libre;;Total CCAA;Total nacional;
1998;4;756.7;Libre;;Total CCAA;Total nacional;
1999;4;829.2;Libre;;Total CCAA;Total nacional;
2000;4;893.3;Libre;;Total CCAA;Total nacional;
2001;4;992.7;Libre;;Total CCAA;Total nacional;
2002;4;1164.6;Libre;;Total CCAA;Total nacional;
2003;4;1380.3;Libre;;Total CCAA;Total nacional;
2004;4;1618;Libre;;Total CCAA;Total nacional;
2005;4;1824.3;Libre;;Total CCAA;Total nacional;
2006;4;1990.5;Libre;;Total CCAA;Total nacional;
2007;4;2085.5;Libre;;Total CCAA;Total nacional;
2008;4;2018.5;Libre;;Total CCAA;Total nacional;
2009;4;1892.3;Libre;;Total CCAA;Total nacional;
2010;4;1825.5;Libre;;Total CCAA;Total nacional;
2011;4;1701.8;Libre;;Total CCAA;Total nacional;
2012;4;1531.2;Libre;;Total CCAA;Total nacional;
2013;4;1466.9;Libre;;Total CCAA;Total nacional;
2014;4;1463.1;Libre;;Total CCAA;Total nacional;
2015;4;1490.1;Libre;;Total CCAA;Total nacional;
2016;4;1512;Libre;;Total CCAA;Total nacional;
2017;4;1558.7;Libre;;Total CCAA;Total nacional;
2018;4;1618.8;Libre;;Total CCAA;Total nacional;
2019;4;1652.8;Libre;;Total CCAA;Total nacional;
2020;4;1622.3;Libre;;Total CCAA;Total nacional;
2021;4;1694.1;Libre;;Total CCAA;Total nacional;
2022;4;1749.2;Libre;;Total CCAA;Total nacional;
2023;4;1842.3;Libre;;Total CCAA;Total nacional;
2024;4;1972.1;Libre;;Total CCAA;Total nacional;
2025;4;2230;Libre;;Total CCAA;Total nacional;
1995;1;670.8;Libre;;Total CCAA;Total nacional;
1996;1;686;Libre;;Total CCAA;Total nacional;
1997;1;691;Libre;;Total CCAA;Total nacional;
1998;1;716.3;Libre;;Total CCAA;Total nacional;
1999;1;780.3;Libre;;Total CCAA;Total nacional;
2000;1;856.2;Libre;;Total CCAA;Total nacional;
2001;1;930.3;Libre;;Total CCAA;Total nacional;
2002;1;1051.7;Libre;;Total CCAA;Total nacional;
2003;1;1230.3;Libre;;Total CCAA;Total nacional;
2004;1;1456.2;Libre;;Total CCAA;Total nacional;
2005;1;1685.4;Libre;;Total CCAA;Total nacional;
2006;1;1887.6;Libre;;Total CCAA;Total nacional;
2007;1;2024.2;Libre;;Total CCAA;Total nacional;
2008;1;2101.4;Libre;;Total CCAA;Total nacional;
2009;1;1958.1;Libre;;Total CCAA;Total nacional;
2010;1;1865.7;Libre;;Total CCAA;Total nacional;
2011;1;1777.6;Libre;;Total CCAA;Total nacional;
2012;1;1649.3;Libre;;Total CCAA;Total nacional;
2013;1;1516.4;Libre;;Total CCAA;Total nacional;
2014;1;1459.4;Libre;;Total CCAA;Total nacional;
2015;1;1457.9;Libre;;Total CCAA;Total nacional;
2016;1;1492.4;Libre;;Total CCAA;Total nacional;
2017;1;1525.8;Libre;;Total CCAA;Total nacional;
2018;1;1566.6;Libre;;Total CCAA;Total nacional;
2019;1;1636.3;Libre;;Total CCAA;Total nacional;
2020;1;1640.4;Libre;;Total CCAA;Total nacional;
2021;1;1625.4;Libre;;Total CCAA;Total nacional;
2022;1;1734;Libre;;Total CCAA;Total nacional;
2023;1;1788.4;Libre;;Total CCAA;Total nacional;
2024;1;1865.8;Libre;;Total CCAA;Total nacional;
2025;1;2033.4;Libre;;Total CCAA;Total nacional;
2026;1;2315.7;Libre;;Total CCAA;Total nacional;
1995;2;686;Libre;;Total CCAA;Total nacional;
1996;2;697.8;Libre;;Total CCAA;Total nacional;
1997;2;726.4;Libre;;Total CCAA;Total nacional;
1998;2;761.8;Libre;;Total CCAA;Total nacional;
1999;2;805.6;Libre;;Total CCAA;Total nacional;
2000;2;879.8;Libre;;Total CCAA;Total nacional;
2001;2;962.4;Libre;;Total CCAA;Total nacional;
2002;2;1117.4;Libre;;Total CCAA;Total nacional;
2003;2;1309.6;Libre;;Total CCAA;Total nacional;
2004;2;1538.8;Libre;;Total CCAA;Total nacional;
2005;2;1752.8;Libre;;Total CCAA;Total nacional;
2006;2;1942.3;Libre;;Total CCAA;Total nacional;
2007;2;2054.5;Libre;;Total CCAA;Total nacional;
2008;2;2095.7;Libre;;Total CCAA;Total nacional;
2009;2;1920.9;Libre;;Total CCAA;Total nacional;
2010;2;1848.9;Libre;;Total CCAA;Total nacional;
2011;2;1752.1;Libre;;Total CCAA;Total nacional;
2012;2;1606.4;Libre;;Total CCAA;Total nacional;
2013;2;1502.8;Libre;;Total CCAA;Total nacional;
2014;2;1459.3;Libre;;Total CCAA;Total nacional;
2015;2;1476.8;Libre;;Total CCAA;Total nacional;
2016;2;1506.4;Libre;;Total CCAA;Total nacional;
2017;2;1530;Libre;;Total CCAA;Total nacional;
2018;2;1587.9;Libre;;Total CCAA;Total nacional;
2019;2;1637.4;Libre;;Total CCAA;Total nacional;
2020;2;1610.1;Libre;;Total CCAA;Total nacional;
2021;2;1649.2;Libre;;Total CCAA;Total nacional;
2022;2;1740.7;Libre;;Total CCAA;Total nacional;
2023;2;1793.2;Libre;;Total CCAA;Total nacional;
2024;2;1895.6;Libre;;Total CCAA;Total nacional;
2025;2;2093.5;Libre;;Total CCAA;Total nacional;
2026;2;2355;Libre;;Total CCAA;Total nacional;